region,category_le,mode_le,powertrain_oe,param_EV sales,param_EV sales share,param_EV stock,param_EV stock share,unit_Vehicles,unit_percent,value_scaled,year_scaled
Australia,0,1,3.0,0,0,0,1,0,1,-0.09247786799980515,-1.793541550286219
Australia,0,1,0.0,0,1,0,0,0,1,-0.09247785791937073,-1.793541550286219
Australia,0,1,0.0,1,0,0,0,1,0,-0.09239702719056982,-1.793541550286219
Australia,0,1,0.0,0,0,1,0,1,0,-0.09239702719056982,-1.793541550286219
Australia,0,1,0.0,0,0,1,0,1,0,-0.09211490701901655,-1.5240589163552876
Australia,0,1,0.0,1,0,0,0,1,0,-0.09219739829724849,-1.5240589163552876
Australia,0,1,3.0,0,1,0,0,0,1,-0.09247645804234789,-1.5240589163552876
Australia,0,1,3.0,0,0,0,1,0,1,-0.09247786468365558,-1.5240589163552876
Australia,0,1,0.0,0,0,1,0,1,0,-0.092345882598066,-1.5240589163552876
Australia,0,1,1.0,1,0,0,0,1,0,-0.092345882598066,-1.5240589163552876
Australia,0,1,1.0,1,0,0,0,1,0,-0.09176844365044234,-1.254576282424356
Australia,0,1,1.0,0,0,1,0,1,0,-0.0921809000416021,-1.254576282424356
Australia,0,1,3.0,0,0,0,1,0,1,-0.09247786105403936,-1.254576282424356
Australia,0,1,3.0,0,1,0,0,0,1,-0.09247781254916487,-1.254576282424356
Australia,0,1,0.0,1,0,0,0,1,0,-0.09216440178595571,-1.254576282424356
Australia,0,1,0.0,0,0,1,0,1,0,-0.09180144016173514,-1.254576282424356
Australia,0,1,0.0,0,0,1,0,1,0,-0.0911910047028187,-0.9850936484934245
Australia,0,1,0.0,1,0,0,0,1,0,-0.0918674331843207,-0.9850936484934245
Australia,0,1,3.0,0,1,0,0,0,1,-0.09247760467115268,-0.9850936484934245
Australia,0,1,3.0,0,0,0,1,0,1,-0.0924778455456785,-0.9850936484934245
Australia,0,1,1.0,0,0,1,0,1,0,-0.09066306052213421,-0.9850936484934245
Australia,0,1,1.0,1,0,0,0,1,0,-0.09091053435683007,-0.9850936484934245
Australia,0,1,1.0,1,0,0,0,1,0,-0.09082804307859811,-0.715611014562493
Australia,0,1,1.0,0,0,1,0,1,0,-0.0890132349574952,-0.715611014562493
Australia,0,1,3.0,0,0,0,1,0,1,-0.09247782409794572,-0.715611014562493
Australia,0,1,3.0,0,1,0,0,0,1,-0.09247753867811928,-0.715611014562493
Australia,0,1,0.0,1,0,0,0,1,0,-0.09122400121411148,-0.715611014562493
Australia,0,1,0.0,0,0,1,0,1,0,-0.09000313029627861,-0.715611014562493
Australia,0,1,0.0,0,0,1,0,1,0,-0.08884825240103131,-0.44612838063156146
Australia,0,1,0.0,1,0,0,0,1,0,-0.09176844365044234,-0.44612838063156146
Australia,0,1,3.0,0,1,0,0,0,1,-0.0924776211693926,-0.44612838063156146
Australia,0,1,3.0,0,0,0,1,0,1,-0.09247780759969045,-0.44612838063156146
Australia,0,1,1.0,0,0,1,0,1,0,-0.0911992538306419,-0.44612838063156146
Australia,0,1,0.0,1,0,0,0,1,0,-0.09132299074798982,-0.44612838063156146
Australia,0,1,1.0,1,0,0,0,1,0,-0.09066306052213421,-0.17664574670062994
Australia,0,1,1.0,0,0,1,0,1,0,-0.08604354894114499,-0.17664574670062994
Australia,0,1,3.0,0,0,0,1,0,1,-0.092477782852306,-0.17664574670062994
Australia,0,1,3.0,0,1,0,0,0,1,-0.09247645804234789,-0.17664574670062994
Australia,0,1,0.0,1,0,0,0,1,0,-0.09049807796567032,-0.17664574670062994
Australia,0,1,0.0,0,0,1,0,1,0,-0.0868684617234645,-0.17664574670062994
Australia,0,1,0.0,0,0,1,0,1,0,-0.08389877570711429,0.09283688723030159
Australia,0,1,0.0,1,0,0,0,1,0,-0.08950818262688691,0.09283688723030159
Australia,0,1,3.0,0,1,0,0,0,1,-0.09247645804234789,0.09283688723030159
Australia,0,1,3.0,0,0,0,1,0,1,-0.09247774160666933,0.09283688723030159
Australia,0,1,1.0,0,0,1,0,1,0,-0.08307386292479478,0.09283688723030159
Australia,0,1,1.0,1,0,0,0,1,0,-0.08950818262688691,0.09283688723030159
Australia,0,1,1.0,1,0,0,0,1,0,-0.087693374505784,0.3623195211612331
Australia,0,1,1.0,0,0,1,0,1,0,-0.07828936878734166,0.3623195211612331
Australia,0,1,3.0,0,0,0,1,0,1,-0.0924776376676571,0.3623195211612331
Australia,0,1,3.0,0,1,0,0,0,1,-0.09247588885248088,0.3623195211612331
Australia,0,1,0.0,1,0,0,0,1,0,-0.08208396758601139,0.3623195211612331
Australia,0,1,0.0,0,0,1,0,1,0,-0.07267996186756905,0.3623195211612331
Australia,0,1,0.0,0,0,1,0,1,0,-0.06443083404437401,0.6318021550921646
Australia,0,1,0.0,1,0,0,0,1,0,-0.08389877570711429,0.6318021550921646
Australia,0,1,0.0,0,1,0,0,0,1,-0.09247605383507669,0.6318021550921646
Australia,0,1,3.0,0,0,0,1,0,1,-0.09247757167462368,0.6318021550921646
Australia,0,1,1.0,0,0,1,0,1,0,-0.0911992538306419,0.6318021550921646
Australia,0,1,1.0,1,0,0,0,1,0,-0.0896731651833508,0.6318021550921646
Australia,0,1,1.0,1,0,0,0,1,0,-0.09176844365044234,0.9012847890230962
Australia,0,1,1.0,0,0,1,0,1,0,-0.06938031073829103,0.9012847890230962
Australia,0,1,2.0,0,0,1,0,1,0,-0.092405276318393,0.9012847890230962
Australia,0,1,3.0,0,0,0,1,0,1,-0.09247734069906824,0.9012847890230962
Australia,0,1,3.0,0,1,0,0,0,1,-0.09247324913173481,0.9012847890230962
Australia,0,1,0.0,1,0,0,0,1,0,-0.06443083404437401,0.9012847890230962
Australia,0,1,0.0,0,0,1,0,1,0,-0.0363837994455109,0.9012847890230962
Australia,0,1,0.0,1,0,0,0,1,0,-0.092405276318393,0.9012847890230962
Australia,0,1,0.0,1,0,0,0,1,0,-0.09245312125976754,1.1707674229540277
Australia,0,1,0.0,0,0,1,0,1,0,0.018060444187576317,1.1707674229540277
Australia,0,1,0.0,1,0,0,0,1,0,-0.09176844365044234,1.1707674229540277
Australia,0,1,3.0,0,1,0,0,0,1,-0.0924694545330148,1.1707674229540277
Australia,0,1,2.0,0,0,1,0,1,0,-0.09231288608677322,1.1707674229540277
Australia,0,1,1.0,0,0,1,0,1,0,-0.057831531785817986,1.1707674229540277
Australia,0,1,1.0,1,0,0,0,1,0,-0.09176844365044234,1.1707674229540277
Australia,0,1,3.0,0,0,0,1,0,1,-0.09247689524619726,1.1707674229540277
Australia,0,1,3.0,0,0,0,1,0,1,-0.09247588885248088,1.4402500568849592
Australia,0,1,1.0,1,0,0,0,1,0,-0.07432978743220806,1.4402500568849592
Australia,0,1,1.0,0,0,1,0,1,0,-0.041333276139427916,1.4402500568849592
Australia,0,1,2.0,0,0,1,0,1,0,-0.0911992538306419,0.09283688723030159
Australia,0,1,3.0,0,1,0,0,0,1,-0.09245807073646145,1.4402500568849592
Australia,0,1,0.0,1,0,0,0,1,0,-0.09176844365044234,1.4402500568849592
Australia,0,1,0.0,0,0,1,0,1,0,0.15499596605261387,1.4402500568849592
Australia,0,1,2.0,1,0,0,0,1,0,-0.09246796968984929,1.4402500568849592
Austria,0,1,0.0,0,0,1,0,1,0,-0.09190042969561348,-2.063024184217151
Austria,0,1,3.0,0,0,0,1,0,1,-0.09247758817288819,-2.063024184217151
Austria,0,1,3.0,0,0,0,1,0,1,-0.09247783234707489,-1.793541550286219
Austria,0,1,0.0,0,0,1,0,1,0,-0.09084454133424451,-1.793541550286219
Austria,0,1,0.0,0,0,1,0,1,0,-0.09016811285274251,-1.5240589163552876
Austria,0,1,1.0,0,0,1,0,1,0,-0.09224689306418767,-1.5240589163552876
Austria,0,1,3.0,0,0,0,1,0,1,-0.09247781419899379,-1.5240589163552876
Austria,0,1,3.0,0,0,0,1,0,1,-0.09247778120248323,-1.254576282424356
Austria,0,1,3.0,0,1,0,0,0,1,-0.09247645804234789,-1.254576282424356
Austria,0,1,1.0,0,0,1,0,1,0,-0.09180144016173514,-1.254576282424356
Austria,0,1,0.0,0,0,1,0,1,0,-0.0890132349574952,-1.254576282424356
Austria,0,1,0.0,1,0,0,0,1,0,-0.09140548202622177,-1.254576282424356
Austria,0,1,0.0,1,0,0,0,1,0,-0.0896731651833508,-0.9850936484934245
Austria,0,1,0.0,0,0,1,0,1,0,-0.0868684617234645,-0.9850936484934245
Austria,0,1,2.0,1,0,0,0,1,0,-0.09246796968984929,-0.9850936484934245
Austria,0,1,2.0,0,0,1,0,1,0,-0.09247291916654321,-0.9850936484934245
Austria,0,1,1.0,0,0,1,0,1,0,-0.0911992538306419,-0.9850936484934245
Austria,0,1,3.0,0,1,0,0,0,1,-0.09247645804234789,-0.9850936484934245
Austria,0,1,3.0,0,0,0,1,0,1,-0.09247758817288819,-0.9850936484934245
Austria,0,1,3.0,0,0,0,1,0,1,-0.0924776376676571,-0.715611014562493
Austria,0,1,3.0,0,1,0,0,0,1,-0.09247638380026828,-0.715611014562493
Austria,0,1,0.0,0,0,1,0,1,0,-0.09000313029627861,-0.715611014562493
Austria,0,1,2.0,0,0,1,0,1,0,-0.09246796968984929,-0.715611014562493
Austria,0,1,2.0,1,0,0,0,1,0,-0.09247126934097857,-0.715611014562493
Austria,0,1,1.0,1,0,0,0,1,0,-0.09066306052213421,-0.715611014562493
Austria,0,1,0.0,0,0,1,0,1,0,-0.08422874082004209,-0.715611014562493
Austria,0,1,0.0,1,0,0,0,1,0,-0.0896731651833508,-0.715611014562493
Austria,0,1,0.0,1,0,0,0,1,0,-0.09176844365044234,-0.44612838063156146
Austria,0,1,0.0,0,0,1,0,1,0,-0.07746445600502216,-0.44612838063156146
Austria,0,1,1.0,1,0,0,0,1,0,-0.09049807796567032,-0.44612838063156146
Austria,0,1,2.0,0,0,1,0,1,0,-0.09245642091089681,-0.44612838063156146
Austria,0,1,1.0,0,0,1,0,1,0,-0.08868326984456741,-0.44612838063156146
Austria,0,1,0.0,0,1,0,0,0,1,-0.09247539390489017,-0.44612838063156146
Austria,0,1,3.0,0,0,0,1,0,1,-0.09247747268511046,-0.44612838063156146
Austria,0,1,3.0,0,0,0,1,0,1,-0.09247724170953042,-0.17664574670062994
Austria,0,1,0.0,0,1,0,0,0,1,-0.09247456899210785,-0.17664574670062994
Austria,0,1,1.0,0,0,1,0,1,0,-0.08604354894114499,-0.17664574670062994
Austria,0,1,2.0,0,0,1,0,1,0,-0.09244652195750898,-0.17664574670062994
Austria,0,1,2.0,1,0,0,0,1,0,-0.09247456899210785,-0.17664574670062994
Austria,0,1,1.0,1,0,0,0,1,0,-0.0896731651833508,-0.17664574670062994
Austria,0,1,0.0,0,0,1,0,1,0,-0.06773048517365203,-0.17664574670062994
Austria,0,1,0.0,1,0,0,0,1,0,-0.09176844365044234,-0.17664574670062994
Austria,0,1,0.0,1,0,0,0,1,0,-0.08125905480369187,0.09283688723030159
Austria,0,1,0.0,0,0,1,0,1,0,-0.057831531785817986,0.09283688723030159
Austria,0,1,1.0,1,0,0,0,1,0,-0.08868326984456741,0.09283688723030159
Austria,0,1,2.0,1,0,0,0,1,0,-0.09246631986428465,0.09283688723030159
Austria,0,1,2.0,0,0,1,0,1,0,-0.0911992538306419,0.09283688723030159
Austria,0,1,1.0,0,0,1,0,1,0,-0.08307386292479478,0.09283688723030159
Austria,0,1,3.0,0,1,0,0,0,1,-0.0924735790969264,0.09283688723030159
Austria,0,1,3.0,0,0,0,1,0,1,-0.09247699423573506,0.09283688723030159
Austria,0,1,3.0,0,0,0,1,0,1,-0.09247758817288819,0.3623195211612331
Austria,0,1,3.0,0,1,0,0,0,1,-0.09247209425376089,0.3623195211612331
Austria,0,1,1.0,0,0,1,0,1,0,-0.07927926412612507,0.3623195211612331
Austria,0,1,2.0,0,0,1,0,1,0,-0.09241022579508693,0.3623195211612331
Austria,0,1,2.0,1,0,0,0,1,0,-0.09244652195750898,0.3623195211612331
Austria,0,1,0.0,0,0,1,0,1,0,-0.042983101704066926,0.3623195211612331
Austria,0,1,0.0,1,0,0,0,1,0,-0.07713449089209436,0.3623195211612331
Austria,0,1,1.0,1,0,0,0,1,0,-0.08884825240103131,0.3623195211612331
Austria,0,1,1.0,1,0,0,0,1,0,-0.07993919435198067,0.6318021550921646
Austria,0,1,0.0,1,0,0,0,1,0,-0.06608065960901302,0.6318021550921646
Austria,0,1,0.0,0,0,1,0,1,0,-0.018235718234481828,0.6318021550921646
Austria,0,1,2.0,1,0,0,0,1,0,-0.09245477108533218,0.6318021550921646
Austria,0,1,2.0,0,0,1,0,1,0,-0.09240362649282836,0.6318021550921646
Austria,0,1,1.0,0,0,1,0,1,0,-0.0911992538306419,0.6318021550921646
Austria,0,1,3.0,0,1,0,0,0,1,-0.09246219530037306,0.6318021550921646
Austria,0,1,3.0,0,0,0,1,0,1,-0.09247588885248088,0.6318021550921646
Austria,0,1,3.0,0,0,0,1,0,1,-0.09247758817288819,0.9012847890230962
Austria,0,1,3.0,0,1,0,0,0,1,-0.09244487213194434,0.9012847890230962
Austria,0,1,1.0,0,0,1,0,1,0,-0.044632927268705935,0.9012847890230962
Austria,0,1,0.0,0,0,1,0,1,0,-0.09238712823718198,0.9012847890230962
Austria,0,1,2.0,1,0,0,0,1,0,-0.09245477108533218,0.9012847890230962
Austria,0,1,0.0,0,0,1,0,1,0,0.03455869983396639,0.09283688723030159
Austria,0,1,0.0,1,0,0,0,1,0,-0.0380336250101499,0.9012847890230962
Austria,0,1,1.0,1,0,0,0,1,0,-0.06773048517365203,0.9012847890230962
Austria,0,1,0.0,1,0,0,0,1,0,-0.07103013630293004,1.1707674229540277
Austria,0,1,0.0,1,0,0,0,1,0,-0.0363837994455109,1.1707674229540277
Austria,0,1,0.0,0,0,1,0,1,0,0.0890029434670536,1.1707674229540277
Austria,0,1,0.0,1,0,0,0,1,0,-0.09245477108533218,1.1707674229540277
Austria,0,1,2.0,0,0,1,0,1,0,-0.09237557945822951,1.1707674229540277
Austria,0,1,1.0,0,0,1,0,1,0,-0.023185194928398847,1.1707674229540277
Austria,0,1,3.0,0,1,0,0,0,1,-0.09244157248081507,1.1707674229540277
Austria,0,1,3.0,0,0,0,1,0,1,-0.09247291916654321,1.1707674229540277
Austria,0,1,3.0,0,0,0,1,0,1,-0.09247758817288819,1.4402500568849592
Austria,0,1,3.0,0,1,0,0,0,1,-0.0924349731785565,1.4402500568849592
Austria,0,1,1.0,0,0,1,0,1,0,0.00816149079974228,1.4402500568849592
Austria,0,1,2.0,0,0,1,0,1,0,-0.09233103416798426,1.4402500568849592
Austria,0,1,2.0,1,0,0,0,1,0,-0.09176844365044234,1.4402500568849592
Austria,0,1,0.0,0,0,1,0,1,0,0.17149422169900394,1.4402500568849592
Austria,0,1,0.0,1,0,0,0,1,0,-0.013286241540564807,1.4402500568849592
Austria,0,1,1.0,1,0,0,0,1,0,-0.09176844365044234,1.4402500568849592
Belgium,0,0,0.0,0,0,1,0,1,0,-0.09247291916654321,-2.063024184217151
Belgium,0,2,0.0,1,0,0,0,1,0,-0.09246631986428465,-2.063024184217151
Belgium,0,2,0.0,0,0,1,0,1,0,-0.09237557945822951,-2.063024184217151
Belgium,0,1,0.0,1,0,0,0,1,0,-0.09239867701613445,-2.063024184217151
Belgium,0,1,0.0,0,0,1,0,1,0,-0.09237722928379415,-2.063024184217151
Belgium,0,1,1.0,1,0,0,0,1,0,-0.09246467003872001,-2.063024184217151
Belgium,0,1,3.0,0,1,0,0,0,1,-0.09247785214498185,-2.063024184217151
Belgium,0,1,0.0,0,0,1,0,1,0,-0.09247621881767248,-2.063024184217151
Belgium,0,1,1.0,0,0,1,0,1,0,-0.09246302021315538,-2.063024184217151
Belgium,0,0,3.0,0,0,0,1,0,1,-0.09247758817288819,-2.063024184217151
Belgium,0,2,3.0,0,1,0,0,0,1,-0.09247784719550434,-2.063024184217151
Belgium,0,2,3.0,0,0,0,1,0,1,-0.09247785049515601,-2.063024184217151
Belgium,0,1,3.0,0,0,0,1,0,1,-0.09247786649846389,-2.063024184217151
Belgium,0,1,3.0,0,0,0,1,0,1,-0.09247785791937073,-1.793541550286219
Belgium,0,2,3.0,0,0,0,1,0,1,-0.09247784719550434,-1.793541550286219
Belgium,0,2,3.0,0,1,0,0,0,1,-0.09247780430003877,-1.793541550286219
Belgium,0,0,3.0,0,0,0,1,0,1,-0.0924778372965524,-1.793541550286219
Belgium,0,1,1.0,0,0,1,0,1,0,-0.0924349731785565,-1.793541550286219
Belgium,0,1,2.0,0,0,1,0,1,0,-0.0911992538306419,-1.793541550286219
Belgium,0,1,3.0,0,1,0,0,0,1,-0.092477782852306,0.09283688723030159
Belgium,0,1,1.0,1,0,0,0,1,0,-0.0924514714342029,-1.793541550286219
Belgium,0,1,0.0,0,0,1,0,1,0,-0.09194992446255264,-1.793541550286219
Belgium,0,1,0.0,1,0,0,0,1,0,-0.0920159174851382,-1.793541550286219
Belgium,0,2,0.0,0,0,1,0,1,0,-0.09234753242363064,-1.793541550286219
Belgium,0,2,0.0,1,0,0,0,1,0,-0.09243662300412114,-1.793541550286219
Belgium,0,0,3.0,0,0,1,0,1,0,-0.09247291916654321,-1.793541550286219
Belgium,0,0,0.0,0,0,1,0,1,0,-0.09247291916654321,-1.5240589163552876
Belgium,0,2,0.0,1,0,0,0,1,0,-0.09204891399643098,-1.5240589163552876
Belgium,0,2,0.0,0,0,1,0,1,0,-0.09193342620690625,-1.5240589163552876
Belgium,0,1,0.0,1,0,0,0,1,0,-0.09176844365044234,-1.5240589163552876
Belgium,0,1,0.0,0,0,1,0,1,0,-0.09110851342458674,-1.5240589163552876
Belgium,0,1,0.0,1,0,0,0,1,0,-0.09191692795125986,-1.5240589163552876
Belgium,0,1,3.0,0,1,0,0,0,1,-0.09247755517638377,-1.5240589163552876
Belgium,0,1,2.0,0,0,1,0,1,0,-0.0911992538306419,-1.5240589163552876
Belgium,0,1,1.0,0,0,1,0,1,0,-0.0911992538306419,-1.5240589163552876
Belgium,0,0,3.0,0,0,0,1,0,1,-0.0924778372965524,-1.5240589163552876
Belgium,0,2,3.0,0,1,0,0,0,1,-0.09247645804234789,-1.5240589163552876
Belgium,0,2,3.0,0,0,0,1,0,1,-0.09247778120248323,-1.5240589163552876
Belgium,0,1,3.0,0,0,0,1,0,1,-0.09247783234707489,-1.5240589163552876
Belgium,0,1,3.0,0,0,0,1,0,1,-0.09247781419899379,-1.254576282424356
Belgium,0,2,3.0,0,0,0,1,0,1,-0.09247775810492154,-1.254576282424356
Belgium,0,2,3.0,0,1,0,0,0,1,-0.09247755517638377,-1.254576282424356
Belgium,0,0,3.0,0,0,0,1,0,1,-0.0924778372965524,-1.254576282424356
Belgium,0,1,1.0,0,0,1,0,1,0,-0.09150447156010011,-1.254576282424356
Belgium,0,1,2.0,0,0,1,0,1,0,-0.09247621881767248,-1.254576282424356
Belgium,0,1,3.0,0,1,0,0,0,1,-0.0924776706641738,-1.254576282424356
Belgium,0,1,1.0,1,0,0,0,1,0,-0.09237887910935878,-1.254576282424356
Belgium,0,1,0.0,0,0,1,0,1,0,-0.09049807796567032,-1.254576282424356
Belgium,0,1,0.0,1,0,0,0,1,0,-0.09165295586091762,-1.254576282424356
Belgium,0,2,0.0,0,0,1,0,1,0,-0.09176844365044234,-1.254576282424356
Belgium,0,2,0.0,1,0,0,0,1,0,-0.09176844365044234,-1.254576282424356
Belgium,0,0,0.0,0,0,1,0,1,0,-0.09247291916654321,-1.254576282424356
Belgium,0,0,0.0,0,0,1,0,1,0,-0.09246631986428465,-0.9850936484934245
Belgium,0,2,0.0,1,0,0,0,1,0,-0.09231453591233786,-0.9850936484934245
Belgium,0,0,3.0,0,0,1,0,1,0,-0.09242507422516867,-0.9850936484934245
Belgium,0,2,0.0,0,0,1,0,1,0,-0.09161995934962484,-0.9850936484934245
Belgium,0,1,0.0,1,0,0,0,1,0,-0.09033309540920642,-0.9850936484934245
Belgium,0,1,0.0,0,0,1,0,1,0,-0.08884825240103131,-0.9850936484934245
Belgium,0,0,0.0,1,0,0,0,1,0,-0.09247291916654321,-0.9850936484934245
Belgium,0,1,3.0,0,1,0,0,0,1,-0.09247719221476153,-0.9850936484934245
Belgium,0,1,2.0,0,0,1,0,1,0,-0.09247456899210785,-0.9850936484934245
Belgium,0,1,0.0,0,0,1,0,1,0,-0.09000313029627861,-0.9850936484934245
Belgium,0,1,1.0,1,0,0,0,1,0,-0.09140548202622177,-0.9850936484934245
Belgium,0,0,3.0,0,0,0,1,0,1,-0.09247747268511046,-0.9850936484934245
Belgium,0,2,3.0,0,1,0,0,0,1,-0.09247757167462368,-0.9850936484934245
Belgium,0,2,3.0,0,0,0,1,0,1,-0.09247758817288819,-0.9850936484934245
Belgium,0,0,3.0,0,1,0,0,0,1,-0.09247743968860606,-0.9850936484934245
Belgium,0,1,3.0,0,0,0,1,0,1,-0.09247775810492154,-0.9850936484934245
Belgium,0,1,3.0,0,0,0,1,0,1,-0.09247765416592159,-0.715611014562493
Belgium,0,2,3.0,0,0,0,1,0,1,-0.09247772840806265,-0.715611014562493
Belgium,0,2,3.0,0,1,0,0,0,1,-0.09247768716242599,-0.715611014562493
Belgium,0,0,3.0,0,0,0,1,0,1,-0.09247699423573506,-0.715611014562493
Belgium,0,1,1.0,1,0,0,0,1,0,-0.09176844365044234,-0.715611014562493
Belgium,0,1,1.0,0,0,1,0,1,0,-0.0862085314976089,-0.715611014562493
Belgium,0,1,2.0,0,0,1,0,1,0,-0.09246467003872001,-0.715611014562493
Belgium,0,1,3.0,0,1,0,0,0,1,-0.09247659827758382,-0.715611014562493
Belgium,0,1,0.0,0,0,1,0,1,0,-0.0870334442799284,-0.715611014562493
Belgium,0,1,2.0,1,0,0,0,1,0,-0.09247456899210785,-0.715611014562493
Belgium,0,1,0.0,1,0,0,0,1,0,-0.09016811285274251,-0.715611014562493
Belgium,0,2,0.0,0,0,1,0,1,0,-0.09153746807139289,-0.715611014562493
Belgium,0,0,1.0,0,0,1,0,1,0,-0.092345882598066,-0.715611014562493
Belgium,0,2,0.0,1,0,0,0,1,0,-0.09236568050484167,-0.715611014562493
Belgium,0,0,3.0,0,0,1,0,1,0,-0.09246631986428465,-0.715611014562493
Belgium,0,0,0.0,0,0,1,0,1,0,-0.09246631986428465,-0.44612838063156146
Belgium,0,2,0.0,1,0,0,0,1,0,-0.09224689306418767,-0.44612838063156146
Belgium,0,0,1.0,0,0,1,0,1,0,-0.09229638783112683,-0.44612838063156146
Belgium,0,2,0.0,0,0,1,0,1,0,-0.09133948900363621,-0.44612838063156146
Belgium,0,1,0.0,1,0,0,0,1,0,-0.09176844365044234,0.09283688723030159
Belgium,0,2,1.0,0,0,1,0,1,0,-0.09247621881767248,-0.44612838063156146
Belgium,0,1,0.0,1,0,0,0,1,0,-0.09246631986428465,-0.44612838063156146
Belgium,0,1,0.0,0,0,1,0,1,0,-0.08389877570711429,-0.44612838063156146
Belgium,0,1,3.0,0,1,0,0,0,1,-0.09247506393969857,-0.44612838063156146
Belgium,0,1,2.0,0,0,1,0,1,0,-0.09244487213194434,-0.44612838063156146
Belgium,0,1,1.0,0,0,1,0,1,0,-0.07432978743220806,-0.44612838063156146
Belgium,0,1,1.0,1,0,0,0,1,0,-0.08076410713430018,-0.44612838063156146
Belgium,0,0,3.0,0,0,0,1,0,1,-0.09247663127406365,-0.44612838063156146
Belgium,0,2,3.0,0,1,0,0,0,1,-0.09247752217987937,-0.44612838063156146
Belgium,0,2,3.0,0,0,0,1,0,1,-0.09247770861015263,-0.44612838063156146
Belgium,0,1,3.0,0,0,0,1,0,1,-0.09247740669207706,-0.44612838063156146
Belgium,0,1,0.0,0,0,0,1,0,1,-0.09247699423573506,-0.17664574670062994
Belgium,0,2,3.0,0,0,0,1,0,1,-0.09247768716242599,-0.17664574670062994
Belgium,0,2,3.0,0,1,0,0,0,1,-0.09247758817288819,-0.17664574670062994
Belgium,0,0,3.0,0,0,0,1,0,1,-0.09247636730193004,-0.17664574670062994
Belgium,0,0,3.0,0,1,0,0,0,1,-0.09247748918335037,-0.17664574670062994
Belgium,0,1,1.0,1,0,0,0,1,0,-0.07267996186756905,-0.17664574670062994
Belgium,0,1,1.0,0,0,1,0,1,0,-0.05453188065653997,-0.17664574670062994
Belgium,0,1,2.0,0,0,1,0,1,0,-0.09242672405073331,-0.17664574670062994
Belgium,0,1,3.0,0,1,0,0,0,1,-0.0924735790969264,-0.17664574670062994
Belgium,0,1,0.0,0,0,1,0,1,0,-0.08010417690844457,-0.17664574670062994
Belgium,0,1,2.0,1,0,0,0,1,0,-0.0924597205620261,-0.17664574670062994
Belgium,0,2,1.0,0,0,1,0,1,0,-0.09247126934097857,-0.17664574670062994
Belgium,0,1,0.0,1,0,0,0,1,0,-0.09176844365044234,-0.17664574670062994
Belgium,0,2,0.0,0,0,1,0,1,0,-0.0911910047028187,-0.17664574670062994
Belgium,0,2,1.0,1,0,0,0,1,0,-0.09176844365044234,-0.17664574670062994
Belgium,0,0,1.0,0,0,1,0,1,0,-0.09226339131983405,-0.17664574670062994
Belgium,0,2,0.0,1,0,0,0,1,0,-0.09226339131983405,-0.17664574670062994
Belgium,0,0,0.0,0,0,1,0,1,0,-0.09246137038759074,-0.17664574670062994
Belgium,0,0,1.0,1,0,0,0,1,0,-0.09247456899210785,-0.17664574670062994
Belgium,0,0,0.0,0,0,1,0,1,0,-0.0911992538306419,0.09283688723030159
Belgium,0,2,0.0,1,0,0,0,1,0,-0.09176844365044234,0.09283688723030159
Belgium,0,0,1.0,0,0,1,0,1,0,-0.09224689306418767,0.09283688723030159
Belgium,0,2,1.0,1,0,0,0,1,0,-0.09247456899210785,0.09283688723030159
Belgium,0,2,0.0,0,0,1,0,1,0,-0.09082804307859811,0.09283688723030159
Belgium,0,1,0.0,1,0,0,0,1,0,-0.0865384966105367,0.09283688723030159
Belgium,0,2,1.0,0,0,1,0,1,0,-0.09246631986428465,0.09283688723030159
Belgium,0,1,2.0,1,0,0,0,1,0,-0.09245642091089681,0.09283688723030159
Belgium,0,1,0.0,0,0,1,0,1,0,-0.07432978743220806,0.09283688723030159
Belgium,0,0,0.0,1,0,0,0,1,0,-0.09176844365044234,0.09283688723030159
Belgium,0,1,3.0,0,1,0,0,0,1,-0.09247645804234789,0.09283688723030159
Belgium,0,1,0.0,0,0,1,0,1,0,-0.092405276318393,0.09283688723030159
Belgium,0,1,1.0,0,0,1,0,1,0,-0.0380336250101499,0.09283688723030159
Belgium,0,1,1.0,1,0,0,0,1,0,-0.07663954322270267,0.09283688723030159
Belgium,0,0,3.0,0,1,0,0,0,1,-0.09247555888748596,0.09283688723030159
Belgium,0,0,3.0,0,0,0,1,0,1,-0.09247605383507669,0.09283688723030159
Belgium,0,2,3.0,0,1,0,0,0,1,-0.09247730770253924,0.09283688723030159
Belgium,0,2,3.0,0,0,0,1,0,1,-0.09247765416592159,0.09283688723030159
Belgium,0,1,3.0,0,0,0,1,0,1,-0.09247664777230356,0.09283688723030159
Belgium,0,1,3.0,0,0,0,1,0,1,-0.09247621881767248,0.3623195211612331
Belgium,0,2,3.0,0,1,0,0,0,1,-0.09247706022869472,0.3623195211612331
Belgium,0,0,3.0,0,0,0,1,0,1,-0.09247758817288819,0.3623195211612331
Belgium,0,0,3.0,0,1,0,0,0,1,-0.09247645804234789,0.3623195211612331
Belgium,0,1,1.0,1,0,0,0,1,0,-0.07779442111794997,0.3623195211612331
Belgium,0,1,1.0,0,0,1,0,1,0,-0.024835020493037853,0.3623195211612331
Belgium,0,1,2.0,0,0,1,0,1,0,-0.09241022579508693,0.3623195211612331
Belgium,0,1,3.0,0,1,0,0,0,1,-0.09247258920135161,0.3623195211612331
Belgium,0,2,3.0,0,0,0,1,0,1,-0.09247758817288819,0.3623195211612331
Belgium,0,0,0.0,1,0,0,0,1,0,-0.09241682509734549,0.3623195211612331
Belgium,0,1,0.0,0,0,1,0,1,0,-0.061131182915096,0.3623195211612331
Belgium,0,1,0.0,1,0,0,0,1,0,-0.09245807073646145,0.3623195211612331
Belgium,0,2,1.0,0,0,1,0,1,0,-0.09245642091089681,0.3623195211612331
Belgium,0,1,0.0,1,0,0,0,1,0,-0.07795940367441387,0.3623195211612331
Belgium,0,2,0.0,0,0,1,0,1,0,-0.09016811285274251,0.3623195211612331
Belgium,0,0,1.0,0,0,1,0,1,0,-0.09221389655289489,0.3623195211612331
Belgium,0,2,0.0,1,0,0,0,1,0,-0.09181793841738152,0.3623195211612331
Belgium,0,0,0.0,0,0,1,0,1,0,-0.09238052893492342,0.3623195211612331
Belgium,0,0,3.0,0,0,1,0,1,0,-0.09247621881767248,0.3623195211612331
Belgium,0,0,1.0,1,0,0,0,1,0,-0.0924597205620261,0.3623195211612331
Belgium,0,0,1.0,1,0,0,0,1,0,-0.09240692614395765,0.6318021550921646
Belgium,0,0,2.0,0,0,1,0,1,0,-0.09247456899210785,0.6318021550921646
Belgium,0,0,0.0,0,0,1,0,1,0,-0.0923541317258892,0.6318021550921646
Belgium,0,2,0.0,1,0,0,0,1,0,-0.09176844365044234,0.6318021550921646
Belgium,0,0,1.0,0,0,1,0,1,0,-0.0911992538306419,0.6318021550921646
Belgium,0,2,0.0,0,0,1,0,1,0,-0.0911992538306419,0.09283688723030159
Belgium,0,2,1.0,1,0,0,0,1,0,-0.09176844365044234,0.6318021550921646
Belgium,0,1,0.0,1,0,0,0,1,0,-0.06773048517365203,0.6318021550921646
Belgium,0,2,1.0,0,0,1,0,1,0,-0.09239537736500518,0.6318021550921646
Belgium,0,1,2.0,1,0,0,0,1,0,-0.09247126934097857,0.6318021550921646
Belgium,0,1,0.0,0,0,1,0,1,0,-0.0911992538306419,0.6318021550921646
Belgium,0,0,0.0,1,0,0,0,1,0,-0.09245807073646145,0.6318021550921646
Belgium,0,2,3.0,0,0,0,1,0,1,-0.09247750568161486,0.6318021550921646
Belgium,0,1,3.0,0,1,0,0,0,1,-0.0924597205620261,0.6318021550921646
Belgium,0,1,2.0,0,0,1,0,1,0,-0.09237227980710022,0.6318021550921646
Belgium,0,1,1.0,0,0,1,0,1,0,0.02795939757541036,0.6318021550921646
Belgium,0,1,1.0,1,0,0,0,1,0,-0.03968345057478891,0.6318021550921646
Belgium,0,0,3.0,0,1,0,0,0,1,-0.09246631986428465,0.6318021550921646
Belgium,0,0,3.0,0,0,0,1,0,1,-0.09247758817288819,0.6318021550921646
Belgium,0,2,3.0,0,1,0,0,0,1,-0.09247671376536154,0.6318021550921646
Belgium,0,1,3.0,0,0,0,1,0,1,-0.09247489895729945,0.6318021550921646
Belgium,0,1,3.0,0,0,0,1,0,1,-0.09247308414894233,0.9012847890230962
Belgium,0,2,0.0,0,1,0,0,0,1,-0.0924764167967481,0.9012847890230962
Belgium,0,0,3.0,0,0,0,1,0,1,-0.09247440400970872,0.9012847890230962
Belgium,0,0,3.0,0,1,0,0,0,1,-0.0924349731785565,0.9012847890230962
Belgium,0,1,0.0,1,0,0,0,1,0,-0.09176844365044234,0.9012847890230962
Belgium,0,1,1.0,0,0,1,0,1,0,0.10550119911344367,0.9012847890230962
Belgium,0,1,2.0,0,0,1,0,1,0,-0.0911992538306419,0.9012847890230962
Belgium,0,1,3.0,0,1,0,0,0,1,-0.09244817178307362,0.9012847890230962
Belgium,0,2,3.0,0,0,0,1,0,1,-0.09247737369554807,0.9012847890230962
Belgium,0,0,3.0,1,0,0,0,1,0,-0.09211490701901655,0.9012847890230962
Belgium,0,1,0.0,0,0,1,0,1,0,-0.00668693928200878,0.9012847890230962
Belgium,0,1,2.0,1,0,0,0,1,0,-0.0924432223063797,0.9012847890230962
Belgium,0,2,1.0,0,0,1,0,1,0,-0.09229638783112683,0.9012847890230962
Belgium,0,1,0.0,1,0,0,0,1,0,-0.05453188065653997,0.9012847890230962
Belgium,0,2,1.0,1,0,0,0,1,0,-0.0924135254462162,0.9012847890230962
Belgium,0,2,2.0,0,0,1,0,1,0,-0.09247621881767248,0.9012847890230962
Belgium,0,2,0.0,0,0,1,0,1,0,-0.08851828728810351,0.9012847890230962
Belgium,0,0,1.0,0,0,1,0,1,0,-0.09211490701901655,0.9012847890230962
Belgium,0,2,0.0,1,0,0,0,1,0,-0.09142198028186815,0.09283688723030159
Belgium,0,0,0.0,0,0,1,0,1,0,-0.0911992538306419,0.9012847890230962
Belgium,0,0,2.0,0,0,1,0,1,0,-0.0911992538306419,0.9012847890230962
Belgium,0,0,3.0,1,0,0,0,1,0,-0.09176844365044234,0.9012847890230962
Belgium,0,0,1.0,1,0,0,0,1,0,-0.09176844365044234,1.1707674229540277
Belgium,0,0,2.0,0,0,1,0,1,0,-0.09246796968984929,1.1707674229540277
Belgium,0,0,0.0,0,0,1,0,1,0,-0.0911992538306419,1.1707674229540277
Belgium,0,2,0.0,1,0,0,0,1,0,-0.08950818262688691,1.1707674229540277
Belgium,0,0,1.0,0,0,1,0,1,0,-0.0921809000416021,1.1707674229540277
Belgium,0,2,0.0,0,0,1,0,1,0,-0.0911992538306419,1.1707674229540277
Belgium,0,2,2.0,0,0,1,0,1,0,-0.09247621881767248,1.1707674229540277
Belgium,0,2,1.0,1,0,0,0,1,0,-0.0923161857379025,1.1707674229540277
Belgium,0,1,0.0,1,0,0,0,1,0,-0.09176844365044234,1.1707674229540277
Belgium,0,2,1.0,0,0,1,0,1,0,-0.09208191050772377,1.1707674229540277
Belgium,0,1,2.0,1,0,0,0,1,0,-0.09244487213194434,1.1707674229540277
Belgium,0,1,0.0,0,0,1,0,1,0,0.05600643217427347,1.1707674229540277
Belgium,0,0,0.0,1,0,0,0,1,0,-0.09240857596952229,1.1707674229540277
Belgium,0,2,3.0,0,0,0,1,0,1,-0.09247702723221489,1.1707674229540277
Belgium,0,1,3.0,0,1,0,0,0,1,-0.0924349731785565,1.1707674229540277
Belgium,0,1,2.0,0,0,1,0,1,0,-0.092345882598066,0.09283688723030159
Belgium,0,1,1.0,0,0,1,0,1,0,0.20449073299178405,1.1707674229540277
Belgium,0,1,1.0,1,0,0,0,1,0,0.004861839670464266,1.1707674229540277
Belgium,0,0,3.0,0,1,0,0,0,1,-0.0924597205620261,1.1707674229540277
Belgium,0,0,3.0,0,0,0,1,0,1,-0.09247423902691625,1.1707674229540277
Belgium,0,2,3.0,0,1,0,0,0,1,-0.09247225923616001,1.1707674229540277
Belgium,0,1,3.0,0,0,0,1,0,1,-0.09247027944579712,1.1707674229540277
Belgium,0,1,3.0,0,0,0,1,0,1,-0.09246434007392176,1.4402500568849592
Belgium,0,2,3.0,0,1,0,0,0,1,-0.09247027944579712,1.4402500568849592
Belgium,0,0,3.0,0,0,0,1,0,1,-0.09246796968984929,1.4402500568849592
Belgium,0,0,3.0,0,1,0,0,0,1,-0.09237557945822951,1.4402500568849592
Belgium,0,1,1.0,1,0,0,0,1,0,0.07250468782066354,1.4402500568849592
Belgium,0,1,1.0,0,0,1,0,1,0,0.3694732894556847,1.4402500568849592
Belgium,0,1,2.0,0,0,1,0,1,0,-0.0911992538306419,1.4402500568849592
Belgium,0,1,3.0,0,1,0,0,0,1,-0.09241022579508693,1.4402500568849592
Belgium,0,2,3.0,0,0,0,1,0,1,-0.09247640029850819,1.4402500568849592
Belgium,0,0,0.0,1,0,0,0,1,0,-0.09191692795125986,1.4402500568849592
Belgium,0,1,0.0,0,0,1,0,1,0,0.2209889886381741,1.4402500568849592
Belgium,0,1,2.0,1,0,0,0,1,0,-0.09246302021315538,1.4402500568849592
Belgium,0,2,1.0,0,0,1,0,1,0,-0.09216440178595571,1.4402500568849592
Belgium,0,1,0.0,1,0,0,0,1,0,-0.09176844365044234,1.4402500568849592
Belgium,0,2,1.0,1,0,0,0,1,0,-0.0924382728296858,1.4402500568849592
Belgium,0,2,0.0,0,0,1,0,1,0,-0.0911992538306419,1.4402500568849592
Belgium,0,0,1.0,0,0,1,0,1,0,-0.09211490701901655,0.09283688723030159
Belgium,0,2,0.0,1,0,0,0,1,0,-0.08736340939285621,1.4402500568849592
Belgium,0,0,0.0,0,0,1,0,1,0,-0.09137248551492899,1.4402500568849592
Belgium,0,0,1.0,1,0,0,0,1,0,-0.09229638783112683,1.4402500568849592
Brazil,0,1,0.0,1,0,0,0,1,0,-0.09246137038759074,-2.063024184217151
Brazil,0,1,3.0,0,1,0,0,0,1,-0.09247786806579819,-2.063024184217151
Brazil,0,1,3.0,0,1,0,0,0,1,-0.09247786818128595,-1.793541550286219
Brazil,0,1,0.0,1,0,0,0,1,0,-0.09246467003872001,-1.793541550286219
Brazil,0,1,0.0,1,0,0,0,1,0,-0.09244157248081507,-1.5240589163552876
Brazil,0,1,0.0,1,0,0,0,1,0,-0.09244817178307362,-1.5240589163552876
Brazil,0,1,3.0,0,1,0,0,0,1,-0.09247786649846389,-1.5240589163552876
Brazil,0,1,3.0,0,1,0,0,0,1,-0.09247786468365558,-1.254576282424356
Brazil,0,0,3.0,0,1,0,0,0,1,-0.09247645804234789,-1.254576282424356
Brazil,0,2,3.0,0,1,0,0,0,1,-0.09247786633348141,-1.254576282424356
Brazil,0,1,1.0,1,0,0,0,1,0,-0.09176844365044234,-1.254576282424356
Brazil,0,1,0.0,1,0,0,0,1,0,-0.0924135254462162,-1.254576282424356
Brazil,0,0,0.0,1,0,0,0,1,0,-0.09246961951541392,-1.254576282424356
Brazil,0,2,0.0,1,0,0,0,1,0,-0.09246631986428465,-1.254576282424356
Brazil,0,2,0.0,1,0,0,0,1,0,-0.09245642091089681,-0.9850936484934245
Brazil,0,1,0.0,1,0,0,0,1,0,-0.09176844365044234,-0.9850936484934245
Brazil,0,1,0.0,0,0,1,0,1,0,-0.09237722928379415,-0.9850936484934245
Brazil,0,2,3.0,0,1,0,0,0,1,-0.09247786435369064,-0.9850936484934245
Brazil,0,1,3.0,0,1,0,0,0,1,-0.0924778650136209,-0.9850936484934245
Brazil,0,1,3.0,0,0,0,1,0,1,-0.09247758817288819,-0.9850936484934245
Brazil,0,1,3.0,0,0,0,1,0,1,-0.09247758817288819,-0.715611014562493
Brazil,0,1,3.0,0,1,0,0,0,1,-0.09247786171397,-0.715611014562493
Brazil,0,2,3.0,0,1,0,0,0,1,-0.09247645804234789,-0.715611014562493
Brazil,0,0,3.0,0,0,0,1,0,1,-0.0924778673233767,-0.715611014562493
Brazil,0,1,0.0,0,0,1,0,1,0,-0.09227988957548044,-0.715611014562493
Brazil,0,1,0.0,1,0,0,0,1,0,-0.09176844365044234,-0.715611014562493
Brazil,0,1,1.0,1,0,0,0,1,0,-0.09176844365044234,-0.715611014562493
Brazil,0,1,1.0,0,0,1,0,1,0,-0.09243167352742723,-0.715611014562493
Brazil,0,2,0.0,1,0,0,0,1,0,-0.09247291916654321,-0.715611014562493
Brazil,0,0,0.0,0,0,1,0,1,0,-0.09246961951541392,-0.715611014562493
Brazil,0,0,0.0,0,0,1,0,1,0,-0.09246961951541392,-0.44612838063156146
Brazil,0,2,0.0,1,0,0,0,1,0,-0.09246796968984929,-0.44612838063156146
Brazil,0,1,1.0,0,0,1,0,1,0,-0.0923541317258892,-0.44612838063156146
Brazil,0,1,1.0,1,0,0,0,1,0,-0.09240032684169909,-0.44612838063156146
Brazil,0,1,0.0,1,0,0,0,1,0,-0.09226339131983405,-0.44612838063156146
Brazil,0,1,0.0,0,0,1,0,1,0,-0.0911992538306419,-0.44612838063156146
Brazil,0,0,3.0,0,0,0,1,0,1,-0.09247786729038013,-0.44612838063156146
Brazil,0,2,3.0,0,1,0,0,0,1,-0.09247786517860355,-0.44612838063156146
Brazil,0,1,3.0,0,1,0,0,0,1,-0.09247785049515601,-0.44612838063156146
Brazil,0,1,3.0,0,0,0,1,0,1,-0.0924778673233767,-0.44612838063156146
Brazil,0,1,3.0,0,0,0,1,0,1,-0.09247758817288819,-0.17664574670062994
Brazil,0,1,3.0,0,1,0,0,0,1,-0.09247783069724906,-0.17664574670062994
Brazil,0,2,3.0,0,1,0,0,0,1,-0.09247645804234789,-0.17664574670062994
Brazil,0,0,3.0,0,0,0,1,0,1,-0.09247786649846389,-0.17664574670062994
Brazil,0,0,3.0,0,1,0,0,0,1,-0.09247645804234789,-0.17664574670062994
Brazil,0,1,0.0,0,0,1,0,1,0,-0.0911992538306419,-0.17664574670062994
Brazil,0,1,0.0,1,0,0,0,1,0,-0.09176844365044234,-0.17664574670062994
Brazil,0,1,1.0,1,0,0,0,1,0,-0.09199941922949181,-0.17664574670062994
Brazil,0,1,1.0,0,0,1,0,1,0,-0.09188393143996708,-0.17664574670062994
Brazil,0,2,0.0,1,0,0,0,1,0,-0.09244817178307362,-0.17664574670062994
Brazil,0,0,0.0,0,0,1,0,1,0,-0.09246467003872001,-0.17664574670062994
Brazil,0,0,0.0,1,0,0,0,1,0,-0.09247291916654321,-0.17664574670062994
Brazil,0,0,0.0,1,0,0,0,1,0,-0.09244817178307362,0.09283688723030159
Brazil,0,0,0.0,0,0,1,0,1,0,-0.09242837387629796,0.09283688723030159
Brazil,0,2,0.0,1,0,0,0,1,0,-0.09246961951541392,0.09283688723030159
Brazil,0,1,1.0,0,0,1,0,1,0,-0.09132299074798982,0.09283688723030159
Brazil,0,1,1.0,1,0,0,0,1,0,-0.09176844365044234,0.09283688723030159
Brazil,0,2,0.0,0,0,1,0,1,0,-0.09247126934097857,0.09283688723030159
Brazil,0,1,0.0,1,0,0,0,1,0,-0.09176844365044234,0.09283688723030159
Brazil,0,1,0.0,0,0,1,0,1,0,-0.09190042969561348,0.09283688723030159
Brazil,0,0,3.0,0,1,0,0,0,1,-0.09247778615195766,0.09283688723030159
Brazil,0,0,3.0,0,0,0,1,0,1,-0.09247786039410949,0.09283688723030159
Brazil,0,2,3.0,0,1,0,0,0,1,-0.09247645804234789,0.09283688723030159
Brazil,0,2,3.0,0,0,0,1,0,1,-0.09247786851785039,0.09283688723030159
Brazil,0,1,3.0,0,1,0,0,0,1,-0.09247783564672657,0.09283688723030159
Brazil,0,1,3.0,0,0,0,1,0,1,-0.0924778645186733,0.09283688723030159
Brazil,0,1,3.0,0,0,0,1,0,1,-0.09247785709445781,0.3623195211612331
Brazil,0,1,3.0,0,1,0,0,0,1,-0.09247772675823375,0.3623195211612331
Brazil,0,2,3.0,0,0,0,1,0,1,-0.09247786818128595,0.3623195211612331
Brazil,0,2,3.0,0,1,0,0,0,1,-0.09247786253888253,0.3623195211612331
Brazil,0,0,3.0,0,0,0,1,0,1,-0.092477840596201,0.3623195211612331
Brazil,0,0,3.0,0,1,0,0,0,1,-0.09247775480527602,0.3623195211612331
Brazil,0,1,0.0,0,0,1,0,1,0,-0.0911992538306419,0.3623195211612331
Brazil,0,1,0.0,1,0,0,0,1,0,-0.09158696283833206,0.3623195211612331
Brazil,0,2,0.0,0,0,1,0,1,0,-0.09245312125976754,0.3623195211612331
Brazil,0,1,1.0,1,0,0,0,1,0,-0.09016811285274251,0.3623195211612331
Brazil,0,1,1.0,0,0,1,0,1,0,-0.0890132349574952,0.3623195211612331
Brazil,0,2,0.0,1,0,0,0,1,0,-0.09245477108533218,0.3623195211612331
Brazil,0,0,0.0,0,0,1,0,1,0,-0.09231453591233786,0.3623195211612331
Brazil,0,0,0.0,1,0,0,0,1,0,-0.09242507422516867,0.3623195211612331
Brazil,0,0,0.0,1,0,0,0,1,0,-0.09241682509734549,0.6318021550921646
Brazil,0,0,0.0,0,0,1,0,1,0,-0.09232113521459642,0.6318021550921646
Brazil,0,2,0.0,1,0,0,0,1,0,-0.09238217876048806,0.6318021550921646
Brazil,0,0,2.0,0,0,1,0,1,0,-0.0911992538306419,0.6318021550921646
Brazil,0,0,2.0,1,0,0,0,1,0,-0.09247621881767248,0.6318021550921646
Brazil,0,1,0.0,0,0,1,0,1,0,-0.0862085314976089,0.6318021550921646
Brazil,0,1,1.0,1,0,0,0,1,0,-0.08950818262688691,0.6318021550921646
Brazil,0,2,0.0,0,0,1,0,1,0,-0.09243332335299187,0.6318021550921646
Brazil,0,1,0.0,1,0,0,0,1,0,-0.09115800819152592,0.6318021550921646
Brazil,0,1,0.0,0,0,1,0,1,0,-0.08983814773981472,0.6318021550921646
Brazil,0,0,3.0,0,1,0,0,0,1,-0.09247768716242599,0.6318021550921646
Brazil,0,0,3.0,0,0,0,1,0,1,-0.09247784224602684,0.6318021550921646
Brazil,0,2,3.0,0,1,0,0,0,1,-0.09247783894637823,0.6318021550921646
Brazil,0,2,3.0,0,0,0,1,0,1,-0.09247786785132087,0.6318021550921646
Brazil,0,1,3.0,0,1,0,0,0,1,-0.09247760467115268,0.6318021550921646
Brazil,0,1,3.0,0,0,0,1,0,1,-0.09247784719550434,0.6318021550921646
Brazil,0,1,0.0,0,0,0,1,0,1,-0.092477792751261,0.9012847890230962
Brazil,0,1,0.0,0,1,0,0,0,1,-0.09247638380026828,0.9012847890230962
Brazil,0,2,3.0,0,0,0,1,0,1,-0.09247786385874304,0.9012847890230962
Brazil,0,2,3.0,0,1,0,0,0,1,-0.09247780924951936,0.9012847890230962
Brazil,0,0,3.0,0,0,0,1,0,1,-0.09247758817288819,0.9012847890230962
Brazil,0,0,3.0,0,1,0,0,0,1,-0.09247645804234789,0.9012847890230962
Brazil,0,1,0.0,0,0,1,0,1,0,-0.0852186361588255,0.9012847890230962
Brazil,0,1,0.0,1,0,0,0,1,0,-0.087693374505784,0.9012847890230962
Brazil,0,2,0.0,0,0,1,0,1,0,-0.09219739829724849,0.9012847890230962
Brazil,0,1,0.0,1,0,0,0,1,0,-0.09247621881767248,0.9012847890230962
Brazil,0,1,2.0,0,0,1,0,1,0,-0.09247621881767248,0.9012847890230962
Brazil,0,1,1.0,1,0,0,0,1,0,-0.07432978743220806,0.9012847890230962
Brazil,0,1,1.0,0,0,1,0,1,0,-0.06773048517365203,0.9012847890230962
Brazil,0,2,0.0,1,0,0,0,1,0,-0.09223039480854127,0.9012847890230962
Brazil,0,0,2.0,0,0,1,0,1,0,-0.09247621881767248,0.9012847890230962
Brazil,0,0,0.0,0,0,1,0,1,0,-0.09188393143996708,0.9012847890230962
Brazil,0,0,0.0,1,0,0,0,1,0,-0.09208191050772377,0.9012847890230962
Brazil,0,0,3.0,1,0,0,0,1,0,-0.09147147504880733,1.1707674229540277
Brazil,0,0,0.0,0,0,1,0,1,0,-0.0911992538306419,1.1707674229540277
Brazil,0,0,2.0,0,0,1,0,1,0,-0.09247456899210785,1.1707674229540277
Brazil,0,0,2.0,1,0,0,0,1,0,-0.09247456899210785,1.1707674229540277
Brazil,0,2,0.0,1,0,0,0,1,0,-0.09161995934962484,1.1707674229540277
Brazil,0,1,1.0,0,0,1,0,1,0,-0.04958240396262295,1.1707674229540277
Brazil,0,1,1.0,1,0,0,0,1,0,-0.07597961299684705,1.1707674229540277
Brazil,0,1,2.0,0,0,1,0,1,0,-0.09247291916654321,1.1707674229540277
Brazil,0,1,0.0,1,0,0,0,1,0,-0.09247456899210785,1.1707674229540277
Brazil,0,2,0.0,0,0,1,0,1,0,-0.09066306052213421,1.1707674229540277
Brazil,0,1,0.0,1,0,0,0,1,0,-0.07845435134380557,1.1707674229540277
Brazil,0,1,0.0,0,0,1,0,1,0,-0.07103013630293004,1.1707674229540277
Brazil,0,0,3.0,0,1,0,0,0,1,-0.09247506393969857,1.1707674229540277
Brazil,0,0,3.0,0,0,0,1,0,1,-0.09247758817288819,1.1707674229540277
Brazil,0,2,3.0,0,1,0,0,0,1,-0.09247765416592159,1.1707674229540277
Brazil,0,2,3.0,0,0,0,1,0,1,-0.09247783894637823,1.1707674229540277
Brazil,0,1,3.0,0,1,0,0,0,1,-0.09247588885248088,1.1707674229540277
Brazil,0,1,3.0,0,0,0,1,0,1,-0.09247772180875931,1.1707674229540277
Brazil,0,1,0.0,0,0,0,1,0,1,-0.09247752217987937,1.4402500568849592
Brazil,0,1,3.0,0,1,0,0,0,1,-0.09247645804234789,1.4402500568849592
Brazil,0,2,3.0,0,0,0,1,0,1,-0.09247783234707489,1.4402500568849592
Brazil,0,2,3.0,0,1,0,0,0,1,-0.09247760467115268,1.4402500568849592
Brazil,0,0,3.0,0,0,0,1,0,1,-0.09247752217987937,1.4402500568849592
Brazil,0,0,3.0,0,1,0,0,0,1,-0.0924770437304548,1.4402500568849592
Brazil,0,1,0.0,0,0,1,0,1,0,-0.0380336250101499,1.4402500568849592
Brazil,0,1,0.0,1,0,0,0,1,0,-0.061131182915096,1.4402500568849592
Brazil,0,2,0.0,0,0,1,0,1,0,-0.09000313029627861,1.4402500568849592
Brazil,0,1,2.0,0,0,1,0,1,0,-0.09247291916654321,1.4402500568849592
Brazil,0,1,1.0,1,0,0,0,1,0,-0.0380336250101499,1.4402500568849592
Brazil,0,1,1.0,0,0,1,0,1,0,0.004861839670464266,1.4402500568849592
Brazil,0,2,0.0,1,0,0,0,1,0,-0.09176844365044234,1.4402500568849592
Brazil,0,0,3.0,0,0,1,0,1,0,-0.09247291916654321,1.4402500568849592
Brazil,0,0,0.0,0,0,1,0,1,0,-0.09049807796567032,1.4402500568849592
Brazil,0,0,0.0,1,0,0,0,1,0,-0.09214790353030933,1.4402500568849592
Bulgaria,0,1,3.0,0,1,0,0,0,1,-0.09247772015893041,-0.715611014562493
Bulgaria,0,1,0.0,1,0,0,0,1,0,-0.0924432223063797,-0.715611014562493
Bulgaria,0,1,0.0,1,0,0,0,1,0,-0.09176844365044234,-0.44612838063156146
Bulgaria,0,1,1.0,1,0,0,0,1,0,-0.09246467003872001,0.09283688723030159
Bulgaria,0,1,3.0,0,1,0,0,0,1,-0.09247778615195766,-0.44612838063156146
Bulgaria,0,1,3.0,0,1,0,0,0,1,-0.09247730770253924,-0.17664574670062994
Bulgaria,0,1,1.0,1,0,0,0,1,0,-0.09241517527178084,-0.17664574670062994
Bulgaria,0,1,0.0,1,0,0,0,1,0,-0.09236568050484167,-0.17664574670062994
Bulgaria,0,1,0.0,1,0,0,0,1,0,-0.09216440178595571,0.09283688723030159
Bulgaria,0,1,0.0,1,0,0,0,1,0,-0.0924349731785565,0.09283688723030159
Bulgaria,0,1,3.0,0,1,0,0,0,1,-0.09247681275489936,0.09283688723030159
Bulgaria,0,1,3.0,0,1,0,0,0,1,-0.09247676326008128,0.3623195211612331
Bulgaria,0,1,1.0,1,0,0,0,1,0,-0.09238547841161734,0.3623195211612331
Bulgaria,0,1,0.0,1,0,0,0,1,0,-0.0921809000416021,0.09283688723030159
Bulgaria,0,1,0.0,1,0,0,0,1,0,-0.09224689306418767,0.6318021550921646
Bulgaria,0,1,1.0,1,0,0,0,1,0,-0.09241022579508693,0.6318021550921646
Bulgaria,0,1,1.0,1,0,0,0,1,0,-0.09227988957548044,0.9012847890230962
Bulgaria,0,1,0.0,1,0,0,0,1,0,-0.09176844365044234,0.9012847890230962
Bulgaria,0,1,3.0,0,1,0,0,0,1,-0.09247423902691625,0.9012847890230962
Bulgaria,0,1,3.0,0,1,0,0,0,1,-0.09247126934097857,1.1707674229540277
Bulgaria,0,1,0.0,1,0,0,0,1,0,-0.09082804307859811,1.1707674229540277
Bulgaria,0,1,1.0,1,0,0,0,1,0,-0.09224689306418767,1.1707674229540277
Bulgaria,0,1,1.0,1,0,0,0,1,0,-0.09188393143996708,1.4402500568849592
Bulgaria,0,1,0.0,1,0,0,0,1,0,-0.08950818262688691,1.4402500568849592
Bulgaria,0,1,3.0,0,1,0,0,0,1,-0.09246829965464753,1.4402500568849592
Canada,0,1,2.0,0,0,1,0,1,0,-0.0911992538306419,-2.063024184217151
Canada,0,1,1.0,0,0,1,0,1,0,-0.09198292097384542,-1.793541550286219
Canada,0,1,1.0,1,0,0,0,1,0,-0.09198292097384542,-1.793541550286219
Canada,0,1,3.0,0,1,0,0,0,1,-0.0924778010003871,-1.793541550286219
Canada,0,1,0.0,0,0,0,1,0,1,-0.09247786385874304,-1.793541550286219
Canada,0,1,2.0,0,0,1,0,1,0,-0.09246961951541392,-1.793541550286219
Canada,0,1,0.0,1,0,0,0,1,0,-0.09211490701901655,-1.793541550286219
Canada,0,1,0.0,0,0,1,0,1,0,-0.09206541225207737,-1.793541550286219
Canada,0,1,0.0,0,0,1,0,1,0,-0.09110851342458674,-1.5240589163552876
Canada,0,1,0.0,1,0,0,0,1,0,-0.09145497679316093,-1.5240589163552876
Canada,0,1,2.0,0,0,1,0,1,0,-0.09246961951541392,-1.5240589163552876
Canada,0,1,3.0,0,0,0,1,0,1,-0.09247784719550434,-1.5240589163552876
Canada,0,1,3.0,0,1,0,0,0,1,-0.0924776376676571,-1.5240589163552876
Canada,0,1,1.0,1,0,0,0,1,0,-0.09176844365044234,-1.5240589163552876
Canada,0,1,1.0,0,0,1,0,1,0,-0.08983814773981472,-1.5240589163552876
Canada,0,1,1.0,0,0,1,0,1,0,-0.08736340939285621,-1.254576282424356
Canada,0,1,1.0,1,0,0,0,1,0,-0.09000313029627861,-1.254576282424356
Canada,0,1,3.0,0,1,0,0,0,1,-0.09247645804234789,-1.254576282424356
Canada,0,1,3.0,0,0,0,1,0,1,-0.09247782409794572,-1.254576282424356
Canada,0,1,0.0,0,0,1,0,1,0,-0.09246961951541392,-1.254576282424356
Canada,0,1,0.0,1,0,0,0,1,0,-0.08983814773981472,-1.254576282424356
Canada,0,1,0.0,0,0,1,0,1,0,-0.08851828728810351,-1.254576282424356
Canada,0,1,0.0,0,0,1,0,1,0,-0.08356881059418649,-0.9850936484934245
Canada,0,1,0.0,1,0,0,0,1,0,-0.0878583570622479,-0.9850936484934245
Canada,0,1,2.0,0,0,1,0,1,0,-0.0911992538306419,-0.9850936484934245
Canada,0,1,3.0,0,0,0,1,0,1,-0.09247778120248323,-0.9850936484934245
Canada,0,1,3.0,0,1,0,0,0,1,-0.09247729120429933,-0.9850936484934245
Canada,0,1,1.0,1,0,0,0,1,0,-0.09176844365044234,-0.9850936484934245
Canada,0,1,1.0,0,0,1,0,1,0,-0.08373379315065038,-0.9850936484934245
Canada,0,1,1.0,0,0,1,0,1,0,-0.07977421179551678,-0.715611014562493
Canada,0,1,1.0,1,0,0,0,1,0,-0.09176844365044234,-0.715611014562493
Canada,0,1,3.0,0,1,0,0,0,1,-0.0924771262217527,-0.715611014562493
Canada,0,1,3.0,0,0,0,1,0,1,-0.09247773005789156,-0.715611014562493
Canada,0,2,3.0,0,1,0,0,0,1,-0.09247786468365558,-0.715611014562493
Canada,0,2,3.0,0,0,0,1,0,1,-0.09247786829677376,-0.715611014562493
Canada,0,1,2.0,0,0,1,0,1,0,-0.09246961951541392,-0.715611014562493
Canada,0,1,0.0,1,0,0,0,1,0,-0.0852186361588255,-0.715611014562493
Canada,0,2,0.0,0,0,1,0,1,0,-0.09247621881767248,-0.715611014562493
Canada,0,2,1.0,1,0,0,0,1,0,-0.09246961951541392,-0.715611014562493
Canada,0,2,0.0,1,0,0,0,1,0,-0.09247621881767248,-0.715611014562493
Canada,0,2,2.0,1,0,0,0,1,0,-0.09246302021315538,-0.715611014562493
Canada,0,2,2.0,0,0,1,0,1,0,-0.09246302021315538,-0.715611014562493
Canada,0,1,0.0,0,0,1,0,1,0,-0.0911992538306419,-0.715611014562493
Canada,0,2,0.0,0,0,1,0,1,0,-0.09246961951541392,-0.715611014562493
Canada,0,2,1.0,0,0,1,0,1,0,-0.09246961951541392,-0.44612838063156146
Canada,0,1,0.0,0,0,1,0,1,0,-0.06773048517365203,-0.44612838063156146
Canada,0,2,2.0,0,0,1,0,1,0,-0.09246302021315538,-0.44612838063156146
Canada,0,2,0.0,0,0,1,0,1,0,-0.09247621881767248,-0.44612838063156146
Canada,0,1,0.0,1,0,0,0,1,0,-0.09176844365044234,-0.44612838063156146
Canada,0,1,2.0,0,0,1,0,1,0,-0.09246961951541392,-0.44612838063156146
Canada,0,0,0.0,1,0,0,0,1,0,-0.09246961951541392,0.09283688723030159
Canada,0,2,3.0,0,0,0,1,0,1,-0.09247786831327202,-0.44612838063156146
Canada,0,0,3.0,0,1,0,0,0,1,-0.0924776706641738,-0.44612838063156146
Canada,0,1,3.0,0,0,0,1,0,1,-0.09247765416592159,-0.44612838063156146
Canada,0,1,3.0,0,1,0,0,0,1,-0.09247645804234789,-0.44612838063156146
Canada,0,1,1.0,1,0,0,0,1,0,-0.08191898502954748,-0.44612838063156146
Canada,0,1,1.0,0,0,1,0,1,0,-0.06938031073829103,-0.44612838063156146
Canada,0,1,1.0,0,0,1,0,1,0,-0.056181706221178976,-0.17664574670062994
Canada,0,1,1.0,1,0,0,0,1,0,-0.09176844365044234,-0.17664574670062994
Canada,0,1,0.0,0,1,0,0,0,1,-0.09247621881767248,-0.17664574670062994
Canada,0,1,3.0,0,0,0,1,0,1,-0.09247752217987937,-0.17664574670062994
Canada,0,0,3.0,0,1,0,0,0,1,-0.09247745618684597,-0.17664574670062994
Canada,0,2,3.0,0,0,0,1,0,1,-0.09247786832977026,-0.17664574670062994
Canada,0,0,3.0,1,0,0,0,1,0,-0.0924597205620261,-0.17664574670062994
Canada,0,1,2.0,0,0,1,0,1,0,-0.0911992538306419,-0.17664574670062994
Canada,0,1,0.0,1,0,0,0,1,0,-0.07812438623087777,-0.17664574670062994
Canada,0,2,0.0,0,0,1,0,1,0,-0.09247621881767248,-0.17664574670062994
Canada,0,2,2.0,0,0,1,0,1,0,-0.09246302021315538,-0.17664574670062994
Canada,0,1,0.0,0,0,1,0,1,0,-0.05123222952726196,-0.17664574670062994
Canada,0,2,1.0,0,0,1,0,1,0,-0.09246961951541392,-0.17664574670062994
Canada,0,2,1.0,0,0,1,0,1,0,-0.09246961951541392,0.09283688723030159
Canada,0,1,0.0,0,0,1,0,1,0,-0.018235718234481828,0.09283688723030159
Canada,0,2,2.0,0,0,1,0,1,0,-0.09246302021315538,0.09283688723030159
Canada,0,0,0.0,0,0,1,0,1,0,-0.09244652195750898,0.09283688723030159
Canada,0,2,0.0,0,0,1,0,1,0,-0.09247621881767248,0.09283688723030159
Canada,0,1,0.0,1,0,0,0,1,0,-0.05453188065653997,0.09283688723030159
Canada,0,0,0.0,1,0,0,0,1,0,-0.09244652195750898,0.09283688723030159
Canada,0,2,3.0,0,0,0,1,0,1,-0.09247786834626852,0.09283688723030159
Canada,0,0,3.0,0,1,0,0,0,1,-0.09247645804234789,0.09283688723030159
Canada,0,0,3.0,0,0,0,1,0,1,-0.09247782079829713,0.09283688723030159
Canada,0,1,3.0,0,0,0,1,0,1,-0.09247724170953042,0.09283688723030159
Canada,0,1,3.0,0,1,0,0,0,1,-0.09247324913173481,0.09283688723030159
Canada,0,1,1.0,1,0,0,0,1,0,-0.057831531785817986,0.09283688723030159
Canada,0,1,2.0,0,0,1,0,1,0,-0.09246961951541392,0.09283688723030159
Canada,0,1,1.0,0,0,1,0,1,0,-0.023185194928398847,0.09283688723030159
Canada,0,1,1.0,0,0,1,0,1,0,0.006511665235103273,0.3623195211612331
Canada,0,1,2.0,0,0,1,0,1,0,-0.0911992538306419,0.3623195211612331
Canada,0,1,1.0,1,0,0,0,1,0,-0.061131182915096,0.3623195211612331
Canada,0,1,3.0,0,1,0,0,0,1,-0.09247225923616001,0.3623195211612331
Canada,0,1,3.0,0,0,0,1,0,1,-0.09247689524619726,0.09283688723030159
Canada,0,2,3.0,0,0,0,1,0,1,-0.09247758817288819,0.3623195211612331
Canada,0,0,3.0,0,0,0,1,0,1,-0.0924777036606782,0.3623195211612331
Canada,0,0,3.0,0,1,0,0,0,1,-0.09247588885248088,0.3623195211612331
Canada,0,0,0.0,1,0,0,0,1,0,-0.09239702719056982,0.3623195211612331
Canada,0,1,0.0,1,0,0,0,1,0,-0.03968345057478891,0.3623195211612331
Canada,0,2,0.0,0,0,1,0,1,0,-0.09247621881767248,0.3623195211612331
Canada,0,0,0.0,0,0,1,0,1,0,-0.09236568050484167,0.3623195211612331
Canada,0,2,2.0,0,0,1,0,1,0,-0.09246302021315538,0.3623195211612331
Canada,0,1,0.0,0,0,1,0,1,0,0.03290887426932738,0.3623195211612331
Canada,0,2,1.0,0,0,1,0,1,0,-0.09246961951541392,0.3623195211612331
Canada,0,1,2.0,1,0,0,0,1,0,-0.09234753242363064,0.3623195211612331
Canada,0,1,2.0,1,0,0,0,1,0,-0.0924514714342029,0.6318021550921646
Canada,0,1,0.0,0,0,1,0,1,0,0.12199945475983373,0.6318021550921646
Canada,0,2,2.0,0,0,1,0,1,0,-0.0924514714342029,0.6318021550921646
Canada,0,0,0.0,0,0,1,0,1,0,-0.09203241574078459,0.6318021550921646
Canada,0,2,0.0,1,0,0,0,1,0,-0.08983814773981472,0.6318021550921646
Canada,0,2,1.0,1,0,0,0,1,0,-0.09016811285274251,0.6318021550921646
Canada,0,1,0.0,1,0,0,0,1,0,-0.03143432275159388,0.6318021550921646
Canada,0,0,0.0,1,0,0,0,1,0,-0.09176844365044234,0.6318021550921646
Canada,0,0,3.0,0,1,0,0,0,1,-0.09247407404451713,0.6318021550921646
Canada,0,0,3.0,0,0,0,1,0,1,-0.09247725820777034,0.09283688723030159
Canada,0,1,3.0,0,0,0,1,0,1,-0.09247649928804601,0.6318021550921646
Canada,0,1,3.0,0,1,0,0,0,1,-0.09247093937618032,0.6318021550921646
Canada,0,2,3.0,0,1,0,0,0,1,-0.09247555888748596,0.6318021550921646
Canada,0,1,1.0,1,0,0,0,1,0,-0.06938031073829103,0.6318021550921646
Canada,0,1,2.0,0,0,1,0,1,0,-0.0911992538306419,0.6318021550921646
Canada,0,1,1.0,0,0,1,0,1,0,0.042807827657161415,0.6318021550921646
Canada,0,1,1.0,0,0,1,0,1,0,0.0890029434670536,0.9012847890230962
Canada,0,1,2.0,0,0,1,0,1,0,-0.0911992538306419,0.9012847890230962
Canada,0,1,1.0,1,0,0,0,1,0,-0.04628275283334494,0.9012847890230962
Canada,0,2,3.0,0,1,0,0,0,1,-0.09247489895729945,0.9012847890230962
Canada,0,1,3.0,0,1,0,0,0,1,-0.0924673097594661,0.9012847890230962
Canada,0,1,3.0,0,0,0,1,0,1,-0.09247588885248088,0.9012847890230962
Canada,0,0,3.0,0,0,0,1,0,1,-0.09247687874785901,0.9012847890230962
Canada,0,0,3.0,0,1,0,0,0,1,-0.09246796968984929,0.9012847890230962
Canada,0,0,0.0,1,0,0,0,1,0,-0.09206541225207737,0.9012847890230962
Canada,0,1,0.0,1,0,0,0,1,0,0.004861839670464266,0.9012847890230962
Canada,0,2,1.0,1,0,0,0,1,0,-0.0881883221751757,0.9012847890230962
Canada,0,2,0.0,1,0,0,0,1,0,-0.0881883221751757,0.9012847890230962
Canada,0,0,0.0,0,0,1,0,1,0,-0.09176844365044234,0.9012847890230962
Canada,0,2,2.0,0,0,1,0,1,0,-0.092405276318393,0.9012847890230962
Canada,0,1,0.0,0,0,1,0,1,0,0.2209889886381741,0.9012847890230962
Canada,0,1,2.0,1,0,0,0,1,0,-0.09226339131983405,0.9012847890230962
Canada,0,1,2.0,1,0,0,0,1,0,-0.09244652195750898,1.1707674229540277
Canada,0,1,0.0,0,0,1,0,1,0,0.3694732894556847,1.1707674229540277
Canada,0,2,2.0,0,0,1,0,1,0,-0.092405276318393,1.1707674229540277
Canada,0,0,0.0,0,0,1,0,1,0,-0.0911992538306419,1.1707674229540277
Canada,0,2,0.0,1,0,0,0,1,0,-0.08092908969076408,1.1707674229540277
Canada,0,2,1.0,1,0,0,0,1,0,-0.08736340939285621,1.1707674229540277
Canada,0,1,0.0,1,0,0,0,1,0,0.057656257738912475,1.1707674229540277
Canada,0,0,0.0,1,0,0,0,1,0,-0.09216440178595571,1.1707674229540277
Canada,0,0,3.0,0,1,0,0,0,1,-0.09246780470745017,1.1707674229540277
Canada,0,0,3.0,0,0,0,1,0,1,-0.09247626831239222,1.1707674229540277
Canada,0,1,3.0,0,0,0,1,0,1,-0.09247506393969857,1.1707674229540277
Canada,0,1,3.0,0,1,0,0,0,1,-0.09246219530037306,1.1707674229540277
Canada,0,2,0.0,0,1,0,0,0,1,-0.0924694545330148,1.1707674229540277
Canada,0,1,1.0,1,0,0,0,1,0,-0.05288205509190096,1.1707674229540277
Canada,0,1,2.0,0,0,1,0,1,0,-0.09198292097384542,1.1707674229540277
Canada,0,1,1.0,0,0,1,0,1,0,0.12199945475983373,1.1707674229540277
Canada,0,1,1.0,0,0,1,0,1,0,0.187992477345394,1.4402500568849592
Canada,0,1,2.0,0,0,1,0,1,0,-0.09194992446255264,1.4402500568849592
Canada,0,1,1.0,1,0,0,0,1,0,-0.024835020493037853,1.4402500568849592
Canada,0,2,3.0,0,1,0,0,0,1,-0.0924687946026316,1.4402500568849592
Canada,0,1,3.0,0,1,0,0,0,1,-0.09245642091089681,1.4402500568849592
Canada,0,1,3.0,0,0,0,1,0,1,-0.09247407404451713,1.4402500568849592
Canada,0,0,3.0,0,0,0,1,0,1,-0.09247390906172465,1.4402500568849592
Canada,0,0,3.0,0,1,0,0,0,1,-0.09243992265525043,1.4402500568849592
Canada,0,0,0.0,1,0,0,0,1,0,-0.0911745064471723,1.4402500568849592
Canada,0,1,0.0,1,0,0,0,1,0,0.12199945475983373,1.4402500568849592
Canada,0,2,1.0,1,0,0,0,1,0,-0.0857135838282172,1.4402500568849592
Canada,0,2,0.0,1,0,0,0,1,0,-0.07746445600502216,1.4402500568849592
Canada,0,0,0.0,0,0,1,0,1,0,-0.08983814773981472,1.4402500568849592
Canada,0,2,2.0,0,0,1,0,1,0,-0.09246302021315538,1.4402500568849592
Canada,0,1,0.0,0,0,1,0,1,0,0.5344558459195854,1.4402500568849592
Canada,0,1,0.0,1,0,0,0,1,0,-0.09176844365044234,1.4402500568849592
Chile,0,1,3.0,0,1,0,0,0,1,-0.09247786468365558,-1.793541550286219
Chile,0,1,3.0,0,0,0,1,0,1,-0.0924778682802755,-1.793541550286219
Chile,0,1,0.0,0,0,1,0,1,0,-0.09246796968984929,-1.793541550286219
Chile,0,1,0.0,1,0,0,0,1,0,-0.09246796968984929,-1.793541550286219
Chile,0,1,0.0,1,0,0,0,1,0,-0.09246961951541392,-1.5240589163552876
Chile,0,1,0.0,0,0,1,0,1,0,-0.0924597205620261,-1.5240589163552876
Chile,0,1,3.0,0,0,0,1,0,1,-0.0924778680163034,-1.5240589163552876
Chile,0,1,3.0,0,1,0,0,0,1,-0.09247786534358583,-1.5240589163552876
Chile,0,1,3.0,0,1,0,0,0,1,-0.0924778655085685,-1.254576282424356
Chile,0,1,3.0,0,0,0,1,0,1,-0.09247786780182611,-1.254576282424356
Chile,0,1,0.0,0,0,1,0,1,0,-0.0924514714342029,-1.254576282424356
Chile,0,1,0.0,1,0,0,0,1,0,-0.09246961951541392,-1.254576282424356
Chile,0,1,0.0,1,0,0,0,1,0,-0.09247291916654321,-0.9850936484934245
Chile,0,1,0.0,0,0,1,0,1,0,-0.0911992538306419,-0.9850936484934245
Chile,0,1,1.0,1,0,0,0,1,0,-0.09245477108533218,-0.9850936484934245
Chile,0,1,0.0,0,0,1,0,1,0,-0.09245477108533218,-0.9850936484934245
Chile,0,1,3.0,0,0,0,1,0,1,-0.09247786699341148,-0.9850936484934245
Chile,0,1,3.0,0,1,0,0,0,1,-0.09247785692947554,-0.9850936484934245
Chile,0,1,3.0,0,1,0,0,0,1,-0.092477840596201,-0.715611014562493
Chile,0,1,3.0,0,0,0,1,0,1,-0.09247758817288819,-0.715611014562493
Chile,0,1,1.0,0,0,1,0,1,0,-0.09241682509734549,-0.715611014562493
Chile,0,1,1.0,1,0,0,0,1,0,-0.09243992265525043,-0.715611014562493
Chile,0,1,0.0,0,0,1,0,1,0,-0.09242507422516867,-0.715611014562493
Chile,0,1,0.0,1,0,0,0,1,0,-0.09246137038759074,-0.715611014562493
Chile,0,1,0.0,1,0,0,0,1,0,-0.09244817178307362,-0.44612838063156146
Chile,0,1,0.0,0,0,1,0,1,0,-0.09238877806274662,-0.44612838063156146
Chile,0,1,1.0,1,0,0,0,1,0,-0.09246302021315538,-0.44612838063156146
Chile,0,1,1.0,0,0,1,0,1,0,-0.09240197666726373,-0.44612838063156146
Chile,0,1,3.0,0,0,0,1,0,1,-0.09247786385874304,-0.44612838063156146
Chile,0,1,3.0,0,1,0,0,0,1,-0.09247784719550434,-0.44612838063156146
Chile,0,1,3.0,0,1,0,0,0,1,-0.09247776800387655,-0.17664574670062994
Chile,0,1,3.0,0,0,0,1,0,1,-0.09247785791937073,-0.17664574670062994
Chile,0,1,1.0,0,0,1,0,1,0,-0.09237722928379415,-0.17664574670062994
Chile,0,1,1.0,1,0,0,0,1,0,-0.09245312125976754,-0.17664574670062994
Chile,0,1,0.0,0,0,1,0,1,0,-0.09219739829724849,-0.17664574670062994
Chile,0,1,0.0,1,0,0,0,1,0,-0.09227988957548044,-0.17664574670062994
Chile,0,1,0.0,1,0,0,0,1,0,-0.09231288608677322,0.09283688723030159
Chile,0,1,1.0,1,0,0,0,1,0,-0.09236568050484167,0.09283688723030159
Chile,0,1,0.0,0,0,1,0,1,0,-0.0920159174851382,0.09283688723030159
Chile,0,1,1.0,0,0,1,0,1,0,-0.09226339131983405,0.09283688723030159
Chile,0,1,3.0,0,0,0,1,0,1,-0.09247785049515601,0.09283688723030159
Chile,0,1,3.0,0,1,0,0,0,1,-0.09247775315544711,0.09283688723030159
Chile,0,1,3.0,0,1,0,0,0,1,-0.0924776376676571,0.3623195211612331
Chile,0,1,3.0,0,0,0,1,0,1,-0.09247758817288819,0.3623195211612331
Chile,0,1,0.0,0,0,1,0,1,0,-0.09213140527466293,0.09283688723030159
Chile,0,1,0.0,0,0,1,0,1,0,-0.09175194539479596,0.3623195211612331
Chile,0,1,1.0,1,0,0,0,1,0,-0.09224689306418767,0.3623195211612331
Chile,0,1,0.0,1,0,0,0,1,0,-0.09221389655289489,0.3623195211612331
Chile,0,1,0.0,1,0,0,0,1,0,-0.09229638783112683,0.6318021550921646
Chile,0,1,1.0,1,0,0,0,1,0,-0.09234753242363064,0.6318021550921646
Chile,0,1,0.0,0,0,1,0,1,0,-0.09157046458268567,0.6318021550921646
Chile,0,1,1.0,0,0,1,0,1,0,-0.09199941922949181,0.6318021550921646
Chile,0,1,3.0,0,0,0,1,0,1,-0.09247783234707489,0.6318021550921646
Chile,0,1,3.0,0,1,0,0,0,1,-0.09247760467115268,0.6318021550921646
Chile,0,1,3.0,0,1,0,0,0,1,-0.09247755517638377,0.9012847890230962
Chile,0,1,3.0,0,0,0,1,0,1,-0.09247781089934212,0.9012847890230962
Chile,0,1,1.0,0,0,1,0,1,0,-0.09150447156010011,0.9012847890230962
Chile,0,1,0.0,0,0,1,0,1,0,-0.09112501168023314,0.9012847890230962
Chile,0,1,1.0,1,0,0,0,1,0,-0.09176844365044234,0.9012847890230962
Chile,0,1,2.0,1,0,0,0,1,0,-0.09247621881767248,0.9012847890230962
Chile,0,1,2.0,0,0,1,0,1,0,-0.09247621881767248,0.09283688723030159
Chile,0,1,0.0,1,0,0,0,1,0,-0.09203241574078459,0.9012847890230962
Chile,0,1,0.0,1,0,0,0,1,0,-0.0910260221463548,1.1707674229540277
Chile,0,1,2.0,0,0,1,0,1,0,-0.09247456899210785,1.1707674229540277
Chile,0,1,2.0,1,0,0,0,1,0,-0.09247621881767248,1.1707674229540277
Chile,0,1,1.0,1,0,0,0,1,0,-0.09145497679316093,1.1707674229540277
Chile,0,1,0.0,0,0,1,0,1,0,-0.0896731651833508,1.1707674229540277
Chile,0,1,1.0,0,0,1,0,1,0,-0.0911992538306419,1.1707674229540277
Chile,0,1,3.0,0,0,0,1,0,1,-0.09247775645509262,1.1707674229540277
Chile,0,1,3.0,0,1,0,0,0,1,-0.0924770437304548,1.1707674229540277
Chile,0,1,0.0,0,1,0,0,0,1,-0.09247645804234789,1.4402500568849592
Chile,0,1,3.0,0,0,0,1,0,1,-0.09247772510841713,1.4402500568849592
Chile,0,1,0.0,0,0,1,0,1,0,-0.08950818262688691,1.4402500568849592
Chile,0,1,0.0,0,0,1,0,1,0,-0.0890132349574952,1.4402500568849592
Chile,0,1,1.0,1,0,0,0,1,0,-0.09163645760527123,1.4402500568849592
Chile,0,1,2.0,0,0,1,0,1,0,-0.09247456899210785,1.4402500568849592
Chile,0,1,0.0,1,0,0,0,1,0,-0.09180144016173514,1.4402500568849592
China,0,1,0.0,1,0,0,0,1,0,-0.09066306052213421,-2.063024184217151
China,0,2,0.0,1,0,0,0,1,0,-0.09227988957548044,-2.063024184217151
China,0,2,0.0,0,0,1,0,1,0,-0.09181793841738152,-2.063024184217151
China,0,0,0.0,1,0,0,0,1,0,-0.09087753784553729,-2.063024184217151
China,0,0,0.0,0,0,1,0,1,0,-0.08934320007042301,-2.063024184217151
China,0,0,3.0,0,1,0,0,0,1,-0.09247755517638377,-2.063024184217151
China,0,1,0.0,0,0,1,0,1,0,-0.08983814773981472,-2.063024184217151
China,0,1,1.0,1,0,0,0,1,0,-0.09191692795125986,-2.063024184217151
China,0,1,0.0,0,0,1,0,1,0,-0.09191692795125986,-2.063024184217151
China,0,0,3.0,0,0,0,1,0,1,-0.09247777790283156,0.09283688723030159
China,0,2,3.0,0,1,0,0,0,1,-0.09247785214498185,-2.063024184217151
China,0,2,3.0,0,0,0,1,0,1,-0.09247785956919656,-2.063024184217151
China,0,1,3.0,0,1,0,0,0,1,-0.09247645804234789,-2.063024184217151
China,0,1,3.0,0,0,0,1,0,1,-0.09247786352877772,-2.063024184217151
China,0,1,3.0,0,0,0,1,0,1,-0.0924778534648416,-1.793541550286219
China,0,1,0.0,0,1,0,0,0,1,-0.09247781254916487,-1.793541550286219
China,0,2,3.0,0,0,0,1,0,1,-0.09247785395978995,-1.793541550286219
China,0,2,3.0,0,1,0,0,0,1,-0.09247784224602684,-1.793541550286219
China,0,0,3.0,0,0,0,1,0,1,-0.09247758817288819,-1.793541550286219
China,0,0,3.0,0,1,0,0,0,1,-0.09247699423573506,-1.793541550286219
China,0,1,1.0,0,0,1,0,1,0,-0.09138898377057537,-1.793541550286219
China,0,1,1.0,1,0,0,0,1,0,-0.09194992446255264,-1.793541550286219
China,0,1,0.0,0,0,1,0,1,0,-0.0911992538306419,-1.793541550286219
China,0,0,3.0,0,0,1,0,1,0,-0.0857135838282172,-1.793541550286219
China,0,0,1.0,1,0,0,0,1,0,-0.09221389655289489,-1.793541550286219
China,0,0,0.0,1,0,0,0,1,0,-0.09175194539479596,-1.793541550286219
China,0,2,0.0,0,0,1,0,1,0,-0.09132299074798982,-1.793541550286219
China,0,2,0.0,1,0,0,0,1,0,-0.09223039480854127,-1.793541550286219
China,0,0,1.0,0,0,1,0,1,0,-0.0911992538306419,-1.793541550286219
China,0,1,0.0,1,0,0,0,1,0,-0.0845587059329699,0.09283688723030159
China,0,1,0.0,1,0,0,0,1,0,-0.07663954322270267,-1.5240589163552876
China,0,0,1.0,0,0,1,0,1,0,-0.0911992538306419,-1.5240589163552876
China,0,2,0.0,1,0,0,0,1,0,-0.09137248551492899,-1.5240589163552876
China,0,2,0.0,0,0,1,0,1,0,-0.09049807796567032,-1.5240589163552876
China,0,0,0.0,1,0,0,0,1,0,-0.09016811285274251,-1.5240589163552876
China,0,0,1.0,1,0,0,0,1,0,-0.09163645760527123,-1.5240589163552876
China,0,0,0.0,0,0,1,0,1,0,-0.08274389781186699,-1.5240589163552876
China,0,1,0.0,0,0,1,0,1,0,-0.06608065960901302,-1.5240589163552876
China,0,1,1.0,1,0,0,0,1,0,-0.09204891399643098,-1.5240589163552876
China,0,1,1.0,0,0,1,0,1,0,-0.09096002912376924,-1.5240589163552876
China,0,0,3.0,0,1,0,0,0,1,-0.09247572387008177,-1.5240589163552876
China,0,0,3.0,0,0,0,1,0,1,-0.09247755517638377,-1.5240589163552876
China,0,2,3.0,0,1,0,0,0,1,-0.09247774820597268,-1.5240589163552876
China,0,2,3.0,0,0,0,1,0,1,-0.0924778455456785,-1.5240589163552876
China,0,1,3.0,0,1,0,0,0,1,-0.09247774820597268,-1.5240589163552876
China,0,1,3.0,0,0,0,1,0,1,-0.0924778372965524,0.09283688723030159
China,0,1,3.0,0,0,0,1,0,1,-0.09247758817288819,-1.254576282424356
China,0,1,3.0,0,1,0,0,0,1,-0.09247771190981045,-1.254576282424356
China,0,2,3.0,0,0,0,1,0,1,-0.09247783564672657,0.09283688723030159
China,0,2,3.0,0,1,0,0,0,1,-0.09247774325649824,-1.254576282424356
China,0,0,3.0,0,0,0,1,0,1,-0.09247758817288819,-1.254576282424356
China,0,0,3.0,0,1,0,0,0,1,-0.0924735790969264,-1.254576282424356
China,0,1,1.0,0,0,1,0,1,0,-0.08983814773981472,-1.254576282424356
China,0,1,1.0,1,0,0,0,1,0,-0.09127349598105065,-1.254576282424356
China,0,1,0.0,0,0,1,0,1,0,-0.0911992538306419,-1.254576282424356
China,0,0,0.0,0,0,1,0,1,0,-0.0911992538306419,-1.254576282424356
China,0,0,1.0,1,0,0,0,1,0,-0.08950818262688691,-1.254576282424356
China,0,0,0.0,1,0,0,0,1,0,-0.08917821751395912,-1.254576282424356
China,0,2,0.0,0,0,1,0,1,0,-0.08950818262688691,-1.254576282424356
China,0,2,0.0,1,0,0,0,1,0,-0.09124049946975787,-1.254576282424356
China,0,0,1.0,0,0,1,0,1,0,-0.0911992538306419,-1.254576282424356
China,0,1,0.0,1,0,0,0,1,0,-0.06773048517365203,-1.254576282424356
China,0,1,0.0,1,0,0,0,1,0,-0.011636415975925801,-0.9850936484934245
China,0,0,1.0,0,0,1,0,1,0,-0.07861933390026947,-0.9850936484934245
China,0,0,3.0,1,0,0,0,1,0,-0.08257891525540309,-0.9850936484934245
China,0,2,0.0,1,0,0,0,1,0,-0.0916859523722104,0.09283688723030159
China,0,2,0.0,0,0,1,0,1,0,-0.0883533047316396,-0.9850936484934245
China,0,0,0.0,1,0,0,0,1,0,-0.0858785663846811,-0.9850936484934245
China,0,0,0.0,0,0,1,0,1,0,-0.056181706221178976,-0.9850936484934245
China,0,1,0.0,0,0,1,0,1,0,0.004861839670464266,-0.9850936484934245
China,0,1,1.0,1,0,0,0,1,0,-0.09176844365044234,-0.9850936484934245
China,0,1,1.0,0,0,1,0,1,0,-0.0911992538306419,-0.9850936484934245
China,0,0,3.0,0,1,0,0,0,1,-0.09246467003872001,-0.9850936484934245
China,0,0,3.0,0,0,0,1,0,1,-0.09247758817288819,0.09283688723030159
China,0,2,3.0,0,1,0,0,0,1,-0.09247779440108377,-0.9850936484934245
China,0,2,3.0,0,0,0,1,0,1,-0.0924778273975974,-0.9850936484934245
China,0,1,0.0,0,1,0,0,0,1,-0.09247720871300144,-0.9850936484934245
China,0,1,3.0,0,0,0,1,0,1,-0.09247775315544711,-0.9850936484934245
China,0,1,0.0,0,0,0,1,0,1,-0.09247752217987937,-0.715611014562493
China,0,1,3.0,0,1,0,0,0,1,-0.09247621881767248,-0.715611014562493
China,0,2,3.0,0,0,0,1,0,1,-0.0924776376676571,-0.715611014562493
China,0,2,3.0,0,1,0,0,0,1,-0.09247555888748596,-0.715611014562493
China,0,0,3.0,0,0,0,1,0,1,-0.09247192927136176,-0.715611014562493
China,0,0,3.0,0,1,0,0,0,1,-0.09241517527178084,-0.715611014562493
China,0,1,1.0,0,0,1,0,1,0,0.05105695548035645,-0.715611014562493
China,0,1,1.0,1,0,0,0,1,0,0.00816149079974228,-0.715611014562493
China,0,1,0.0,0,0,1,0,1,0,0.25398549993095426,-0.715611014562493
China,0,0,0.0,0,0,1,0,1,0,0.06920503669138553,-0.715611014562493
China,0,0,0.0,1,0,0,0,1,0,-0.02153536936375984,-0.715611014562493
China,0,2,0.0,0,0,1,0,1,0,-0.06773048517365203,-0.715611014562493
China,0,2,0.0,1,0,0,0,1,0,-0.06773048517365203,-0.715611014562493
China,0,0,1.0,1,0,0,0,1,0,-0.07103013630293004,-0.715611014562493
China,0,0,1.0,0,0,1,0,1,0,-0.056181706221178976,-0.715611014562493
China,0,1,0.0,1,0,0,0,1,0,0.15499596605261387,-0.715611014562493
China,0,2,1.0,0,0,1,0,1,0,-0.09244982160863827,-0.715611014562493
China,0,2,1.0,0,0,1,0,1,0,-0.09244982160863827,-0.44612838063156146
China,0,1,0.0,1,0,0,0,1,0,0.33647677816290456,-0.44612838063156146
China,0,0,1.0,0,0,1,0,1,0,-0.0911992538306419,-0.44612838063156146
China,0,0,1.0,1,0,0,0,1,0,-0.07993919435198067,-0.44612838063156146
China,0,2,0.0,1,0,0,0,1,0,-0.07432978743220806,-0.44612838063156146
China,0,2,0.0,0,0,1,0,1,0,-0.005037113717369774,-0.44612838063156146
China,0,0,0.0,1,0,0,0,1,0,0.03290887426932738,-0.44612838063156146
China,0,0,0.0,0,0,1,0,1,0,0.2209889886381741,-0.44612838063156146
China,0,0,2.0,0,0,1,0,1,0,-0.09247621881767248,-0.44612838063156146
China,0,1,0.0,0,0,1,0,1,0,0.6664418910907058,-0.44612838063156146
China,0,1,0.0,1,0,0,0,1,0,0.0378583509632444,-0.44612838063156146
China,0,1,1.0,0,0,1,0,1,0,0.187992477345394,-0.44612838063156146
China,0,0,3.0,0,1,0,0,0,1,-0.09239042788831126,-0.44612838063156146
China,0,0,3.0,0,0,0,1,0,1,-0.09247758817288819,-0.44612838063156146
China,0,2,3.0,0,1,0,0,0,1,-0.0924764167967481,-0.44612838063156146
China,0,2,3.0,0,0,0,1,0,1,-0.09247758817288819,-0.44612838063156146
China,0,1,3.0,0,1,0,0,0,1,-0.09247539390489017,-0.44612838063156146
China,0,1,3.0,0,0,0,1,0,1,-0.09247722521129051,-0.44612838063156146
China,0,1,3.0,0,0,0,1,0,1,-0.09247677975832119,-0.17664574670062994
China,0,1,3.0,0,1,0,0,0,1,-0.09247390906172465,-0.17664574670062994
China,0,2,3.0,0,0,0,1,0,1,-0.09247626831239222,-0.17664574670062994
China,0,2,0.0,0,1,0,0,0,1,-0.09246978449781305,-0.17664574670062994
China,0,0,3.0,0,0,0,1,0,1,-0.09247758817288819,-0.17664574670062994
China,0,0,3.0,0,1,0,0,0,1,-0.09237887910935878,-0.17664574670062994
China,0,1,1.0,0,0,1,0,1,0,0.3694732894556847,-0.17664574670062994
China,0,1,1.0,1,0,0,0,1,0,0.0890029434670536,-0.17664574670062994
China,0,1,0.0,0,0,1,0,1,0,1.441859906471039,0.09283688723030159
China,0,1,0.0,1,0,0,0,1,0,0.6829401467370959,-0.17664574670062994
China,0,0,2.0,0,0,1,0,1,0,-0.09191692795125986,-0.17664574670062994
China,0,0,0.0,0,0,1,0,1,0,0.3694732894556847,-0.17664574670062994
China,0,0,2.0,1,0,0,0,1,0,-0.0918509349286743,-0.17664574670062994
China,0,0,0.0,1,0,0,0,1,0,0.05270678104499546,-0.17664574670062994
China,0,2,0.0,0,0,1,0,1,0,0.10550119911344367,-0.17664574670062994
China,0,2,0.0,1,0,0,0,1,0,0.019710269752215324,-0.17664574670062994
China,0,0,1.0,1,0,0,0,1,0,-0.09176844365044234,-0.17664574670062994
China,0,0,3.0,0,0,1,0,1,0,-0.042983101704066926,-0.17664574670062994
China,0,2,0.0,0,0,1,0,1,0,-0.09244982160863827,-0.17664574670062994
China,0,2,1.0,0,0,1,0,1,0,-0.0911992538306419,0.09283688723030159
China,0,0,1.0,0,0,1,0,1,0,-0.041333276139427916,0.09283688723030159
China,0,0,1.0,1,0,0,0,1,0,-0.09049807796567032,0.09283688723030159
China,0,2,0.0,1,0,0,0,1,0,-0.0033872881527307673,0.09283688723030159
China,0,2,0.0,0,0,1,0,1,0,0.23748724428456416,0.09283688723030159
China,0,0,0.0,1,0,0,0,1,0,0.044457653221800425,0.09283688723030159
China,0,0,2.0,1,0,0,0,1,0,-0.0910095238907084,0.09283688723030159
China,0,0,0.0,0,0,1,0,1,0,0.5014593346268053,0.09283688723030159
China,0,0,3.0,0,0,1,0,1,0,-0.09049807796567032,0.09283688723030159
China,0,1,0.0,1,0,0,0,1,0,1.2603790943607482,0.09283688723030159
China,0,1,0.0,0,0,1,0,1,0,2.712225591243074,0.09283688723030159
China,0,1,1.0,1,0,0,0,1,0,0.3529750338092946,0.09283688723030159
China,0,1,1.0,0,0,1,0,1,0,0.7984279362618264,0.09283688723030159
China,0,0,3.0,0,1,0,0,0,1,-0.09237227980710022,0.09283688723030159
China,0,0,3.0,0,0,0,1,0,1,-0.09247758817288819,0.09283688723030159
China,0,2,3.0,0,1,0,0,0,1,-0.09247209425376089,0.09283688723030159
China,0,2,0.0,0,0,0,1,0,1,-0.09247539390489017,0.09283688723030159
China,0,1,3.0,0,1,0,0,0,1,-0.09247645804234789,0.09283688723030159
China,0,1,3.0,0,0,0,1,0,1,-0.09247605383507669,0.09283688723030159
China,0,1,3.0,0,0,0,1,0,1,-0.09247539390489017,0.3623195211612331
China,0,1,3.0,0,1,0,0,0,1,-0.09246961951541392,0.3623195211612331
China,0,2,3.0,0,0,0,1,0,1,-0.09247506393969857,0.3623195211612331
China,0,2,3.0,0,1,0,0,0,1,-0.09247645804234789,0.3623195211612331
China,0,0,3.0,0,0,0,1,0,1,-0.09247758817288819,0.3623195211612331
China,0,0,3.0,0,1,0,0,0,1,-0.09237722928379415,0.3623195211612331
China,0,1,1.0,0,0,1,0,1,0,1.177887816128798,0.3623195211612331
China,0,1,0.0,1,0,0,0,1,0,0.28698201122373435,0.3623195211612331
China,0,1,0.0,0,0,1,0,1,0,4.197068599418181,0.3623195211612331
China,0,1,0.0,1,0,0,0,1,0,1.2768773500071384,0.3623195211612331
China,0,0,2.0,0,0,1,0,1,0,-0.08868326984456741,0.3623195211612331
China,0,0,0.0,0,0,1,0,1,0,0.6169471241515357,0.3623195211612331
China,0,0,2.0,1,0,0,0,1,0,-0.09066306052213421,0.3623195211612331
China,0,0,0.0,1,0,0,0,1,0,0.019710269752215324,0.3623195211612331
China,0,2,0.0,0,0,1,0,1,0,0.3199785225165145,0.3623195211612331
China,0,2,0.0,1,0,0,0,1,0,-0.04793257839798395,0.3623195211612331
China,0,0,1.0,1,0,0,0,1,0,-0.09176844365044234,0.3623195211612331
China,0,0,1.0,0,0,1,0,1,0,-0.03968345057478891,0.3623195211612331
China,0,2,1.0,0,0,1,0,1,0,-0.092405276318393,0.3623195211612331
China,0,2,1.0,1,0,0,0,1,0,-0.09243332335299187,0.3623195211612331
China,0,2,1.0,1,0,0,0,1,0,-0.09247621881767248,0.09283688723030159
China,0,2,1.0,0,0,1,0,1,0,-0.09235083207475991,0.6318021550921646
China,0,0,1.0,0,0,1,0,1,0,-0.0363837994455109,0.6318021550921646
China,0,0,1.0,1,0,0,0,1,0,-0.08950818262688691,0.6318021550921646
China,0,2,0.0,1,0,0,0,1,0,-0.04958240396262295,0.6318021550921646
China,0,2,0.0,0,0,1,0,1,0,0.3529750338092946,0.09283688723030159
China,0,0,0.0,1,0,0,0,1,0,-0.0017374625880917606,0.6318021550921646
China,0,0,2.0,1,0,0,0,1,0,-0.09049807796567032,0.6318021550921646
China,0,0,0.0,0,0,1,0,1,0,0.699438402383486,0.6318021550921646
China,0,0,2.0,0,0,1,0,1,0,-0.0870334442799284,0.6318021550921646
China,0,1,0.0,1,0,0,0,1,0,1.425361650824649,0.6318021550921646
China,0,1,0.0,0,0,1,0,1,0,5.681911607593286,0.6318021550921646
China,0,1,1.0,1,0,0,0,1,0,0.27048375557734433,0.6318021550921646
China,0,1,1.0,0,0,1,0,1,0,1.5408494403493793,0.6318021550921646
China,0,0,3.0,0,1,0,0,0,1,-0.09247645804234789,0.09283688723030159
China,0,0,3.0,0,0,0,1,0,1,-0.09244982160863827,0.6318021550921646
China,0,2,3.0,0,1,0,0,0,1,-0.09247555888748596,0.6318021550921646
China,0,2,3.0,0,0,0,1,0,1,-0.09247506393969857,0.6318021550921646
China,0,1,3.0,0,1,0,0,0,1,-0.09246846463783336,0.6318021550921646
China,0,1,3.0,0,0,0,1,0,1,-0.09247473397470364,0.6318021550921646
China,0,1,3.0,0,0,0,1,0,1,-0.09247758817288819,0.9012847890230962
China,0,1,3.0,0,1,0,0,0,1,-0.0924514714342029,0.9012847890230962
China,0,2,3.0,0,0,0,1,0,1,-0.09247456899210785,0.9012847890230962
China,0,2,3.0,0,1,0,0,0,1,-0.09247110435857944,0.9012847890230962
China,0,0,3.0,0,0,0,1,0,1,-0.09244487213194434,0.9012847890230962
China,0,0,3.0,0,1,0,0,0,1,-0.09238547841161734,0.9012847890230962
China,0,1,2.0,1,0,0,0,1,0,-0.09244652195750898,0.9012847890230962
China,0,1,2.0,0,0,1,0,1,0,-0.09244652195750898,0.9012847890230962
China,0,1,1.0,0,0,1,0,1,0,2.5472430347791732,0.9012847890230962
China,0,1,1.0,1,0,0,0,1,0,0.8149261919082165,0.9012847890230962
China,0,1,0.0,0,0,1,0,1,0,10.136440632118605,0.9012847890230962
China,0,1,0.0,1,0,0,0,1,0,-0.09176844365044234,0.9012847890230962
China,0,0,2.0,0,0,1,0,1,0,-0.0855486012717533,0.9012847890230962
China,0,0,0.0,0,0,1,0,1,0,0.7819296806154363,0.9012847890230962
China,0,0,2.0,1,0,0,0,1,0,-0.09099302563506202,0.9012847890230962
China,0,0,0.0,1,0,0,0,1,0,-0.09176844365044234,0.9012847890230962
China,0,2,0.0,0,0,1,0,1,0,0.45196456768763504,0.9012847890230962
China,0,2,0.0,1,0,0,0,1,0,0.024659746446132346,0.9012847890230962
China,0,0,3.0,1,0,0,0,1,0,-0.09105901865764758,0.09283688723030159
China,0,0,1.0,0,0,1,0,1,0,-0.0911992538306419,0.9012847890230962
China,0,2,1.0,0,0,1,0,1,0,-0.09209840876337015,0.9012847890230962
China,0,2,1.0,1,0,0,0,1,0,-0.09221389655289489,0.9012847890230962
China,0,2,2.0,1,0,0,0,1,0,-0.09247291916654321,0.9012847890230962
China,0,2,0.0,0,0,1,0,1,0,-0.09247291916654321,0.9012847890230962
China,0,2,2.0,0,0,1,0,1,0,-0.09114150993587952,1.1707674229540277
China,0,2,2.0,1,0,0,0,1,0,-0.09114150993587952,1.1707674229540277
China,0,2,1.0,1,0,0,0,1,0,-0.09000313029627861,1.1707674229540277
China,0,2,1.0,0,0,1,0,1,0,-0.0896731651833508,1.1707674229540277
China,0,0,1.0,0,0,1,0,1,0,-0.0911992538306419,1.1707674229540277
China,0,0,1.0,1,0,0,0,1,0,-0.09066306052213421,1.1707674229540277
China,0,2,0.0,1,0,0,0,1,0,-0.09176844365044234,1.1707674229540277
China,0,2,0.0,0,0,1,0,1,0,0.6664418910907058,1.1707674229540277
China,0,0,0.0,1,0,0,0,1,0,-0.019885543799120834,1.1707674229540277
China,0,0,2.0,1,0,0,0,1,0,-0.09033309540920642,1.1707674229540277
China,0,0,0.0,0,0,1,0,1,0,0.8479227032009966,1.1707674229540277
China,0,0,3.0,0,0,1,0,1,0,-0.08356881059418649,1.1707674229540277
China,0,1,0.0,1,0,0,0,1,0,7.166754615768392,1.1707674229540277
China,0,1,0.0,0,0,1,0,1,0,18.055603342385837,1.1707674229540277
China,0,1,1.0,1,0,0,0,1,0,2.3822604783152728,1.1707674229540277
China,0,1,1.0,0,0,1,0,1,0,5.0219813817376835,1.1707674229540277
China,0,1,2.0,0,0,1,0,1,0,-0.09208191050772377,1.1707674229540277
China,0,1,2.0,1,0,0,0,1,0,-0.09208191050772377,1.1707674229540277
China,0,0,3.0,0,1,0,0,0,1,-0.09236898015597095,1.1707674229540277
China,0,0,3.0,0,0,0,1,0,1,-0.09244157248081507,1.1707674229540277
China,0,2,0.0,0,1,0,0,0,1,-0.0924597205620261,1.1707674229540277
China,0,2,3.0,0,0,0,1,0,1,-0.0924735790969264,1.1707674229540277
China,0,1,0.0,0,1,0,0,0,1,-0.0924300237018626,1.1707674229540277
China,0,1,3.0,0,0,0,1,0,1,-0.0924694545330148,1.1707674229540277
China,0,1,3.0,0,0,0,1,0,1,-0.09247758817288819,1.4402500568849592
China,0,1,3.0,0,1,0,0,0,1,-0.09241517527178084,1.4402500568849592
China,0,2,3.0,0,0,0,1,0,1,-0.09247192927136176,1.4402500568849592
China,0,2,3.0,0,1,0,0,0,1,-0.09245807073646145,1.4402500568849592
China,0,0,3.0,0,0,0,1,0,1,-0.09243662300412114,1.4402500568849592
China,0,0,3.0,0,1,0,0,0,1,-0.09247645804234789,1.4402500568849592
China,0,1,2.0,1,0,0,0,1,0,-0.09176844365044234,1.4402500568849592
China,0,1,2.0,0,0,1,0,1,0,-0.09122400121411148,1.4402500568849592
China,0,1,1.0,0,0,1,0,1,0,9.476510406263001,1.4402500568849592
China,0,1,1.0,1,0,0,0,1,0,4.362051155882081,1.4402500568849592
China,0,1,0.0,0,0,1,0,1,0,26.30473116558087,1.4402500568849592
China,0,1,0.0,1,0,0,0,1,0,8.8165801804074,1.4402500568849592
China,0,0,2.0,0,0,1,0,1,0,-0.08158901991661968,1.4402500568849592
China,0,0,0.0,0,0,1,0,1,0,0.8974174701401668,1.4402500568849592
China,0,0,2.0,1,0,0,0,1,0,-0.09176844365044234,1.4402500568849592
China,0,0,0.0,1,0,0,0,1,0,-0.044632927268705935,1.4402500568849592
China,0,2,0.0,0,0,1,0,1,0,1.0294035153112873,1.4402500568849592
China,0,2,0.0,1,0,0,0,1,0,0.3034802668701244,1.4402500568849592
China,0,0,1.0,1,0,0,0,1,0,-0.09033309540920642,1.4402500568849592
China,0,0,1.0,0,0,1,0,1,0,-0.03143432275159388,1.4402500568849592
China,0,2,1.0,0,0,1,0,1,0,-0.0896731651833508,1.4402500568849592
China,0,2,2.0,1,0,0,0,1,0,-0.08934320007042301,1.4402500568849592
China,0,2,2.0,0,0,1,0,1,0,-0.08802333961871181,1.4402500568849592
Colombia,0,1,0.0,1,0,0,0,1,0,-0.0924135254462162,-0.715611014562493
Colombia,0,1,1.0,1,0,0,0,1,0,-0.09247291916654321,-0.715611014562493
Colombia,0,1,3.0,0,1,0,0,0,1,-0.092477840596201,-0.715611014562493
Colombia,0,1,3.0,0,1,0,0,0,1,-0.09247783069724906,-0.44612838063156146
Colombia,0,1,1.0,1,0,0,0,1,0,-0.09243662300412114,-0.44612838063156146
Colombia,0,1,0.0,1,0,0,0,1,0,-0.09243167352742723,-0.44612838063156146
Colombia,0,1,0.0,1,0,0,0,1,0,-0.09232608469129033,-0.17664574670062994
Colombia,0,1,1.0,1,0,0,0,1,0,-0.09238547841161734,-0.17664574670062994
Colombia,0,1,3.0,0,1,0,0,0,1,-0.09247775810492154,-0.17664574670062994
Colombia,0,1,3.0,0,1,0,0,0,1,-0.09247747268511046,0.09283688723030159
Colombia,0,1,1.0,1,0,0,0,1,0,-0.09176844365044234,0.09283688723030159
Colombia,0,1,0.0,1,0,0,0,1,0,-0.09206541225207737,0.09283688723030159
Colombia,0,1,0.0,1,0,0,0,1,0,-0.09104252040200118,0.3623195211612331
Colombia,0,1,0.0,1,0,0,0,1,0,-0.09173544713914956,0.3623195211612331
Colombia,0,1,3.0,0,1,0,0,0,1,-0.0924769612391569,0.3623195211612331
Colombia,0,1,3.0,0,1,0,0,0,1,-0.09247692824267709,0.6318021550921646
Colombia,0,1,1.0,1,0,0,0,1,0,-0.09170245062785679,0.6318021550921646
Colombia,0,1,0.0,1,0,0,0,1,0,-0.0916859523722104,0.6318021550921646
Colombia,0,1,0.0,1,0,0,0,1,0,-0.09109201516894036,0.9012847890230962
Colombia,0,1,1.0,1,0,0,0,1,0,-0.0896731651833508,0.9012847890230962
Colombia,0,1,3.0,0,1,0,0,0,1,-0.09247588885248088,0.9012847890230962
Colombia,0,1,3.0,0,1,0,0,0,1,-0.09247456899210785,1.1707674229540277
Colombia,0,1,1.0,1,0,0,0,1,0,-0.08851828728810351,1.1707674229540277
Colombia,0,1,0.0,1,0,0,0,1,0,-0.08934320007042301,1.1707674229540277
Colombia,0,1,0.0,1,0,0,0,1,0,-0.0865384966105367,1.4402500568849592
Colombia,0,1,1.0,1,0,0,0,1,0,-0.0883533047316396,1.4402500568849592
Colombia,0,1,0.0,0,1,0,0,0,1,-0.09247645804234789,1.4402500568849592
Costa Rica,0,1,0.0,1,0,0,0,1,0,-0.09247126934097857,-0.715611014562493
Costa Rica,0,1,3.0,0,1,0,0,0,1,-0.09247785280491096,-0.715611014562493
Costa Rica,0,1,0.0,0,0,1,0,1,0,-0.09224689306418767,-0.715611014562493
Costa Rica,0,1,0.0,0,0,1,0,1,0,-0.09221389655289489,-0.44612838063156146
Costa Rica,0,1,3.0,0,1,0,0,0,1,-0.0924778273975974,-0.44612838063156146
Costa Rica,0,1,0.0,1,0,0,0,1,0,-0.09245807073646145,-0.44612838063156146
Costa Rica,0,1,0.0,1,0,0,0,1,0,-0.09243662300412114,-0.17664574670062994
Costa Rica,0,1,3.0,0,1,0,0,0,1,-0.09247776965370545,-0.17664574670062994
Costa Rica,0,1,0.0,0,0,1,0,1,0,-0.0921809000416021,-0.17664574670062994
Costa Rica,0,1,0.0,0,0,1,0,1,0,-0.0911992538306419,0.09283688723030159
Costa Rica,0,1,3.0,0,1,0,0,0,1,-0.09247689524619726,0.09283688723030159
Costa Rica,0,1,0.0,1,0,0,0,1,0,-0.09214790353030933,0.09283688723030159
Costa Rica,0,1,0.0,1,0,0,0,1,0,-0.09171894888350318,0.3623195211612331
Costa Rica,0,1,3.0,0,1,0,0,0,1,-0.09247539390489017,0.3623195211612331
Costa Rica,0,1,0.0,0,0,1,0,1,0,-0.09109201516894036,0.3623195211612331
Costa Rica,0,1,0.0,0,0,1,0,1,0,-0.0911992538306419,0.6318021550921646
Costa Rica,0,1,0.0,0,1,0,0,0,1,-0.09247341411413393,0.6318021550921646
Costa Rica,0,1,0.0,1,0,0,0,1,0,-0.09143847853751455,0.6318021550921646
Costa Rica,0,1,0.0,1,0,0,0,1,0,-0.09176844365044234,0.9012847890230962
Costa Rica,0,1,3.0,0,1,0,0,0,1,-0.09247143432337769,0.9012847890230962
Costa Rica,0,1,0.0,0,0,1,0,1,0,-0.0883533047316396,0.9012847890230962
Costa Rica,0,1,0.0,0,0,1,0,1,0,-0.0857135838282172,1.1707674229540277
Costa Rica,0,1,3.0,0,1,0,0,0,1,-0.0924687946026316,1.1707674229540277
Costa Rica,0,1,0.0,1,0,0,0,1,0,-0.08983814773981472,1.1707674229540277
Costa Rica,0,1,0.0,1,0,0,0,1,0,-0.084393723376506,1.4402500568849592
Costa Rica,0,1,3.0,0,1,0,0,0,1,-0.09245807073646145,1.4402500568849592
Costa Rica,0,1,0.0,0,0,1,0,1,0,-0.07762943856148606,1.4402500568849592
Croatia,0,1,3.0,0,1,0,0,0,1,-0.09247719221476153,0.3623195211612331
Croatia,0,1,0.0,1,0,0,0,1,0,-0.09216440178595571,0.3623195211612331
Croatia,0,1,1.0,1,0,0,0,1,0,-0.09236733033040631,0.3623195211612331
Croatia,0,1,1.0,1,0,0,0,1,0,-0.09224689306418767,0.6318021550921646
Croatia,0,1,0.0,1,0,0,0,1,0,-0.09160346109397845,0.6318021550921646
Croatia,0,1,3.0,0,1,0,0,0,1,-0.09247473397470364,0.09283688723030159
Croatia,0,1,3.0,0,1,0,0,0,1,-0.09247159930617016,0.9012847890230962
Croatia,0,1,0.0,1,0,0,0,1,0,-0.09016811285274251,0.9012847890230962
Croatia,0,1,1.0,1,0,0,0,1,0,-0.09181793841738152,0.9012847890230962
Croatia,0,1,1.0,1,0,0,0,1,0,-0.09109201516894036,1.1707674229540277
Croatia,0,1,0.0,1,0,0,0,1,0,-0.09016811285274251,1.1707674229540277
Croatia,0,1,3.0,0,1,0,0,0,1,-0.09246961951541392,1.1707674229540277
Croatia,0,1,3.0,0,1,0,0,0,1,-0.09247027944579712,1.4402500568849592
Croatia,0,1,0.0,1,0,0,0,1,0,-0.08983814773981472,1.4402500568849592
Croatia,0,1,0.0,1,0,0,0,1,0,-0.09084454133424451,1.4402500568849592
Cyprus,0,1,0.0,1,0,0,0,1,0,-0.09176844365044234,0.09283688723030159
Cyprus,0,1,3.0,0,1,0,0,0,1,-0.09247755517638377,0.3623195211612331
Cyprus,0,1,3.0,0,1,0,0,0,1,-0.09247555888748596,0.6318021550921646
Cyprus,0,1,0.0,1,0,0,0,1,0,-0.09240857596952229,0.6318021550921646
Cyprus,0,1,1.0,1,0,0,0,1,0,-0.09234093312137209,0.6318021550921646
Cyprus,0,1,1.0,1,0,0,0,1,0,-0.0923161857379025,0.9012847890230962
Cyprus,0,1,0.0,1,0,0,0,1,0,-0.09233928329580744,0.9012847890230962
Cyprus,0,1,3.0,0,1,0,0,0,1,-0.09247506393969857,0.9012847890230962
Cyprus,0,1,0.0,0,1,0,0,0,1,-0.09246895958503074,1.1707674229540277
Cyprus,0,1,0.0,1,0,0,0,1,0,-0.09176844365044234,1.1707674229540277
Cyprus,0,1,1.0,1,0,0,0,1,0,-0.09209840876337015,1.1707674229540277
Cyprus,0,1,1.0,1,0,0,0,1,0,-0.09163645760527123,1.4402500568849592
Cyprus,0,1,0.0,1,0,0,0,1,0,-0.0911745064471723,1.4402500568849592
Cyprus,0,1,3.0,0,1,0,0,0,1,-0.09246335017795362,1.4402500568849592
Czech Republic,0,1,3.0,0,1,0,0,0,1,-0.09247765416592159,-0.715611014562493
Czech Republic,0,1,0.0,1,0,0,0,1,0,-0.09198292097384542,-0.715611014562493
Czech Republic,0,1,0.0,1,0,0,0,1,0,-0.09214790353030933,-0.44612838063156146
Czech Republic,0,1,3.0,0,1,0,0,0,1,-0.0924777366571949,0.09283688723030159
Czech Republic,0,1,0.0,0,1,0,0,0,1,-0.09247645804234789,-0.17664574670062994
Czech Republic,0,1,0.0,1,0,0,0,1,0,-0.09183443667302792,0.09283688723030159
Czech Republic,0,1,0.0,1,0,0,0,1,0,-0.09132299074798982,0.09283688723030159
Czech Republic,0,1,1.0,1,0,0,0,1,0,-0.0920159174851382,0.09283688723030159
Czech Republic,0,1,3.0,0,1,0,0,0,1,-0.09247724170953042,0.09283688723030159
Czech Republic,0,1,3.0,0,1,0,0,0,1,-0.09247706022869472,0.3623195211612331
Czech Republic,0,1,1.0,1,0,0,0,1,0,-0.09170245062785679,0.3623195211612331
Czech Republic,0,1,0.0,1,0,0,0,1,0,-0.09176844365044234,0.3623195211612331
Czech Republic,0,1,0.0,1,0,0,0,1,0,-0.0870334442799284,0.6318021550921646
Czech Republic,0,1,1.0,1,0,0,0,1,0,-0.08917821751395912,0.6318021550921646
Czech Republic,0,1,3.0,0,1,0,0,0,1,-0.09247645804234789,0.6318021550921646
Czech Republic,0,1,3.0,0,1,0,0,0,1,-0.09247275418414408,0.9012847890230962
Czech Republic,0,1,1.0,1,0,0,0,1,0,-0.0863735140540728,0.9012847890230962
Czech Republic,0,1,0.0,1,0,0,0,1,0,-0.09176844365044234,0.9012847890230962
Czech Republic,0,1,0.0,1,0,0,0,1,0,-0.08604354894114499,1.1707674229540277
Czech Republic,0,1,1.0,1,0,0,0,1,0,-0.0865384966105367,1.1707674229540277
Czech Republic,0,1,3.0,0,1,0,0,0,1,-0.09247143432337769,1.1707674229540277
Czech Republic,0,1,3.0,0,1,0,0,0,1,-0.09247645804234789,1.4402500568849592
Czech Republic,0,1,1.0,1,0,0,0,1,0,-0.08373379315065038,1.4402500568849592
Czech Republic,0,1,0.0,1,0,0,0,1,0,-0.08142403736015578,1.4402500568849592
Denmark,0,1,3.0,0,0,0,1,0,1,-0.09247786253888253,-2.063024184217151
Denmark,0,2,3.0,0,1,0,0,0,1,-0.09247780759969045,-2.063024184217151
Denmark,0,2,3.0,0,0,0,1,0,1,-0.09247786633348141,-2.063024184217151
Denmark,0,1,0.0,0,0,1,0,1,0,-0.09238052893492342,-2.063024184217151
Denmark,0,1,1.0,0,0,1,0,1,0,-0.0911992538306419,-2.063024184217151
Denmark,0,2,0.0,1,0,0,0,1,0,-0.09176844365044234,-2.063024184217151
Denmark,0,2,0.0,0,0,1,0,1,0,-0.09246796968984929,-2.063024184217151
Denmark,0,2,0.0,0,0,1,0,1,0,-0.0924300237018626,-1.793541550286219
Denmark,0,2,0.0,1,0,0,0,1,0,-0.09243992265525043,-1.793541550286219
Denmark,0,1,1.0,0,0,1,0,1,0,-0.09244487213194434,-1.793541550286219
Denmark,0,1,0.0,0,0,1,0,1,0,-0.0916859523722104,-1.793541550286219
Denmark,0,1,0.0,1,0,0,0,1,0,-0.09178494190608874,-1.793541550286219
Denmark,0,0,0.0,1,0,0,0,1,0,-0.09247621881767248,-1.793541550286219
Denmark,0,0,0.0,0,0,1,0,1,0,-0.09247621881767248,-1.793541550286219
Denmark,0,1,1.0,1,0,0,0,1,0,-0.09247456899210785,-1.793541550286219
Denmark,0,2,3.0,0,0,0,1,0,1,-0.09247785742442313,-1.793541550286219
Denmark,0,2,0.0,0,1,0,0,0,1,-0.09247770861015263,-1.793541550286219
Denmark,0,0,3.0,0,0,0,1,0,1,-0.09247785049515601,-1.793541550286219
Denmark,0,0,3.0,0,1,0,0,0,1,-0.0924776706641738,-1.793541550286219
Denmark,0,1,3.0,0,0,0,1,0,1,-0.09247758817288819,-1.793541550286219
Denmark,0,1,3.0,0,1,0,0,0,1,-0.09247745618684597,-1.793541550286219
Denmark,0,1,3.0,0,1,0,0,0,1,-0.09247739019383715,-1.5240589163552876
Denmark,0,1,0.0,0,0,0,1,0,1,-0.09247777625300266,-1.5240589163552876
Denmark,0,0,3.0,0,1,0,0,0,1,-0.09247765416592159,-1.5240589163552876
Denmark,0,0,3.0,0,0,0,1,0,1,-0.09247783069724906,-1.5240589163552876
Denmark,0,2,3.0,0,1,0,0,0,1,-0.09247694474091699,-1.5240589163552876
Denmark,0,2,3.0,0,0,0,1,0,1,-0.09247777790283156,-1.5240589163552876
Denmark,0,1,1.0,1,0,0,0,1,0,-0.09245807073646145,-1.5240589163552876
Denmark,0,0,0.0,0,0,1,0,1,0,-0.09247456899210785,-1.5240589163552876
Denmark,0,0,0.0,1,0,0,0,1,0,-0.09247621881767248,-1.5240589163552876
Denmark,0,1,0.0,1,0,0,0,1,0,-0.091669454116564,-1.5240589163552876
Denmark,0,1,0.0,0,0,1,0,1,0,-0.09049807796567032,0.09283688723030159
Denmark,0,1,1.0,0,0,1,0,1,0,-0.09245477108533218,-1.5240589163552876
Denmark,0,2,0.0,1,0,0,0,1,0,-0.09226339131983405,-1.5240589163552876
Denmark,0,2,0.0,0,0,1,0,1,0,-0.09211490701901655,-1.5240589163552876
Denmark,0,2,1.0,1,0,0,0,1,0,-0.09246467003872001,0.09283688723030159
Denmark,0,2,1.0,0,0,1,0,1,0,-0.0911992538306419,-1.5240589163552876
Denmark,0,2,1.0,0,0,1,0,1,0,-0.09245807073646145,-1.254576282424356
Denmark,0,2,1.0,1,0,0,0,1,0,-0.09247456899210785,-1.254576282424356
Denmark,0,2,0.0,0,0,1,0,1,0,-0.09196642271819903,-1.254576282424356
Denmark,0,2,0.0,1,0,0,0,1,0,-0.09231288608677322,-1.254576282424356
Denmark,0,1,1.0,0,0,1,0,1,0,-0.09245477108533218,-1.254576282424356
Denmark,0,1,0.0,0,0,1,0,1,0,-0.09000313029627861,-1.254576282424356
Denmark,0,1,0.0,1,0,0,0,1,0,-0.09165295586091762,0.09283688723030159
Denmark,0,1,2.0,1,0,0,0,1,0,-0.09245312125976754,-1.254576282424356
Denmark,0,0,0.0,1,0,0,0,1,0,-0.09247456899210785,-1.254576282424356
Denmark,0,0,0.0,0,0,1,0,1,0,-0.09247126934097857,-1.254576282424356
Denmark,0,1,1.0,1,0,0,0,1,0,-0.09246137038759074,-1.254576282424356
Denmark,0,2,3.0,0,0,0,1,0,1,-0.0924777366571949,-1.254576282424356
Denmark,0,2,3.0,0,1,0,0,0,1,-0.09247714271999262,-1.254576282424356
Denmark,0,0,3.0,0,0,0,1,0,1,-0.09247758817288819,-1.254576282424356
Denmark,0,0,3.0,0,1,0,0,0,1,-0.09247742319031697,-1.254576282424356
Denmark,0,1,3.0,0,0,0,1,0,1,-0.09247775645509262,-1.254576282424356
Denmark,0,1,3.0,0,1,0,0,0,1,-0.09247740669207706,-1.254576282424356
Denmark,0,1,3.0,0,1,0,0,0,1,-0.09247638380026828,-0.9850936484934245
Denmark,0,1,3.0,0,0,0,1,0,1,-0.09247758817288819,-0.9850936484934245
Denmark,0,2,3.0,0,0,0,1,0,1,-0.09247771685928488,-0.9850936484934245
Denmark,0,0,3.0,0,0,0,1,0,1,-0.09247779110143824,-0.9850936484934245
Denmark,0,2,3.0,0,1,0,0,0,1,-0.09247758817288819,-0.9850936484934245
Denmark,0,1,1.0,1,0,0,0,1,0,-0.09232938434241961,-0.9850936484934245
Denmark,0,0,0.0,0,0,1,0,1,0,-0.09247126934097857,-0.9850936484934245
Denmark,0,1,2.0,1,0,0,0,1,0,-0.09176844365044234,-0.9850936484934245
Denmark,0,1,0.0,1,0,0,0,1,0,-0.08983814773981472,-0.9850936484934245
Denmark,0,1,0.0,0,0,1,0,1,0,-0.087693374505784,-0.9850936484934245
Denmark,0,1,1.0,0,0,1,0,1,0,-0.09231288608677322,-0.9850936484934245
Denmark,0,2,0.0,1,0,0,0,1,0,-0.09240032684169909,-0.9850936484934245
Denmark,0,2,0.0,0,0,1,0,1,0,-0.09190042969561348,-0.9850936484934245
Denmark,0,2,1.0,1,0,0,0,1,0,-0.09176844365044234,-0.9850936484934245
Denmark,0,2,1.0,0,0,1,0,1,0,-0.0911992538306419,0.09283688723030159
Denmark,0,2,1.0,0,0,1,0,1,0,-0.09231288608677322,-0.715611014562493
Denmark,0,2,1.0,1,0,0,0,1,0,-0.0923376334702428,-0.715611014562493
Denmark,0,2,0.0,0,0,1,0,1,0,-0.09150447156010011,-0.715611014562493
Denmark,0,2,0.0,1,0,0,0,1,0,-0.09204891399643098,-0.715611014562493
Denmark,0,1,1.0,0,0,1,0,1,0,-0.09153746807139289,-0.715611014562493
Denmark,0,1,0.0,0,0,1,0,1,0,-0.07944424668258897,-0.715611014562493
Denmark,0,1,0.0,1,0,0,0,1,0,-0.08538361871528939,-0.715611014562493
Denmark,0,1,2.0,1,0,0,0,1,0,-0.09176844365044234,-0.715611014562493
Denmark,0,1,2.0,0,0,1,0,1,0,-0.09241682509734549,-0.715611014562493
Denmark,0,0,0.0,0,0,1,0,1,0,-0.0911992538306419,-0.715611014562493
Denmark,0,1,1.0,1,0,0,0,1,0,-0.09178494190608874,-0.715611014562493
Denmark,0,2,3.0,0,1,0,0,0,1,-0.09247605383507669,-0.715611014562493
Denmark,0,0,3.0,0,0,0,1,0,1,-0.09247779110143824,-0.715611014562493
Denmark,0,2,3.0,0,0,0,1,0,1,-0.09247758817288819,-0.715611014562493
Denmark,0,1,3.0,0,0,0,1,0,1,-0.09247729120429933,-0.715611014562493
Denmark,0,1,3.0,0,1,0,0,0,1,-0.09247407404451713,-0.715611014562493
Denmark,0,1,3.0,0,1,0,0,0,1,-0.09247646629146784,-0.44612838063156146
Denmark,0,1,3.0,0,0,0,1,0,1,-0.09247758817288819,-0.44612838063156146
Denmark,0,2,3.0,0,0,0,1,0,1,-0.09247753867811928,-0.44612838063156146
Denmark,0,0,3.0,0,0,0,1,0,1,-0.09247775315544711,-0.44612838063156146
Denmark,0,2,3.0,0,1,0,0,0,1,-0.09247645804234789,-0.44612838063156146
Denmark,0,0,3.0,0,1,0,0,0,1,-0.09247737369554807,-0.44612838063156146
Denmark,0,1,1.0,1,0,0,0,1,0,-0.09176844365044234,-0.44612838063156146
Denmark,0,0,0.0,0,0,1,0,1,0,-0.0911992538306419,-0.44612838063156146
Denmark,0,0,0.0,1,0,0,0,1,0,-0.09247291916654321,-0.44612838063156146
Denmark,0,1,2.0,0,0,1,0,1,0,-0.09236568050484167,-0.44612838063156146
Denmark,0,1,2.0,1,0,0,0,1,0,-0.09245477108533218,-0.44612838063156146
Denmark,0,1,0.0,1,0,0,0,1,0,-0.09033309540920642,-0.44612838063156146
Denmark,0,1,0.0,0,0,1,0,1,0,-0.07812438623087777,-0.44612838063156146
Denmark,0,1,1.0,0,0,1,0,1,0,-0.09066306052213421,-0.44612838063156146
Denmark,0,2,0.0,1,0,0,0,1,0,-0.0923838285860527,-0.44612838063156146
Denmark,0,2,0.0,0,0,1,0,1,0,-0.0911992538306419,-0.44612838063156146
Denmark,0,2,1.0,1,0,0,0,1,0,-0.09234423277250137,-0.44612838063156146
Denmark,0,2,1.0,0,0,1,0,1,0,-0.0921809000416021,-0.44612838063156146
Denmark,0,2,1.0,0,0,1,0,1,0,-0.0911992538306419,-0.17664574670062994
Denmark,0,2,0.0,1,0,0,0,1,0,-0.0924382728296858,-0.17664574670062994
Denmark,0,2,0.0,0,0,1,0,1,0,-0.0911992538306419,-0.17664574670062994
Denmark,0,2,0.0,1,0,0,0,1,0,-0.09236238085371239,-0.17664574670062994
Denmark,0,1,1.0,0,0,1,0,1,0,-0.08950818262688691,-0.17664574670062994
Denmark,0,1,0.0,0,0,1,0,1,0,-0.07795940367441387,-0.17664574670062994
Denmark,0,1,0.0,1,0,0,0,1,0,-0.09130649249234343,-0.17664574670062994
Denmark,0,1,2.0,1,0,0,0,1,0,-0.09245312125976754,-0.17664574670062994
Denmark,0,1,2.0,0,0,1,0,1,0,-0.09234093312137209,-0.17664574670062994
Denmark,0,0,0.0,0,0,1,0,1,0,-0.09246796968984929,-0.17664574670062994
Denmark,0,1,1.0,1,0,0,0,1,0,-0.09176844365044234,-0.17664574670062994
Denmark,0,2,3.0,0,1,0,0,0,1,-0.09247743968860606,-0.17664574670062994
Denmark,0,0,3.0,0,0,0,1,0,1,-0.0924777515056182,-0.17664574670062994
Denmark,0,2,3.0,0,0,0,1,0,1,-0.09247757167462368,-0.17664574670062994
Denmark,0,1,3.0,0,0,0,1,0,1,-0.09247717571652161,-0.17664574670062994
Denmark,0,1,3.0,0,1,0,0,0,1,-0.09247687874785901,-0.17664574670062994
Denmark,0,1,3.0,0,1,0,0,0,1,-0.09247440400970872,0.09283688723030159
Denmark,0,1,3.0,0,0,0,1,0,1,-0.09247689524619726,0.09283688723030159
Denmark,0,2,3.0,0,0,0,1,0,1,-0.09247758817288819,0.09283688723030159
Denmark,0,0,3.0,0,0,0,1,0,1,-0.09247758817288819,0.09283688723030159
Denmark,0,2,3.0,0,1,0,0,0,1,-0.09247663127406365,0.09283688723030159
Denmark,0,0,3.0,0,1,0,0,0,1,-0.0924776211693926,0.09283688723030159
Denmark,0,1,1.0,1,0,0,0,1,0,-0.08736340939285621,0.09283688723030159
Denmark,0,0,0.0,0,0,1,0,1,0,-0.09246467003872001,0.09283688723030159
Denmark,0,0,0.0,1,0,0,0,1,0,-0.09247456899210785,0.09283688723030159
Denmark,0,1,2.0,0,0,1,0,1,0,-0.0923326839935489,0.09283688723030159
Denmark,0,1,2.0,1,0,0,0,1,0,-0.09246961951541392,0.09283688723030159
Denmark,0,1,0.0,1,0,0,0,1,0,-0.09000313029627861,0.09283688723030159
Denmark,0,1,0.0,0,0,1,0,1,0,-0.07597961299684705,0.09283688723030159
Denmark,0,1,1.0,0,0,1,0,1,0,-0.08389877570711429,0.09283688723030159
Denmark,0,2,0.0,1,0,0,0,1,0,-0.09211490701901655,0.09283688723030159
Denmark,0,2,0.0,0,0,1,0,1,0,-0.09137248551492899,0.09283688723030159
Denmark,0,2,1.0,1,0,0,0,1,0,-0.09242672405073331,0.09283688723030159
Denmark,0,2,1.0,0,0,1,0,1,0,-0.09209840876337015,0.09283688723030159
Denmark,0,2,1.0,1,0,0,0,1,0,-0.0924217745740394,0.3623195211612331
Denmark,0,2,0.0,0,0,1,0,1,0,-0.09099302563506202,0.3623195211612331
Denmark,0,2,0.0,1,0,0,0,1,0,-0.09203241574078459,0.3623195211612331
Denmark,0,1,1.0,0,0,1,0,1,0,-0.07614459555331096,0.3623195211612331
Denmark,0,2,1.0,0,0,1,0,1,0,-0.0911992538306419,0.3623195211612331
Denmark,0,1,0.0,0,0,1,0,1,0,-0.0911992538306419,0.3623195211612331
Denmark,0,1,0.0,1,0,0,0,1,0,-0.08340382803772259,0.3623195211612331
Denmark,0,1,2.0,1,0,0,0,1,0,-0.09246467003872001,0.3623195211612331
Denmark,0,1,0.0,0,0,1,0,1,0,-0.09231288608677322,0.3623195211612331
Denmark,0,0,0.0,1,0,0,0,1,0,-0.09231288608677322,0.3623195211612331
Denmark,0,0,0.0,0,0,1,0,1,0,-0.09234093312137209,0.3623195211612331
Denmark,0,1,1.0,1,0,0,0,1,0,-0.08604354894114499,0.3623195211612331
Denmark,0,0,1.0,1,0,0,0,1,0,-0.09244982160863827,0.3623195211612331
Denmark,0,0,1.0,0,0,1,0,1,0,-0.0924382728296858,0.09283688723030159
Denmark,0,0,3.0,0,1,0,0,0,1,-0.09246516498670408,0.3623195211612331
Denmark,0,2,3.0,0,1,0,0,0,1,-0.09247645804234789,0.3623195211612331
Denmark,0,0,3.0,0,0,0,1,0,1,-0.09247640029850819,0.3623195211612331
Denmark,0,2,3.0,0,0,0,1,0,1,-0.09247735719730815,0.3623195211612331
Denmark,0,1,3.0,0,0,0,1,0,1,-0.09247628481073047,0.3623195211612331
Denmark,0,1,3.0,0,1,0,0,0,1,-0.09247093937618032,0.3623195211612331
Denmark,0,1,3.0,0,1,0,0,0,1,-0.0924514714342029,0.6318021550921646
Denmark,0,1,3.0,0,0,0,1,0,1,-0.09247407404451713,0.6318021550921646
Denmark,0,2,3.0,0,0,0,1,0,1,-0.09247709322522371,0.6318021550921646
Denmark,0,0,3.0,0,0,0,1,0,1,-0.0924763178072103,0.6318021550921646
Denmark,0,2,3.0,0,1,0,0,0,1,-0.09247374407932553,0.6318021550921646
Denmark,0,0,3.0,0,1,0,0,0,1,-0.09247308414894233,0.6318021550921646
Denmark,0,0,2.0,1,0,0,0,1,0,-0.09247291916654321,0.6318021550921646
Denmark,0,0,2.0,0,0,1,0,1,0,-0.09247291916654321,0.6318021550921646
Denmark,0,1,1.0,1,0,0,0,1,0,-0.062781008479735,0.6318021550921646
Denmark,0,0,0.0,0,0,1,0,1,0,-0.0923326839935489,0.6318021550921646
Denmark,0,0,0.0,1,0,0,0,1,0,-0.09246796968984929,0.6318021550921646
Denmark,0,1,2.0,0,0,1,0,1,0,-0.09223039480854127,0.6318021550921646
Denmark,0,1,2.0,1,0,0,0,1,0,-0.09240362649282836,0.6318021550921646
Denmark,0,1,0.0,1,0,0,0,1,0,-0.06938031073829103,0.6318021550921646
Denmark,0,1,0.0,0,0,1,0,1,0,-0.03968345057478891,0.6318021550921646
Denmark,0,2,1.0,0,0,1,0,1,0,-0.09176844365044234,0.6318021550921646
Denmark,0,1,1.0,0,0,1,0,1,0,-0.042983101704066926,0.6318021550921646
Denmark,0,2,0.0,1,0,0,0,1,0,-0.09145497679316093,0.6318021550921646
Denmark,0,2,0.0,0,0,1,0,1,0,-0.09033309540920642,0.6318021550921646
Denmark,0,2,1.0,1,0,0,0,1,0,-0.09221389655289489,0.6318021550921646
Denmark,0,0,1.0,0,0,1,0,1,0,-0.09243992265525043,0.6318021550921646
Denmark,0,2,2.0,0,0,1,0,1,0,-0.09247621881767248,0.6318021550921646
Denmark,0,2,2.0,0,0,1,0,1,0,-0.09247291916654321,0.9012847890230962
Denmark,0,0,1.0,0,0,1,0,1,0,-0.0924382728296858,0.9012847890230962
Denmark,0,2,2.0,1,0,0,0,1,0,-0.09247456899210785,0.9012847890230962
Denmark,0,2,0.0,1,0,0,0,1,0,-0.09194992446255264,0.9012847890230962
Denmark,0,2,0.0,0,0,1,0,1,0,-0.0881883221751757,0.09283688723030159
Denmark,0,2,0.0,1,0,0,0,1,0,-0.09000313029627861,0.9012847890230962
Denmark,0,1,1.0,0,0,1,0,1,0,0.03620852539860539,0.9012847890230962
Denmark,0,2,1.0,0,0,1,0,1,0,-0.0911910047028187,0.9012847890230962
Denmark,0,1,0.0,0,0,1,0,1,0,0.018060444187576317,0.9012847890230962
Denmark,0,1,0.0,1,0,0,0,1,0,-0.05123222952726196,0.9012847890230962
Denmark,0,1,2.0,1,0,0,0,1,0,-0.09234918224919528,0.9012847890230962
Denmark,0,1,2.0,0,0,1,0,1,0,-0.09209840876337015,0.9012847890230962
Denmark,0,0,0.0,1,0,0,0,1,0,-0.09211490701901655,0.9012847890230962
Denmark,0,0,3.0,0,0,1,0,1,0,-0.09196642271819903,0.9012847890230962
Denmark,0,1,1.0,1,0,0,0,1,0,-0.02648484605767686,0.9012847890230962
Denmark,0,0,2.0,0,0,1,0,1,0,-0.0911992538306419,0.9012847890230962
Denmark,0,0,3.0,0,1,0,0,0,1,-0.09244817178307362,0.9012847890230962
Denmark,0,2,3.0,0,1,0,0,0,1,-0.09246846463783336,0.9012847890230962
Denmark,0,0,3.0,0,0,0,1,0,1,-0.09247291916654321,0.9012847890230962
Denmark,0,2,3.0,0,0,0,1,0,1,-0.09247635080369013,0.9012847890230962
Denmark,0,1,3.0,0,0,0,1,0,1,-0.09246928955061567,0.9012847890230962
Denmark,0,1,3.0,0,1,0,0,0,1,-0.09242012474847476,0.9012847890230962
Denmark,0,1,3.0,0,1,0,0,0,1,-0.0924135254462162,0.09283688723030159
Denmark,0,1,0.0,0,0,0,1,0,1,-0.09246500000351826,1.1707674229540277
Denmark,0,2,3.0,0,0,0,1,0,1,-0.09247539390489017,1.1707674229540277
Denmark,0,0,3.0,0,0,0,1,0,1,-0.09246714477706697,1.1707674229540277
Denmark,0,2,3.0,0,1,0,0,0,1,-0.09247645804234789,1.1707674229540277
Denmark,0,0,3.0,0,1,0,0,0,1,-0.0924217745740394,1.1707674229540277
Denmark,0,0,2.0,0,0,1,0,1,0,-0.09247126934097857,1.1707674229540277
Denmark,0,1,1.0,0,0,1,0,1,0,0.07250468782066354,1.1707674229540277
Denmark,0,1,1.0,1,0,0,0,1,0,-0.04958240396262295,1.1707674229540277
Denmark,0,0,0.0,0,0,1,0,1,0,-0.09132299074798982,1.1707674229540277
Denmark,0,0,0.0,1,0,0,0,1,0,-0.09181793841738152,1.1707674229540277
Denmark,0,1,2.0,0,0,1,0,1,0,-0.09209840876337015,0.09283688723030159
Denmark,0,1,2.0,1,0,0,0,1,0,-0.09246796968984929,1.1707674229540277
Denmark,0,1,0.0,1,0,0,0,1,0,-0.09176844365044234,1.1707674229540277
Denmark,0,1,0.0,0,0,1,0,1,0,0.0890029434670536,1.1707674229540277
Denmark,0,2,1.0,0,0,1,0,1,0,-0.0911992538306419,1.1707674229540277
Denmark,0,2,0.0,1,0,0,0,1,0,-0.08934320007042301,1.1707674229540277
Denmark,0,2,0.0,0,0,1,0,1,0,-0.0852186361588255,1.1707674229540277
Denmark,0,2,1.0,1,0,0,0,1,0,-0.09176844365044234,1.1707674229540277
Denmark,0,0,1.0,0,0,1,0,1,0,-0.0924349731785565,1.1707674229540277
Denmark,0,2,2.0,0,0,1,0,1,0,-0.09247456899210785,1.1707674229540277
Denmark,0,2,2.0,0,0,1,0,1,0,-0.09247456899210785,0.09283688723030159
Denmark,0,0,3.0,0,0,1,0,1,0,-0.09244982160863827,1.4402500568849592
Denmark,0,2,1.0,1,0,0,0,1,0,-0.0918674331843207,1.4402500568849592
Denmark,0,2,0.0,0,0,1,0,1,0,-0.0911992538306419,1.4402500568849592
Denmark,0,2,0.0,1,0,0,0,1,0,-0.087693374505784,1.4402500568849592
Denmark,0,2,1.0,0,0,1,0,1,0,-0.09000313029627861,1.4402500568849592
Denmark,0,1,0.0,0,0,1,0,1,0,0.23748724428456416,1.4402500568849592
Denmark,0,1,0.0,1,0,0,0,1,0,-0.09176844365044234,1.4402500568849592
Denmark,0,1,2.0,1,0,0,0,1,0,-0.09247621881767248,1.4402500568849592
Denmark,0,1,2.0,0,0,1,0,1,0,-0.09209840876337015,1.4402500568849592
Denmark,0,0,0.0,1,0,0,0,1,0,-0.09214790353030933,1.4402500568849592
Denmark,0,0,0.0,0,0,1,0,1,0,-0.09096002912376924,1.4402500568849592
Denmark,0,1,1.0,1,0,0,0,1,0,-0.06443083404437401,1.4402500568849592
Denmark,0,1,0.0,0,0,1,0,1,0,0.0890029434670536,1.4402500568849592
Denmark,0,0,2.0,0,0,1,0,1,0,-0.09247291916654321,1.4402500568849592
Denmark,0,0,3.0,0,1,0,0,0,1,-0.09244652195750898,1.4402500568849592
Denmark,0,2,3.0,0,1,0,0,0,1,-0.09247645804234789,1.4402500568849592
Denmark,0,0,3.0,0,0,0,1,0,1,-0.0924638451259377,1.4402500568849592
Denmark,0,2,3.0,0,0,0,1,0,1,-0.09247390906172465,1.4402500568849592
Denmark,0,1,3.0,0,0,0,1,0,1,-0.0924597205620261,1.4402500568849592
Denmark,0,1,3.0,0,1,0,0,0,1,-0.09240197666726373,1.4402500568849592
Estonia,0,1,3.0,0,1,0,0,0,1,-0.09247760467115268,-0.715611014562493
Estonia,0,1,0.0,1,0,0,0,1,0,-0.09176844365044234,-0.715611014562493
Estonia,0,1,0.0,1,0,0,0,1,0,-0.09242012474847476,-0.44612838063156146
Estonia,0,1,3.0,0,1,0,0,0,1,-0.0924776211693926,-0.44612838063156146
Estonia,0,1,3.0,0,1,0,0,0,1,-0.09247757167462368,-0.17664574670062994
Estonia,0,1,0.0,1,0,0,0,1,0,-0.0924349731785565,0.09283688723030159
Estonia,0,1,1.0,1,0,0,0,1,0,-0.09244487213194434,-0.17664574670062994
Estonia,0,1,1.0,1,0,0,0,1,0,-0.09242342439960403,0.09283688723030159
Estonia,0,1,0.0,1,0,0,0,1,0,-0.0923376334702428,0.09283688723030159
Estonia,0,1,3.0,0,1,0,0,0,1,-0.09247710972346362,0.09283688723030159
Estonia,0,1,3.0,0,1,0,0,0,1,-0.09247727470601025,0.3623195211612331
Estonia,0,1,0.0,1,0,0,0,1,0,-0.092345882598066,0.3623195211612331
Estonia,0,1,1.0,1,0,0,0,1,0,-0.09244982160863827,0.3623195211612331
Estonia,0,1,0.0,1,0,0,0,1,0,-0.0923541317258892,0.6318021550921646
Estonia,0,1,0.0,1,0,0,0,1,0,-0.09176844365044234,0.6318021550921646
Estonia,0,1,3.0,0,1,0,0,0,1,-0.09247489895729945,0.6318021550921646
Estonia,0,1,3.0,0,1,0,0,0,1,-0.09247258920135161,0.9012847890230962
Estonia,0,1,0.0,1,0,0,0,1,0,-0.0916859523722104,0.9012847890230962
Estonia,0,1,1.0,1,0,0,0,1,0,-0.09208191050772377,0.9012847890230962
Estonia,0,1,1.0,1,0,0,0,1,0,-0.09176844365044234,1.1707674229540277
Estonia,0,1,0.0,1,0,0,0,1,0,-0.09127349598105065,1.1707674229540277
Estonia,0,1,0.0,0,1,0,0,0,1,-0.09246895958503074,1.1707674229540277
Estonia,0,1,3.0,0,1,0,0,0,1,-0.09247645804234789,1.4402500568849592
Estonia,0,1,0.0,1,0,0,0,1,0,-0.09016811285274251,1.4402500568849592
Estonia,0,1,1.0,1,0,0,0,1,0,-0.09155396632703929,1.4402500568849592
EU27,0,0,3.0,0,1,0,0,0,1,-0.09247645804234789,-2.063024184217151
EU27,0,1,0.0,1,0,0,0,1,0,-0.09066306052213421,-2.063024184217151
EU27,0,1,0.0,0,0,1,0,1,0,-0.084393723376506,-2.063024184217151
EU27,0,1,2.0,1,0,0,0,1,0,-0.0924514714342029,-2.063024184217151
EU27,0,1,2.0,0,0,1,0,1,0,-0.09244487213194434,-2.063024184217151
EU27,0,1,1.0,1,0,0,0,1,0,-0.09232773451685497,-2.063024184217151
EU27,0,0,0.0,1,0,0,0,1,0,-0.09226339131983405,-2.063024184217151
EU27,0,0,0.0,0,0,1,0,1,0,-0.08934320007042301,-2.063024184217151
EU27,0,2,0.0,1,0,0,0,1,0,-0.09033309540920642,-2.063024184217151
EU27,0,2,0.0,0,0,1,0,1,0,-0.087693374505784,-2.063024184217151
EU27,0,2,2.0,1,0,0,0,1,0,-0.09247456899210785,-2.063024184217151
EU27,0,2,2.0,0,0,1,0,1,0,-0.09247456899210785,-2.063024184217151
EU27,0,2,1.0,0,0,1,0,1,0,-0.09213140527466293,-2.063024184217151
EU27,0,0,3.0,0,0,0,1,0,1,-0.09247737369554807,-2.063024184217151
EU27,0,2,3.0,0,1,0,0,0,1,-0.0924777036606782,-2.063024184217151
EU27,0,2,3.0,0,0,0,1,0,1,-0.09247784719550434,-2.063024184217151
EU27,0,1,3.0,0,1,0,0,0,1,-0.09247785214498185,-2.063024184217151
EU27,0,1,3.0,0,0,0,1,0,1,-0.09247786468365558,-2.063024184217151
EU27,0,1,1.0,0,0,1,0,1,0,-0.0911992538306419,-2.063024184217151
EU27,0,1,1.0,0,0,1,0,1,0,-0.09176844365044234,-1.793541550286219
EU27,0,1,3.0,0,0,0,1,0,1,-0.09247785857930137,-1.793541550286219
EU27,0,1,3.0,0,1,0,0,0,1,-0.09247776140457936,-1.793541550286219
EU27,0,2,3.0,0,0,0,1,0,1,-0.09247783399690074,-1.793541550286219
EU27,0,2,3.0,0,1,0,0,0,1,-0.09247758817288819,-1.793541550286219
EU27,0,0,3.0,0,0,0,1,0,1,-0.09247737369554807,-1.793541550286219
EU27,0,2,2.0,0,0,1,0,1,0,-0.09247456899210785,-1.793541550286219
EU27,0,2,0.0,0,0,1,0,1,0,-0.08406375826357819,-1.793541550286219
EU27,0,2,0.0,1,0,0,0,1,0,-0.08884825240103131,-1.793541550286219
EU27,0,0,0.0,0,0,1,0,1,0,-0.0911992538306419,-1.793541550286219
EU27,0,0,0.0,1,0,0,0,1,0,-0.09241847492291012,-1.793541550286219
EU27,0,1,1.0,1,0,0,0,1,0,-0.09188393143996708,-1.793541550286219
EU27,0,1,0.0,0,0,1,0,1,0,-0.09238217876048806,-1.793541550286219
EU27,0,1,2.0,1,0,0,0,1,0,-0.09241517527178084,-1.793541550286219
EU27,0,1,0.0,0,0,1,0,1,0,-0.07267996186756905,-1.793541550286219
EU27,0,1,0.0,1,0,0,0,1,0,-0.08076410713430018,-1.793541550286219
EU27,0,0,3.0,0,1,0,0,0,1,-0.09247768716242599,-1.793541550286219
EU27,0,2,1.0,0,0,1,0,1,0,-0.09204891399643098,-1.793541550286219
EU27,0,2,1.0,0,0,1,0,1,0,-0.0911992538306419,0.09283688723030159
EU27,0,0,3.0,0,1,0,0,0,1,-0.0924776211693926,-1.5240589163552876
EU27,0,1,0.0,1,0,0,0,1,0,-0.07267996186756905,-1.5240589163552876
EU27,0,1,0.0,0,0,1,0,1,0,-0.05453188065653997,-1.5240589163552876
EU27,0,1,0.0,1,0,0,0,1,0,-0.0924300237018626,-1.5240589163552876
EU27,0,1,2.0,0,0,1,0,1,0,-0.09233433381911353,-1.5240589163552876
EU27,0,1,1.0,1,0,0,0,1,0,-0.08010417690844457,-1.5240589163552876
EU27,0,0,0.0,1,0,0,0,1,0,-0.09240032684169909,-1.5240589163552876
EU27,0,0,0.0,0,0,1,0,1,0,-0.09000313029627861,-1.5240589163552876
EU27,0,2,0.0,1,0,0,0,1,0,-0.08175400247308358,-1.5240589163552876
EU27,0,2,0.0,0,0,1,0,1,0,-0.07267996186756905,-1.5240589163552876
EU27,0,2,2.0,0,0,1,0,1,0,-0.0911992538306419,-1.5240589163552876
EU27,0,2,1.0,1,0,0,0,1,0,-0.0924597205620261,-1.5240589163552876
EU27,0,0,3.0,0,0,0,1,0,1,-0.09247758817288819,-1.5240589163552876
EU27,0,2,3.0,0,1,0,0,0,1,-0.09247691174443717,-1.5240589163552876
EU27,0,2,0.0,0,0,0,1,0,1,-0.09247779110143824,0.09283688723030159
EU27,0,1,3.0,0,1,0,0,0,1,-0.09247755517638377,-1.5240589163552876
EU27,0,1,0.0,0,0,0,1,0,1,-0.0924778438958542,-1.5240589163552876
EU27,0,1,1.0,0,0,1,0,1,0,-0.0911992538306419,-1.5240589163552876
EU27,0,1,1.0,0,0,1,0,1,0,-0.0380336250101499,-1.254576282424356
EU27,0,1,3.0,0,0,0,1,0,1,-0.09247780759969045,-1.254576282424356
EU27,0,1,3.0,0,1,0,0,0,1,-0.09247645804234789,-1.254576282424356
EU27,0,2,3.0,0,0,0,1,0,1,-0.09247774655614377,-1.254576282424356
EU27,0,2,3.0,0,1,0,0,0,1,-0.09247684575137918,-1.254576282424356
EU27,0,0,3.0,0,0,0,1,0,1,-0.09247758817288819,-1.254576282424356
EU27,0,2,1.0,1,0,0,0,1,0,-0.09246961951541392,-1.254576282424356
EU27,0,2,2.0,0,0,1,0,1,0,-0.09247291916654321,-1.254576282424356
EU27,0,2,2.0,1,0,0,0,1,0,-0.09247621881767248,-1.254576282424356
EU27,0,2,0.0,0,0,1,0,1,0,-0.062781008479735,-1.254576282424356
EU27,0,2,0.0,1,0,0,0,1,0,-0.08158901991661968,-1.254576282424356
EU27,0,0,0.0,0,0,1,0,1,0,-0.09082804307859811,-1.254576282424356
EU27,0,0,3.0,1,0,0,0,1,0,-0.09236568050484167,-1.254576282424356
EU27,0,1,1.0,1,0,0,0,1,0,-0.05288205509190096,-1.254576282424356
EU27,0,1,2.0,0,0,1,0,1,0,-0.09229638783112683,-1.254576282424356
EU27,0,1,2.0,1,0,0,0,1,0,-0.09240857596952229,0.09283688723030159
EU27,0,1,0.0,0,0,1,0,1,0,-0.019885543799120834,-1.254576282424356
EU27,0,1,0.0,1,0,0,0,1,0,-0.057831531785817986,-1.254576282424356
EU27,0,0,3.0,0,1,0,0,0,1,-0.09247750568161486,-1.254576282424356
EU27,0,2,1.0,0,0,1,0,1,0,-0.0918674331843207,-1.254576282424356
EU27,0,2,0.0,0,0,1,0,1,0,-0.0911992538306419,0.09283688723030159
EU27,0,0,3.0,0,1,0,0,0,1,-0.09247671376536154,-0.9850936484934245
EU27,0,1,0.0,1,0,0,0,1,0,-0.0380336250101499,-0.9850936484934245
EU27,0,1,0.0,0,0,1,0,1,0,0.031259048704688375,-0.9850936484934245
EU27,0,1,2.0,1,0,0,0,1,0,-0.09243167352742723,-0.9850936484934245
EU27,0,1,0.0,0,0,1,0,1,0,-0.09224689306418767,-0.9850936484934245
EU27,0,1,1.0,1,0,0,0,1,0,-0.05288205509190096,-0.9850936484934245
EU27,0,0,0.0,1,0,0,0,1,0,-0.09176844365044234,-0.9850936484934245
EU27,0,0,0.0,0,0,1,0,1,0,-0.09114150993587952,-0.9850936484934245
EU27,0,2,0.0,1,0,0,0,1,0,-0.08109407224722798,-0.9850936484934245
EU27,0,2,0.0,0,0,1,0,1,0,-0.05123222952726196,-0.9850936484934245
EU27,0,2,0.0,1,0,0,0,1,0,-0.09247126934097857,-0.9850936484934245
EU27,0,2,2.0,0,0,1,0,1,0,-0.09247126934097857,-0.9850936484934245
EU27,0,0,1.0,0,0,1,0,1,0,-0.09242507422516867,-0.9850936484934245
EU27,0,2,1.0,1,0,0,0,1,0,-0.09247456899210785,-0.9850936484934245
EU27,0,0,2.0,1,0,0,0,1,0,-0.09247621881767248,-0.9850936484934245
EU27,0,0,2.0,0,0,1,0,1,0,-0.09247621881767248,-0.9850936484934245
EU27,0,0,3.0,1,0,0,0,1,0,-0.09247456899210785,-0.9850936484934245
EU27,0,0,3.0,0,0,0,1,0,1,-0.0924776376676571,-0.9850936484934245
EU27,0,2,3.0,0,1,0,0,0,1,-0.09247689524619726,-0.9850936484934245
EU27,0,2,3.0,0,0,0,1,0,1,-0.09247770531050711,-0.9850936484934245
EU27,0,1,3.0,0,1,0,0,0,1,-0.09247694474091699,-0.9850936484934245
EU27,0,1,3.0,0,0,0,1,0,1,-0.09247776470422488,-0.9850936484934245
EU27,0,1,1.0,0,0,1,0,1,0,0.0015621885411862527,-0.9850936484934245
EU27,0,1,1.0,0,0,1,0,1,0,0.12199945475983373,-0.715611014562493
EU27,0,1,0.0,0,0,0,1,0,1,-0.0924776706641738,-0.715611014562493
EU27,0,1,3.0,0,1,0,0,0,1,-0.09247645804234789,-0.715611014562493
EU27,0,2,3.0,0,0,0,1,0,1,-0.09247765416592159,0.09283688723030159
EU27,0,2,3.0,0,1,0,0,0,1,-0.09247679625665944,-0.715611014562493
EU27,0,0,3.0,0,0,0,1,0,1,-0.09247752217987937,-0.715611014562493
EU27,0,0,1.0,1,0,0,0,1,0,-0.09246961951541392,-0.715611014562493
EU27,0,0,2.0,0,0,1,0,1,0,-0.09245477108533218,0.09283688723030159
EU27,0,2,1.0,1,0,0,0,1,0,-0.09229638783112683,-0.715611014562493
EU27,0,0,1.0,0,0,1,0,1,0,-0.09229638783112683,-0.715611014562493
EU27,0,2,2.0,0,0,1,0,1,0,-0.0911992538306419,-0.715611014562493
EU27,0,2,2.0,1,0,0,0,1,0,-0.09176844365044234,-0.715611014562493
EU27,0,2,0.0,0,0,1,0,1,0,-0.0363837994455109,-0.715611014562493
EU27,0,2,0.0,1,0,0,0,1,0,-0.07927926412612507,-0.715611014562493
EU27,0,0,0.0,0,0,1,0,1,0,-0.09049807796567032,-0.715611014562493
EU27,0,0,0.0,1,0,0,0,1,0,-0.09224689306418767,-0.715611014562493
EU27,0,1,1.0,1,0,0,0,1,0,0.02300992088149334,-0.715611014562493
EU27,0,1,2.0,0,0,1,0,1,0,-0.09196642271819903,0.09283688723030159
EU27,0,1,2.0,1,0,0,0,1,0,-0.09221389655289489,-0.715611014562493
EU27,0,1,0.0,0,0,1,0,1,0,0.10550119911344367,-0.715611014562493
EU27,0,1,0.0,1,0,0,0,1,0,-0.011636415975925801,-0.715611014562493
EU27,0,0,3.0,0,1,0,0,0,1,-0.09247722521129051,-0.715611014562493
EU27,0,2,1.0,0,0,1,0,1,0,-0.09125699772540426,-0.715611014562493
EU27,0,2,1.0,0,0,1,0,1,0,-0.09049807796567032,-0.44612838063156146
EU27,0,0,3.0,0,1,0,0,0,1,-0.09247506393969857,-0.44612838063156146
EU27,0,1,0.0,1,0,0,0,1,0,-0.0033872881527307673,-0.44612838063156146
EU27,0,1,0.0,0,0,1,0,1,0,0.187992477345394,-0.44612838063156146
EU27,0,1,2.0,1,0,0,0,1,0,-0.09226339131983405,-0.44612838063156146
EU27,0,1,2.0,0,0,1,0,1,0,-0.0911992538306419,-0.44612838063156146
EU27,0,1,1.0,1,0,0,0,1,0,0.014760793058298305,-0.44612838063156146
EU27,0,0,0.0,1,0,0,0,1,0,-0.09170245062785679,-0.44612838063156146
EU27,0,0,0.0,0,0,1,0,1,0,-0.09000313029627861,-0.44612838063156146
EU27,0,2,0.0,1,0,0,0,1,0,-0.09176844365044234,-0.44612838063156146
EU27,0,2,0.0,0,0,1,0,1,0,-0.0911992538306419,-0.44612838063156146
EU27,0,2,2.0,1,0,0,0,1,0,-0.09231453591233786,-0.44612838063156146
EU27,0,2,2.0,0,0,1,0,1,0,-0.09221389655289489,-0.44612838063156146
EU27,0,0,3.0,0,0,1,0,1,0,-0.09196642271819903,-0.44612838063156146
EU27,0,2,1.0,1,0,0,0,1,0,-0.09234423277250137,-0.44612838063156146
EU27,0,0,2.0,0,0,1,0,1,0,-0.09243332335299187,-0.44612838063156146
EU27,0,0,2.0,1,0,0,0,1,0,-0.09176844365044234,-0.44612838063156146
EU27,0,0,3.0,1,0,0,0,1,0,-0.09223039480854127,-0.44612838063156146
EU27,0,0,3.0,0,0,0,1,0,1,-0.09247758817288819,-0.44612838063156146
EU27,0,2,3.0,0,1,0,0,0,1,-0.09247663127406365,-0.44612838063156146
EU27,0,2,3.0,0,0,0,1,0,1,-0.09247757167462368,-0.44612838063156146
EU27,0,1,3.0,0,1,0,0,0,1,-0.09247625181415231,-0.44612838063156146
EU27,0,1,3.0,0,0,0,1,0,1,-0.09247758817288819,-0.44612838063156146
EU27,0,1,1.0,0,0,1,0,1,0,0.2209889886381741,-0.44612838063156146
EU27,0,1,0.0,0,0,1,0,1,0,0.38597154510207476,-0.17664574670062994
EU27,0,1,3.0,0,0,0,1,0,1,-0.09247745618684597,0.09283688723030159
EU27,0,1,3.0,0,1,0,0,0,1,-0.09247572387008177,-0.17664574670062994
EU27,0,2,3.0,0,0,0,1,0,1,-0.09247748918335037,-0.17664574670062994
EU27,0,2,3.0,0,1,0,0,0,1,-0.0924763178072103,-0.17664574670062994
EU27,0,0,3.0,0,0,0,1,0,1,-0.09247727470601025,-0.17664574670062994
EU27,0,0,1.0,1,0,0,0,1,0,-0.0924217745740394,-0.17664574670062994
EU27,0,0,2.0,1,0,0,0,1,0,-0.0924597205620261,-0.17664574670062994
EU27,0,0,2.0,0,0,1,0,1,0,-0.09244487213194434,-0.17664574670062994
EU27,0,2,1.0,1,0,0,0,1,0,-0.09176844365044234,-0.17664574670062994
EU27,0,0,1.0,0,0,1,0,1,0,-0.09181793841738152,-0.17664574670062994
EU27,0,2,2.0,0,0,1,0,1,0,-0.0921809000416021,-0.17664574670062994
EU27,0,2,2.0,1,0,0,0,1,0,-0.0924349731785565,-0.17664574670062994
EU27,0,2,0.0,0,0,1,0,1,0,0.004861839670464266,-0.17664574670062994
EU27,0,2,0.0,1,0,0,0,1,0,-0.06938031073829103,-0.17664574670062994
EU27,0,0,0.0,0,0,1,0,1,0,-0.08934320007042301,-0.17664574670062994
EU27,0,0,0.0,1,0,0,0,1,0,-0.09176844365044234,-0.17664574670062994
EU27,0,1,1.0,1,0,0,0,1,0,0.05435660660963446,-0.17664574670062994
EU27,0,1,2.0,0,0,1,0,1,0,-0.09124049946975787,-0.17664574670062994
EU27,0,1,2.0,1,0,0,0,1,0,-0.09203241574078459,-0.17664574670062994
EU27,0,1,0.0,0,0,1,0,1,0,0.3199785225165145,-0.17664574670062994
EU27,0,1,0.0,1,0,0,0,1,0,0.04775730435107844,-0.17664574670062994
EU27,0,0,3.0,0,1,0,0,0,1,-0.0924763178072103,-0.17664574670062994
EU27,0,2,1.0,0,0,1,0,1,0,-0.08950818262688691,-0.17664574670062994
EU27,0,2,1.0,0,0,1,0,1,0,-0.08802333961871181,0.09283688723030159
EU27,0,0,3.0,0,1,0,0,0,1,-0.09247506393969857,0.09283688723030159
EU27,0,1,0.0,1,0,0,0,1,0,0.1384977104062238,0.09283688723030159
EU27,0,1,0.0,0,0,1,0,1,0,0.5179575902731953,0.09283688723030159
EU27,0,1,2.0,1,0,0,0,1,0,-0.09221389655289489,0.09283688723030159
EU27,0,1,2.0,0,0,1,0,1,0,-0.09124049946975787,0.09283688723030159
EU27,0,1,1.0,1,0,0,0,1,0,0.0890029434670536,0.09283688723030159
EU27,0,0,0.0,1,0,0,0,1,0,-0.09145497679316093,0.09283688723030159
EU27,0,0,0.0,0,0,1,0,1,0,-0.0911992538306419,0.09283688723030159
EU27,0,2,0.0,1,0,0,0,1,0,-0.05948135735045699,0.09283688723030159
EU27,0,2,0.0,0,0,1,0,1,0,0.03620852539860539,0.09283688723030159
EU27,0,2,2.0,1,0,0,0,1,0,-0.09232278504016106,0.09283688723030159
EU27,0,2,2.0,0,0,1,0,1,0,-0.0920159174851382,0.09283688723030159
EU27,0,0,1.0,0,0,1,0,1,0,-0.09165295586091762,0.09283688723030159
EU27,0,2,1.0,1,0,0,0,1,0,-0.09176844365044234,0.09283688723030159
EU27,0,0,2.0,0,0,1,0,1,0,-0.09244487213194434,0.09283688723030159
EU27,0,0,1.0,1,0,0,0,1,0,-0.09238877806274662,0.09283688723030159
EU27,0,0,3.0,0,0,0,1,0,1,-0.09247727470601025,0.09283688723030159
EU27,0,2,3.0,0,1,0,0,0,1,-0.09247645804234789,0.09283688723030159
EU27,0,2,3.0,0,0,0,1,0,1,-0.09247735719730815,0.09283688723030159
EU27,0,1,3.0,0,1,0,0,0,1,-0.09247473397470364,0.09283688723030159
EU27,0,1,3.0,0,0,0,1,0,1,-0.09247729120429933,0.09283688723030159
EU27,0,1,1.0,0,0,1,0,1,0,0.5509541015659755,0.09283688723030159
EU27,0,1,1.0,0,0,1,0,1,0,0.7324349136762661,0.3623195211612331
EU27,0,1,0.0,0,0,0,1,0,1,-0.09247706022869472,0.3623195211612331
EU27,0,1,3.0,0,1,0,0,0,1,-0.09247308414894233,0.3623195211612331
EU27,0,2,3.0,0,0,0,1,0,1,-0.09247722521129051,0.3623195211612331
EU27,0,2,3.0,0,1,0,0,0,1,-0.09247539390489017,0.3623195211612331
EU27,0,0,3.0,0,0,0,1,0,1,-0.09247669726712163,0.3623195211612331
EU27,0,0,2.0,0,0,1,0,1,0,-0.09240197666726373,0.3623195211612331
EU27,0,0,2.0,1,0,0,0,1,0,-0.09247621881767248,0.3623195211612331
EU27,0,2,1.0,1,0,0,0,1,0,-0.09241022579508693,0.3623195211612331
EU27,0,0,1.0,0,0,1,0,1,0,-0.0911992538306419,0.3623195211612331
EU27,0,2,0.0,0,0,1,0,1,0,-0.0920159174851382,0.3623195211612331
EU27,0,2,0.0,0,0,1,0,1,0,0.07085486225602453,0.3623195211612331
EU27,0,2,0.0,1,0,0,0,1,0,-0.05453188065653997,0.3623195211612331
EU27,0,0,1.0,1,0,0,0,1,0,-0.09239372753944053,0.3623195211612331
EU27,0,0,0.0,0,0,1,0,1,0,-0.0862085314976089,0.3623195211612331
EU27,0,0,0.0,1,0,0,0,1,0,-0.08983814773981472,0.3623195211612331
EU27,0,1,1.0,1,0,0,0,1,0,0.1384977104062238,0.3623195211612331
EU27,0,1,2.0,0,0,1,0,1,0,-0.0911992538306419,0.3623195211612331
EU27,0,1,0.0,1,0,0,0,1,0,-0.0916859523722104,0.3623195211612331
EU27,0,1,0.0,0,0,1,0,1,0,0.9139157257865569,0.3623195211612331
EU27,0,1,0.0,1,0,0,0,1,0,0.3199785225165145,0.3623195211612331
EU27,0,0,3.0,0,1,0,0,0,1,-0.09247126934097857,0.3623195211612331
EU27,0,2,1.0,0,0,1,0,1,0,-0.08488867104589769,0.3623195211612331
EU27,0,2,1.0,0,0,1,0,1,0,-0.08241393269893918,0.6318021550921646
EU27,0,0,3.0,0,1,0,0,0,1,-0.09246747474186522,0.6318021550921646
EU27,0,1,0.0,1,0,0,0,1,0,0.7984279362618264,0.6318021550921646
EU27,0,1,0.0,0,0,1,0,1,0,1.7223302524596702,0.6318021550921646
EU27,0,1,0.0,1,0,0,0,1,0,-0.09138898377057537,0.6318021550921646
EU27,0,1,2.0,0,0,1,0,1,0,-0.08934320007042301,0.6318021550921646
EU27,0,0,0.0,1,0,0,0,1,0,-0.08950818262688691,0.6318021550921646
EU27,0,0,0.0,0,0,1,0,1,0,-0.08307386292479478,0.6318021550921646
EU27,0,0,1.0,1,0,0,0,1,0,-0.09236733033040631,0.6318021550921646
EU27,0,2,0.0,1,0,0,0,1,0,-0.044632927268705935,0.6318021550921646
EU27,0,2,0.0,0,0,1,0,1,0,0.10550119911344367,0.6318021550921646
EU27,0,2,2.0,0,0,1,0,1,0,-0.09198292097384542,0.6318021550921646
EU27,0,0,1.0,0,0,1,0,1,0,-0.09132299074798982,0.09283688723030159
EU27,0,2,1.0,1,0,0,0,1,0,-0.09176844365044234,0.6318021550921646
EU27,0,0,2.0,1,0,0,0,1,0,-0.09176844365044234,0.6318021550921646
EU27,0,0,2.0,0,0,1,0,1,0,-0.09232773451685497,0.6318021550921646
EU27,0,0,3.0,0,0,0,1,0,1,-0.09247621881767248,0.6318021550921646
EU27,0,2,3.0,0,1,0,0,0,1,-0.09247423902691625,0.6318021550921646
EU27,0,2,3.0,0,0,0,1,0,1,-0.0924770767269838,0.6318021550921646
EU27,0,1,3.0,0,1,0,0,0,1,-0.09246137038759074,0.6318021550921646
EU27,0,1,3.0,0,0,0,1,0,1,-0.09247633430545021,0.6318021550921646
EU27,0,1,1.0,0,0,1,0,1,0,1.5408494403493793,0.6318021550921646
EU27,0,1,1.0,1,0,0,0,1,0,0.7489331693226562,0.6318021550921646
EU27,0,1,1.0,1,0,0,0,1,0,-0.09176844365044234,0.9012847890230962
EU27,0,1,1.0,0,0,1,0,1,0,3.0421907041708756,0.9012847890230962
EU27,0,1,3.0,0,0,0,1,0,1,-0.09247506393969857,0.09283688723030159
EU27,0,1,3.0,0,1,0,0,0,1,-0.09244982160863827,0.9012847890230962
EU27,0,2,3.0,0,0,0,1,0,1,-0.09247682925313927,0.9012847890230962
EU27,0,2,3.0,0,1,0,0,0,1,-0.09247291916654321,0.9012847890230962
EU27,0,0,3.0,0,0,0,1,0,1,-0.09247758817288819,0.9012847890230962
EU27,0,0,3.0,0,1,0,0,0,1,-0.09246137038759074,0.9012847890230962
EU27,0,0,2.0,0,0,1,0,1,0,-0.09219739829724849,0.9012847890230962
EU27,0,0,2.0,1,0,0,0,1,0,-0.09176844365044234,0.9012847890230962
EU27,0,2,1.0,1,0,0,0,1,0,-0.0890132349574952,0.9012847890230962
EU27,0,0,1.0,0,0,1,0,1,0,-0.0911992538306419,0.9012847890230962
EU27,0,2,2.0,0,0,1,0,1,0,-0.09194992446255264,0.9012847890230962
EU27,0,2,2.0,1,0,0,0,1,0,-0.09243332335299187,0.9012847890230962
EU27,0,2,0.0,0,0,1,0,1,0,0.187992477345394,0.9012847890230962
EU27,0,2,0.0,1,0,0,0,1,0,-0.018235718234481828,0.9012847890230962
EU27,0,0,1.0,1,0,0,0,1,0,-0.09224689306418767,0.9012847890230962
EU27,0,0,0.0,0,0,1,0,1,0,-0.07894929901319726,0.9012847890230962
EU27,0,0,3.0,1,0,0,0,1,0,-0.09176844365044234,0.9012847890230962
EU27,0,1,2.0,0,0,1,0,1,0,-0.08802333961871181,0.9012847890230962
EU27,0,1,2.0,1,0,0,0,1,0,-0.09176844365044234,0.9012847890230962
EU27,0,1,0.0,0,0,1,0,1,0,3.207173260634776,0.9012847890230962
EU27,0,1,0.0,1,0,0,0,1,0,1.3758668838854786,0.9012847890230962
EU27,0,2,1.0,0,0,1,0,1,0,-0.0857135838282172,0.9012847890230962
EU27,0,2,1.0,0,0,1,0,1,0,-0.08323884548125869,1.1707674229540277
EU27,0,1,0.0,1,0,0,0,1,0,1.8873128089235707,1.1707674229540277
EU27,0,1,0.0,0,0,1,0,1,0,4.8569988252737835,1.1707674229540277
EU27,0,1,2.0,1,0,0,0,1,0,-0.09049807796567032,1.1707674229540277
EU27,0,1,2.0,0,0,1,0,1,0,-0.0858785663846811,1.1707674229540277
EU27,0,0,3.0,1,0,0,0,1,0,-0.0865384966105367,1.1707674229540277
EU27,0,0,0.0,0,0,1,0,1,0,-0.07432978743220806,1.1707674229540277
EU27,0,0,1.0,1,0,0,0,1,0,-0.09235908120258311,1.1707674229540277
EU27,0,2,0.0,1,0,0,0,1,0,0.013110967493659299,1.1707674229540277
EU27,0,2,0.0,0,0,1,0,1,0,0.25398549993095426,1.1707674229540277
EU27,0,2,2.0,0,0,1,0,1,0,-0.09198292097384542,1.1707674229540277
EU27,0,0,1.0,0,0,1,0,1,0,-0.09097652737941563,1.1707674229540277
EU27,0,2,1.0,1,0,0,0,1,0,-0.0881883221751757,1.1707674229540277
EU27,0,0,2.0,1,0,0,0,1,0,-0.09238877806274662,1.1707674229540277
EU27,0,0,2.0,0,0,1,0,1,0,-0.0911992538306419,1.1707674229540277
EU27,0,0,3.0,0,1,0,0,0,1,-0.09245807073646145,1.1707674229540277
EU27,0,0,3.0,0,0,0,1,0,1,-0.09247456899210785,1.1707674229540277
EU27,0,2,3.0,0,1,0,0,0,1,-0.09247645804234789,1.1707674229540277
EU27,0,2,3.0,0,0,0,1,0,1,-0.09247654878276575,1.1707674229540277
EU27,0,1,3.0,0,1,0,0,0,1,-0.0924432223063797,1.1707674229540277
EU27,0,1,3.0,0,0,0,1,0,1,-0.09247374407932553,1.1707674229540277
EU27,0,1,1.0,0,0,1,0,1,0,4.197068599418181,1.1707674229540277
EU27,0,1,1.0,1,0,0,0,1,0,1.3923651395318688,1.1707674229540277
EU27,0,1,1.0,1,0,0,0,1,0,-0.09176844365044234,1.4402500568849592
EU27,0,1,1.0,0,0,1,0,1,0,5.681911607593286,1.4402500568849592
EU27,0,1,3.0,0,0,0,1,0,1,-0.09247192927136176,1.4402500568849592
EU27,0,1,3.0,0,1,0,0,0,1,-0.09244157248081507,1.4402500568849592
EU27,0,2,3.0,0,0,0,1,0,1,-0.09247588885248088,1.4402500568849592
EU27,0,2,3.0,0,1,0,0,0,1,-0.09246532996910321,1.4402500568849592
EU27,0,0,3.0,0,0,0,1,0,1,-0.09247758817288819,1.4402500568849592
EU27,0,0,3.0,0,1,0,0,0,1,-0.09245312125976754,1.4402500568849592
EU27,0,0,3.0,0,0,1,0,1,0,-0.09188393143996708,1.4402500568849592
EU27,0,0,2.0,1,0,0,0,1,0,-0.09223039480854127,1.4402500568849592
EU27,0,2,1.0,1,0,0,0,1,0,-0.09176844365044234,1.4402500568849592
EU27,0,0,1.0,0,0,1,0,1,0,-0.09114150993587952,0.09283688723030159
EU27,0,2,2.0,0,0,1,0,1,0,-0.0918674331843207,1.4402500568849592
EU27,0,2,2.0,1,0,0,0,1,0,-0.09238217876048806,1.4402500568849592
EU27,0,2,0.0,0,0,1,0,1,0,0.4189680563948549,1.4402500568849592
EU27,0,2,0.0,1,0,0,0,1,0,0.0890029434670536,1.4402500568849592
EU27,0,0,1.0,1,0,0,0,1,0,-0.09221389655289489,1.4402500568849592
EU27,0,0,0.0,0,0,1,0,1,0,-0.06608065960901302,1.4402500568849592
EU27,0,0,0.0,1,0,0,0,1,0,-0.08389877570711429,1.4402500568849592
EU27,0,1,2.0,0,0,1,0,1,0,-0.08472368848943379,1.4402500568849592
EU27,0,1,2.0,1,0,0,0,1,0,-0.0912075029584651,1.4402500568849592
EU27,0,1,0.0,0,0,1,0,1,0,7.496719728696194,1.4402500568849592
EU27,0,1,0.0,1,0,0,0,1,0,2.5472430347791732,1.4402500568849592
EU27,0,2,1.0,0,0,1,0,1,0,-0.07861933390026947,1.4402500568849592
Europe,0,0,0.0,1,0,0,0,1,0,-0.09226339131983405,-2.063024184217151
Europe,0,0,0.0,0,0,1,0,1,0,-0.08208396758601139,-2.063024184217151
Europe,0,0,2.0,0,0,1,0,1,0,-0.09246796968984929,-2.063024184217151
Europe,0,2,0.0,1,0,0,0,1,0,-0.09000313029627861,-2.063024184217151
Europe,0,2,0.0,0,0,1,0,1,0,-0.0911992538306419,-2.063024184217151
Europe,0,2,2.0,1,0,0,0,1,0,-0.09247456899210785,-2.063024184217151
Europe,0,2,2.0,0,0,1,0,1,0,-0.09246796968984929,-2.063024184217151
Europe,0,2,1.0,0,0,1,0,1,0,-0.09213140527466293,-2.063024184217151
Europe,0,1,0.0,1,0,0,0,1,0,-0.0896731651833508,-2.063024184217151
Europe,0,1,0.0,0,0,1,0,1,0,-0.07630957810977486,-2.063024184217151
Europe,0,1,2.0,1,0,0,0,1,0,-0.09243332335299187,-2.063024184217151
Europe,0,1,2.0,0,0,1,0,1,0,-0.09241187562065156,-2.063024184217151
Europe,0,1,1.0,1,0,0,0,1,0,-0.09176844365044234,-2.063024184217151
Europe,0,1,1.0,0,0,1,0,1,0,-0.09237392963266487,-2.063024184217151
Europe,0,2,3.0,0,1,0,0,0,1,-0.09247772840806265,-2.063024184217151
Europe,0,2,3.0,0,0,0,1,0,1,-0.09247783069724906,-2.063024184217151
Europe,0,0,3.0,0,0,0,1,0,1,-0.09247714271999262,-2.063024184217151
Europe,0,0,3.0,0,1,0,0,0,1,-0.09247755517638377,-2.063024184217151
Europe,0,1,3.0,0,1,0,0,0,1,-0.09247645804234789,-2.063024184217151
Europe,0,1,3.0,0,0,0,1,0,1,-0.09247758817288819,-2.063024184217151
Europe,0,1,3.0,0,0,0,1,0,1,-0.09247785560961579,-1.793541550286219
Europe,0,1,3.0,0,1,0,0,0,1,-0.09247645804234789,-1.793541550286219
Europe,0,0,3.0,0,1,0,0,0,1,-0.09247645804234789,-1.793541550286219
Europe,0,0,3.0,0,0,0,1,0,1,-0.09247758817288819,-1.793541550286219
Europe,0,2,3.0,0,0,0,1,0,1,-0.09247782244811989,-1.793541550286219
Europe,0,2,3.0,0,1,0,0,0,1,-0.09247765416592159,-1.793541550286219
Europe,0,1,1.0,0,0,1,0,1,0,-0.09163645760527123,-1.793541550286219
Europe,0,1,1.0,1,0,0,0,1,0,-0.09180144016173514,-1.793541550286219
Europe,0,1,2.0,0,0,1,0,1,0,-0.09234918224919528,-1.793541550286219
Europe,0,1,2.0,1,0,0,0,1,0,-0.09241517527178084,-1.793541550286219
Europe,0,1,0.0,0,0,1,0,1,0,-0.05948135735045699,-1.793541550286219
Europe,0,1,0.0,1,0,0,0,1,0,-0.07432978743220806,-1.793541550286219
Europe,0,2,1.0,0,0,1,0,1,0,-0.09204891399643098,-1.793541550286219
Europe,0,2,2.0,0,0,1,0,1,0,-0.0911992538306419,-1.793541550286219
Europe,0,2,0.0,0,0,1,0,1,0,-0.07812438623087777,-1.793541550286219
Europe,0,2,0.0,1,0,0,0,1,0,-0.0883533047316396,-1.793541550286219
Europe,0,0,0.0,0,0,1,0,1,0,-0.08191898502954748,-1.793541550286219
Europe,0,0,0.0,1,0,0,0,1,0,-0.09176844365044234,-1.793541550286219
Europe,0,0,0.0,1,0,0,0,1,0,-0.09176844365044234,-1.5240589163552876
Europe,0,0,0.0,0,0,1,0,1,0,-0.08307386292479478,-1.5240589163552876
Europe,0,2,0.0,1,0,0,0,1,0,-0.08076410713430018,-1.5240589163552876
Europe,0,2,0.0,0,0,1,0,1,0,-0.06773048517365203,-1.5240589163552876
Europe,0,2,2.0,0,0,1,0,1,0,-0.09246631986428465,-1.5240589163552876
Europe,0,2,1.0,1,0,0,0,1,0,-0.0924597205620261,-1.5240589163552876
Europe,0,2,1.0,0,0,1,0,1,0,-0.09196642271819903,-1.5240589163552876
Europe,0,1,0.0,1,0,0,0,1,0,-0.061131182915096,-1.5240589163552876
Europe,0,1,0.0,0,0,1,0,1,0,-0.03143432275159388,-1.5240589163552876
Europe,0,1,2.0,1,0,0,0,1,0,-0.0924300237018626,-1.5240589163552876
Europe,0,1,2.0,0,0,1,0,1,0,-0.09229638783112683,-1.5240589163552876
Europe,0,1,1.0,1,0,0,0,1,0,-0.07729947344855827,-1.5240589163552876
Europe,0,1,1.0,0,0,1,0,1,0,-0.0911992538306419,-1.5240589163552876
Europe,0,2,3.0,0,1,0,0,0,1,-0.09247715921823253,-1.5240589163552876
Europe,0,2,3.0,0,0,0,1,0,1,-0.09247778780178657,-1.5240589163552876
Europe,0,0,3.0,0,0,0,1,0,1,-0.09247720871300144,-1.5240589163552876
Europe,0,0,3.0,0,1,0,0,0,1,-0.09247772510841713,-1.5240589163552876
Europe,0,1,3.0,0,1,0,0,0,1,-0.09247753867811928,-1.5240589163552876
Europe,0,1,3.0,0,0,0,1,0,1,-0.09247783894637823,-1.5240589163552876
Europe,0,1,0.0,0,0,0,1,0,1,-0.09247780265021602,-1.254576282424356
Europe,0,1,3.0,0,1,0,0,0,1,-0.09247717571652161,-1.254576282424356
Europe,0,0,3.0,0,1,0,0,0,1,-0.0924776376676571,0.09283688723030159
Europe,0,0,3.0,0,0,0,1,0,1,-0.09247727470601025,-1.254576282424356
Europe,0,2,3.0,0,0,0,1,0,1,-0.09247775480527602,-1.254576282424356
Europe,0,2,3.0,0,1,0,0,0,1,-0.0924771262217527,-1.254576282424356
Europe,0,1,1.0,0,0,1,0,1,0,-0.03308414831623289,-1.254576282424356
Europe,0,1,1.0,1,0,0,0,1,0,-0.04958240396262295,-1.254576282424356
Europe,0,1,2.0,0,0,1,0,1,0,-0.09226339131983405,-1.254576282424356
Europe,0,1,2.0,1,0,0,0,1,0,-0.09240857596952229,-1.254576282424356
Europe,0,1,0.0,0,0,1,0,1,0,0.019710269752215324,-1.254576282424356
Europe,0,1,0.0,1,0,0,0,1,0,-0.0380336250101499,-1.254576282424356
Europe,0,2,0.0,0,0,1,0,1,0,-0.0918674331843207,-1.254576282424356
Europe,0,2,1.0,1,0,0,0,1,0,-0.09246961951541392,-1.254576282424356
Europe,0,2,2.0,0,0,1,0,1,0,-0.09246631986428465,-1.254576282424356
Europe,0,2,0.0,0,0,1,0,1,0,-0.056181706221178976,-1.254576282424356
Europe,0,2,2.0,1,0,0,0,1,0,-0.09247621881767248,-1.254576282424356
Europe,0,2,0.0,1,0,0,0,1,0,-0.08043414202137238,-1.254576282424356
Europe,0,0,0.0,0,0,1,0,1,0,-0.08389877570711429,-1.254576282424356
Europe,0,0,0.0,1,0,0,0,1,0,-0.09227988957548044,-1.254576282424356
Europe,0,0,0.0,1,0,0,0,1,0,-0.09196642271819903,-0.9850936484934245
Europe,0,0,0.0,0,0,1,0,1,0,-0.0850536536023616,-0.9850936484934245
Europe,0,0,2.0,1,0,0,0,1,0,-0.09247621881767248,-0.9850936484934245
Europe,0,2,0.0,1,0,0,0,1,0,-0.07861933390026947,-0.9850936484934245
Europe,0,0,1.0,0,0,1,0,1,0,-0.09242507422516867,-0.9850936484934245
Europe,0,0,2.0,0,0,1,0,1,0,-0.09247621881767248,-0.9850936484934245
Europe,0,0,1.0,1,0,0,0,1,0,-0.09247456899210785,-0.9850936484934245
Europe,0,2,2.0,1,0,0,0,1,0,-0.09247126934097857,-0.9850936484934245
Europe,0,2,0.0,0,0,1,0,1,0,-0.042983101704066926,-0.9850936484934245
Europe,0,2,2.0,0,0,1,0,1,0,-0.09246467003872001,-0.9850936484934245
Europe,0,2,1.0,1,0,0,0,1,0,-0.09246796968984929,-0.9850936484934245
Europe,0,2,1.0,0,0,1,0,1,0,-0.09173544713914956,-0.9850936484934245
Europe,0,1,0.0,1,0,0,0,1,0,0.009811316364381286,-0.9850936484934245
Europe,0,1,0.0,0,0,1,0,1,0,-0.0911992538306419,-0.9850936484934245
Europe,0,1,2.0,1,0,0,0,1,0,-0.09242507422516867,-0.9850936484934245
Europe,0,1,2.0,0,0,1,0,1,0,-0.09223039480854127,-0.9850936484934245
Europe,0,1,1.0,1,0,0,0,1,0,-0.0363837994455109,-0.9850936484934245
Europe,0,1,1.0,0,0,1,0,1,0,0.02300992088149334,-0.9850936484934245
Europe,0,2,3.0,0,1,0,0,0,1,-0.0924770767269838,-0.9850936484934245
Europe,0,2,0.0,0,0,0,1,0,1,-0.0924777185091138,-0.9850936484934245
Europe,0,0,3.0,0,0,0,1,0,1,-0.09247735719730815,-0.9850936484934245
Europe,0,0,3.0,0,1,0,0,0,1,-0.09247727470601025,-0.9850936484934245
Europe,0,1,3.0,0,1,0,0,0,1,-0.09247677975832119,-0.9850936484934245
Europe,0,1,3.0,0,0,0,1,0,1,-0.09247774655614377,-0.9850936484934245
Europe,0,1,3.0,0,0,0,1,0,1,-0.0924776376676571,-0.715611014562493
Europe,0,1,0.0,0,1,0,0,0,1,-0.09247588885248088,-0.715611014562493
Europe,0,0,3.0,0,1,0,0,0,1,-0.09247758817288819,-0.715611014562493
Europe,0,2,3.0,0,0,0,1,0,1,-0.0924776706641738,-0.715611014562493
Europe,0,2,3.0,0,1,0,0,0,1,-0.09247701073397498,-0.715611014562493
Europe,0,0,3.0,0,0,0,1,0,1,-0.09247735719730815,-0.715611014562493
Europe,0,1,1.0,0,0,1,0,1,0,0.187992477345394,0.09283688723030159
Europe,0,1,1.0,1,0,0,0,1,0,0.07250468782066354,-0.715611014562493
Europe,0,1,2.0,0,0,1,0,1,0,-0.09191692795125986,-0.715611014562493
Europe,0,1,0.0,1,0,0,0,1,0,-0.09176844365044234,-0.715611014562493
Europe,0,1,0.0,0,0,1,0,1,0,0.25398549993095426,-0.715611014562493
Europe,0,1,0.0,1,0,0,0,1,0,0.05435660660963446,-0.715611014562493
Europe,0,2,1.0,0,0,1,0,1,0,-0.09109201516894036,-0.715611014562493
Europe,0,2,1.0,1,0,0,0,1,0,-0.09176844365044234,-0.715611014562493
Europe,0,2,2.0,0,0,1,0,1,0,-0.09237062998153558,-0.715611014562493
Europe,0,2,0.0,0,0,1,0,1,0,-0.02648484605767686,-0.715611014562493
Europe,0,2,2.0,1,0,0,0,1,0,-0.09239042788831126,-0.715611014562493
Europe,0,0,1.0,1,0,0,0,1,0,-0.09246961951541392,-0.715611014562493
Europe,0,0,2.0,0,0,1,0,1,0,-0.09245477108533218,-0.715611014562493
Europe,0,0,1.0,0,0,1,0,1,0,-0.09227988957548044,-0.715611014562493
Europe,0,2,0.0,1,0,0,0,1,0,-0.07630957810977486,-0.715611014562493
Europe,0,0,0.0,0,0,1,0,1,0,-0.08488867104589769,-0.715611014562493
Europe,0,0,0.0,1,0,0,0,1,0,-0.09216440178595571,-0.715611014562493
Europe,0,0,0.0,1,0,0,0,1,0,-0.09153746807139289,-0.44612838063156146
Europe,0,0,0.0,0,0,1,0,1,0,-0.0911992538306419,-0.44612838063156146
Europe,0,0,2.0,1,0,0,0,1,0,-0.09239207771387589,-0.44612838063156146
Europe,0,2,0.0,1,0,0,0,1,0,-0.09176844365044234,-0.44612838063156146
Europe,0,0,1.0,0,0,1,0,1,0,-0.09171894888350318,-0.44612838063156146
Europe,0,0,2.0,0,0,1,0,1,0,-0.09242672405073331,-0.44612838063156146
Europe,0,0,1.0,1,0,0,0,1,0,-0.0920159174851382,-0.44612838063156146
Europe,0,2,2.0,1,0,0,0,1,0,-0.09231453591233786,-0.44612838063156146
Europe,0,2,0.0,0,0,1,0,1,0,-0.005037113717369774,-0.44612838063156146
Europe,0,2,2.0,0,0,1,0,1,0,-0.09221389655289489,-0.44612838063156146
Europe,0,2,1.0,1,0,0,0,1,0,-0.09221389655289489,-0.44612838063156146
Europe,0,2,1.0,0,0,1,0,1,0,-0.09016811285274251,-0.44612838063156146
Europe,0,1,0.0,1,0,0,0,1,0,0.06095590886819049,-0.44612838063156146
Europe,0,1,0.0,0,0,1,0,1,0,0.40246980074846483,-0.44612838063156146
Europe,0,1,2.0,1,0,0,0,1,0,-0.0921809000416021,-0.44612838063156146
Europe,0,1,2.0,0,0,1,0,1,0,-0.09158696283833206,-0.44612838063156146
Europe,0,1,0.0,1,0,0,0,1,0,0.10550119911344367,-0.44612838063156146
Europe,0,1,1.0,0,0,1,0,1,0,0.38597154510207476,-0.44612838063156146
Europe,0,0,3.0,0,0,0,1,0,1,-0.09247727470601025,-0.44612838063156146
Europe,0,2,3.0,0,1,0,0,0,1,-0.09247689524619726,-0.44612838063156146
Europe,0,2,3.0,0,0,0,1,0,1,-0.09247760467115268,-0.44612838063156146
Europe,0,0,3.0,0,1,0,0,0,1,-0.09247645804234789,-0.44612838063156146
Europe,0,1,3.0,0,1,0,0,0,1,-0.09247588885248088,-0.44612838063156146
Europe,0,1,3.0,0,0,0,1,0,1,-0.09247750568161486,-0.44612838063156146
Europe,0,1,3.0,0,0,0,1,0,1,-0.09247735719730815,-0.17664574670062994
Europe,0,1,3.0,0,1,0,0,0,1,-0.09247645804234789,-0.17664574670062994
Europe,0,0,3.0,0,1,0,0,0,1,-0.09247692824267709,-0.17664574670062994
Europe,0,2,3.0,0,0,0,1,0,1,-0.09247753867811928,-0.17664574670062994
Europe,0,2,0.0,0,1,0,0,0,1,-0.09247664777230356,-0.17664574670062994
Europe,0,0,3.0,0,0,0,1,0,1,-0.09247758817288819,-0.17664574670062994
Europe,0,1,1.0,0,0,1,0,1,0,0.6499436354443158,-0.17664574670062994
Europe,0,1,1.0,1,0,0,0,1,0,0.17149422169900394,-0.17664574670062994
Europe,0,1,2.0,0,0,1,0,1,0,-0.0910095238907084,-0.17664574670062994
Europe,0,1,2.0,1,0,0,0,1,0,-0.09191692795125986,-0.17664574670062994
Europe,0,1,0.0,0,0,1,0,1,0,0.6169471241515357,-0.17664574670062994
Europe,0,1,0.0,1,0,0,0,1,0,0.1384977104062238,-0.17664574670062994
Europe,0,2,1.0,0,0,1,0,1,0,-0.08917821751395912,-0.17664574670062994
Europe,0,2,1.0,1,0,0,0,1,0,-0.09227988957548044,-0.17664574670062994
Europe,0,2,2.0,0,0,1,0,1,0,-0.09216440178595571,-0.17664574670062994
Europe,0,2,0.0,0,0,1,0,1,0,-0.0911992538306419,-0.17664574670062994
Europe,0,2,2.0,1,0,0,0,1,0,-0.09176844365044234,-0.17664574670062994
Europe,0,0,1.0,1,0,0,0,1,0,-0.09239207771387589,-0.17664574670062994
Europe,0,0,2.0,0,0,1,0,1,0,-0.09242837387629796,-0.17664574670062994
Europe,0,0,1.0,0,0,1,0,1,0,-0.09150447156010011,-0.17664574670062994
Europe,0,2,0.0,1,0,0,0,1,0,-0.06608065960901302,-0.17664574670062994
Europe,0,0,2.0,1,0,0,0,1,0,-0.0924514714342029,-0.17664574670062994
Europe,0,0,0.0,0,0,1,0,1,0,-0.08802333961871181,-0.17664574670062994
Europe,0,0,3.0,1,0,0,0,1,0,-0.0916859523722104,-0.17664574670062994
Europe,0,0,0.0,1,0,0,0,1,0,-0.0911910047028187,0.09283688723030159
Europe,0,0,0.0,0,0,1,0,1,0,-0.0878583570622479,0.09283688723030159
Europe,0,0,2.0,1,0,0,0,1,0,-0.09176844365044234,0.09283688723030159
Europe,0,2,0.0,1,0,0,0,1,0,-0.05288205509190096,0.09283688723030159
Europe,0,0,1.0,0,0,1,0,1,0,-0.0912075029584651,0.09283688723030159
Europe,0,0,2.0,0,0,1,0,1,0,-0.09239537736500518,0.09283688723030159
Europe,0,0,1.0,1,0,0,0,1,0,-0.09224689306418767,0.09283688723030159
Europe,0,2,2.0,1,0,0,0,1,0,-0.09232278504016106,0.09283688723030159
Europe,0,2,0.0,0,0,1,0,1,0,0.059306083303551485,0.09283688723030159
Europe,0,2,2.0,0,0,1,0,1,0,-0.0920159174851382,0.09283688723030159
Europe,0,2,1.0,1,0,0,0,1,0,-0.09216440178595571,0.09283688723030159
Europe,0,2,1.0,0,0,1,0,1,0,-0.08736340939285621,0.09283688723030159
Europe,0,1,0.0,1,0,0,0,1,0,-0.09176844365044234,0.09283688723030159
Europe,0,1,0.0,0,0,1,0,1,0,0.930413981432947,0.09283688723030159
Europe,0,1,0.0,1,0,0,0,1,0,-0.0920159174851382,0.09283688723030159
Europe,0,1,2.0,0,0,1,0,1,0,-0.09082804307859811,0.09283688723030159
Europe,0,1,1.0,1,0,0,0,1,0,0.2209889886381741,0.09283688723030159
Europe,0,1,1.0,0,0,1,0,1,0,0.946912237079337,0.09283688723030159
Europe,0,0,3.0,0,0,0,1,0,1,-0.09247748918335037,0.09283688723030159
Europe,0,2,3.0,0,1,0,0,0,1,-0.09247605383507669,0.09283688723030159
Europe,0,2,3.0,0,0,0,1,0,1,-0.09247742319031697,0.09283688723030159
Europe,0,0,3.0,0,1,0,0,0,1,-0.09247645804234789,0.09283688723030159
Europe,0,1,3.0,0,1,0,0,0,1,-0.09247645804234789,0.09283688723030159
Europe,0,1,3.0,0,0,0,1,0,1,-0.0924771262217527,0.09283688723030159
Europe,0,1,3.0,0,0,0,1,0,1,-0.0924768622496191,0.3623195211612331
Europe,0,1,3.0,0,1,0,0,0,1,-0.09247242421895248,0.3623195211612331
Europe,0,0,3.0,0,1,0,0,0,1,-0.09247324913173481,0.3623195211612331
Europe,0,2,3.0,0,0,0,1,0,1,-0.09247729120429933,0.3623195211612331
Europe,0,2,3.0,0,1,0,0,0,1,-0.09247572387008177,0.3623195211612331
Europe,0,0,3.0,0,0,0,1,0,1,-0.09247720871300144,0.3623195211612331
Europe,0,1,1.0,0,0,1,0,1,0,1.227382583067968,0.3623195211612331
Europe,0,1,1.0,1,0,0,0,1,0,0.25398549993095426,0.3623195211612331
Europe,0,1,2.0,0,0,1,0,1,0,-0.0896731651833508,0.3623195211612331
Europe,0,1,2.0,1,0,0,0,1,0,-0.09147147504880733,0.3623195211612331
Europe,0,1,0.0,0,0,1,0,1,0,1.5078529290565992,0.3623195211612331
Europe,0,1,0.0,1,0,0,0,1,0,0.5179575902731953,0.3623195211612331
Europe,0,2,1.0,0,0,1,0,1,0,-0.08389877570711429,0.3623195211612331
Europe,0,2,1.0,1,0,0,0,1,0,-0.09176844365044234,0.3623195211612331
Europe,0,2,2.0,0,0,1,0,1,0,-0.0920159174851382,0.3623195211612331
Europe,0,2,0.0,0,0,1,0,1,0,0.10550119911344367,0.3623195211612331
Europe,0,0,1.0,1,0,0,0,1,0,-0.09232278504016106,0.3623195211612331
Europe,0,0,2.0,0,0,1,0,1,0,-0.0923376334702428,0.3623195211612331
Europe,0,0,1.0,0,0,1,0,1,0,-0.09082804307859811,0.3623195211612331
Europe,0,2,0.0,1,0,0,0,1,0,-0.044632927268705935,0.3623195211612331
Europe,0,0,2.0,1,0,0,0,1,0,-0.09247621881767248,0.3623195211612331
Europe,0,0,0.0,0,0,1,0,1,0,-0.08406375826357819,0.3623195211612331
Europe,0,0,0.0,1,0,0,0,1,0,-0.08934320007042301,0.3623195211612331
Europe,0,0,0.0,1,0,0,0,1,0,-0.08851828728810351,0.6318021550921646
Europe,0,0,0.0,0,0,1,0,1,0,-0.08010417690844457,0.6318021550921646
Europe,0,0,3.0,1,0,0,0,1,0,-0.09176844365044234,0.6318021550921646
Europe,0,2,0.0,1,0,0,0,1,0,-0.09176844365044234,0.6318021550921646
Europe,0,0,1.0,0,0,1,0,1,0,-0.09066306052213421,0.6318021550921646
Europe,0,0,2.0,0,0,1,0,1,0,-0.09227988957548044,0.6318021550921646
Europe,0,0,1.0,1,0,0,0,1,0,-0.09226339131983405,0.6318021550921646
Europe,0,2,0.0,0,0,1,0,1,0,0.15499596605261387,0.6318021550921646
Europe,0,2,2.0,0,0,1,0,1,0,-0.09198292097384542,0.6318021550921646
Europe,0,2,1.0,1,0,0,0,1,0,-0.09066306052213421,0.6318021550921646
Europe,0,2,1.0,0,0,1,0,1,0,-0.08043414202137238,0.6318021550921646
Europe,0,1,0.0,1,0,0,0,1,0,1.1613895604824078,0.6318021550921646
Europe,0,1,0.0,0,0,1,0,1,0,2.712225591243074,0.6318021550921646
Europe,0,1,2.0,1,0,0,0,1,0,-0.09176844365044234,0.6318021550921646
Europe,0,1,2.0,0,0,1,0,1,0,-0.08851828728810351,0.6318021550921646
Europe,0,1,1.0,1,0,0,0,1,0,-0.09176844365044234,0.6318021550921646
Europe,0,1,1.0,0,0,1,0,1,0,-0.0911992538306419,0.09283688723030159
Europe,0,0,3.0,0,0,0,1,0,1,-0.09247692824267709,0.6318021550921646
Europe,0,2,3.0,0,1,0,0,0,1,-0.09247440400970872,0.6318021550921646
Europe,0,2,0.0,0,0,0,1,0,1,-0.09247715921823253,0.6318021550921646
Europe,0,0,3.0,0,1,0,0,0,1,-0.092470114463398,0.6318021550921646
Europe,0,1,3.0,0,1,0,0,0,1,-0.09246137038759074,0.6318021550921646
Europe,0,1,3.0,0,0,0,1,0,1,-0.09247605383507669,0.6318021550921646
Europe,0,1,3.0,0,0,0,1,0,1,-0.09247758817288819,0.9012847890230962
Europe,0,1,3.0,0,1,0,0,0,1,-0.09244982160863827,0.9012847890230962
Europe,0,0,3.0,0,1,0,0,0,1,-0.09246681481226872,0.9012847890230962
Europe,0,2,3.0,0,0,0,1,0,1,-0.09247691174443717,0.9012847890230962
Europe,0,2,3.0,0,1,0,0,0,1,-0.09247308414894233,0.9012847890230962
Europe,0,0,3.0,0,0,0,1,0,1,-0.09247758817288819,0.9012847890230962
Europe,0,1,1.0,0,0,1,0,1,0,4.03208604295428,0.9012847890230962
Europe,0,1,1.0,1,0,0,0,1,0,1.7223302524596702,0.09283688723030159
Europe,0,1,2.0,0,0,1,0,1,0,-0.0868684617234645,0.9012847890230962
Europe,0,1,2.0,1,0,0,0,1,0,-0.09089403610118368,0.9012847890230962
Europe,0,1,0.0,0,0,1,0,1,0,4.6920162688098825,0.9012847890230962
Europe,0,1,0.0,1,0,0,0,1,0,1.8873128089235707,0.9012847890230962
Europe,0,2,1.0,0,0,1,0,1,0,-0.08109407224722798,0.9012847890230962
Europe,0,2,1.0,1,0,0,0,1,0,-0.0867034791670006,0.9012847890230962
Europe,0,2,2.0,0,0,1,0,1,0,-0.09193342620690625,0.9012847890230962
Europe,0,2,0.0,0,0,1,0,1,0,0.25398549993095426,0.9012847890230962
Europe,0,2,2.0,1,0,0,0,1,0,-0.09243332335299187,0.9012847890230962
Europe,0,0,1.0,1,0,0,0,1,0,-0.09224689306418767,0.9012847890230962
Europe,0,0,2.0,0,0,1,0,1,0,-0.0911992538306419,0.9012847890230962
Europe,0,0,1.0,0,0,1,0,1,0,-0.09033309540920642,0.9012847890230962
Europe,0,2,0.0,1,0,0,0,1,0,0.006511665235103273,0.9012847890230962
Europe,0,0,2.0,1,0,0,0,1,0,-0.09232938434241961,0.9012847890230962
Europe,0,0,0.0,0,0,1,0,1,0,-0.07597961299684705,0.9012847890230962
Europe,0,0,0.0,1,0,0,0,1,0,-0.08604354894114499,0.9012847890230962
Europe,0,0,0.0,1,0,0,0,1,0,-0.08422874082004209,1.1707674229540277
Europe,0,0,0.0,0,0,1,0,1,0,-0.0911992538306419,1.1707674229540277
Europe,0,0,2.0,1,0,0,0,1,0,-0.09227988957548044,1.1707674229540277
Europe,0,2,0.0,1,0,0,0,1,0,0.05600643217427347,1.1707674229540277
Europe,0,0,1.0,0,0,1,0,1,0,-0.0911992538306419,1.1707674229540277
Europe,0,0,2.0,0,0,1,0,1,0,-0.09206541225207737,1.1707674229540277
Europe,0,0,1.0,1,0,0,0,1,0,-0.09235743137701848,1.1707674229540277
Europe,0,2,0.0,0,0,1,0,1,0,-0.0911992538306419,1.1707674229540277
Europe,0,2,2.0,0,0,1,0,1,0,-0.09194992446255264,1.1707674229540277
Europe,0,2,1.0,1,0,0,0,1,0,-0.0870334442799284,1.1707674229540277
Europe,0,2,1.0,0,0,1,0,1,0,-0.07762943856148606,1.1707674229540277
Europe,0,1,0.0,1,0,0,0,1,0,2.5472430347791732,1.1707674229540277
Europe,0,1,0.0,0,0,1,0,1,0,7.166754615768392,1.1707674229540277
Europe,0,1,2.0,1,0,0,0,1,0,-0.09033309540920642,1.1707674229540277
Europe,0,1,2.0,0,0,1,0,1,0,-0.08472368848943379,1.1707674229540277
Europe,0,1,1.0,1,0,0,0,1,0,1.7223302524596702,1.1707674229540277
Europe,0,1,1.0,0,0,1,0,1,0,5.516929051129385,1.1707674229540277
Europe,0,0,3.0,0,0,0,1,0,1,-0.09247605383507669,1.1707674229540277
Europe,0,2,3.0,0,1,0,0,0,1,-0.09247645804234789,1.1707674229540277
Europe,0,2,3.0,0,0,0,1,0,1,-0.09247659827758382,1.1707674229540277
Europe,0,0,3.0,0,1,0,0,0,1,-0.09246269024835713,1.1707674229540277
Europe,0,1,3.0,0,1,0,0,0,1,-0.09244487213194434,1.1707674229540277
Europe,0,1,3.0,0,0,0,1,0,1,-0.09247758817288819,1.1707674229540277
Europe,0,1,3.0,0,0,0,1,0,1,-0.09247159930617016,1.4402500568849592
Europe,0,1,3.0,0,1,0,0,0,1,-0.0924432223063797,1.4402500568849592
Europe,0,0,3.0,0,1,0,0,0,1,-0.09245477108533218,1.4402500568849592
Europe,0,2,3.0,0,0,0,1,0,1,-0.09247605383507669,1.4402500568849592
Europe,0,2,3.0,0,1,0,0,0,1,-0.0924659898994864,1.4402500568849592
Europe,0,0,3.0,0,0,0,1,0,1,-0.09247522892229437,1.4402500568849592
Europe,0,1,1.0,0,0,1,0,1,0,7.331737172232293,1.4402500568849592
Europe,0,1,1.0,1,0,0,0,1,0,1.7223302524596702,1.4402500568849592
Europe,0,1,2.0,0,0,1,0,1,0,-0.08340382803772259,1.4402500568849592
Europe,0,1,2.0,1,0,0,0,1,0,-0.09112501168023314,1.4402500568849592
Europe,0,1,0.0,0,0,1,0,1,0,10.961353414438108,1.4402500568849592
Europe,0,1,0.0,1,0,0,0,1,0,3.537138373562578,1.4402500568849592
Europe,0,2,0.0,0,0,1,0,1,0,-0.07267996186756905,1.4402500568849592
Europe,0,2,1.0,1,0,0,0,1,0,-0.08851828728810351,1.4402500568849592
Europe,0,2,2.0,0,0,1,0,1,0,-0.0918509349286743,1.4402500568849592
Europe,0,2,0.0,0,0,1,0,1,0,-0.0911992538306419,1.4402500568849592
Europe,0,2,2.0,1,0,0,0,1,0,-0.09176844365044234,1.4402500568849592
Europe,0,0,1.0,1,0,0,0,1,0,-0.09221389655289489,1.4402500568849592
Europe,0,0,2.0,0,0,1,0,1,0,-0.09155396632703929,1.4402500568849592
Europe,0,0,1.0,0,0,1,0,1,0,-0.09049807796567032,1.4402500568849592
Europe,0,2,0.0,1,0,0,0,1,0,0.15499596605261387,1.4402500568849592
Europe,0,0,2.0,1,0,0,0,1,0,-0.09176844365044234,1.4402500568849592
Europe,0,0,0.0,0,0,1,0,1,0,-0.056181706221178976,1.4402500568849592
Europe,0,0,0.0,1,0,0,0,1,0,-0.07878431645673337,1.4402500568849592
Finland,0,1,0.0,0,0,0,1,0,1,-0.09247786534358583,-1.793541550286219
Finland,0,1,3.0,0,1,0,0,0,1,-0.0924778273975974,0.09283688723030159
Finland,0,1,0.0,1,0,0,0,1,0,-0.09242837387629796,-1.793541550286219
Finland,0,1,0.0,0,0,1,0,1,0,-0.09238547841161734,-1.793541550286219
Finland,0,1,0.0,0,0,1,0,1,0,-0.09229638783112683,-1.5240589163552876
Finland,0,1,0.0,1,0,0,0,1,0,-0.09239372753944053,-1.5240589163552876
Finland,0,1,1.0,1,0,0,0,1,0,-0.09226339131983405,-1.5240589163552876
Finland,0,1,1.0,0,0,1,0,1,0,-0.09226339131983405,-1.5240589163552876
Finland,0,1,3.0,0,1,0,0,0,1,-0.09247758817288819,-1.5240589163552876
Finland,0,1,0.0,0,0,0,1,0,1,-0.09247785445473679,-1.5240589163552876
Finland,0,1,3.0,0,0,0,1,0,1,-0.092477840596201,-1.254576282424356
Finland,0,1,3.0,0,1,0,0,0,1,-0.09247752217987937,-1.254576282424356
Finland,0,1,1.0,0,0,1,0,1,0,-0.09198292097384542,-1.254576282424356
Finland,0,1,1.0,1,0,0,0,1,0,-0.09219739829724849,-1.254576282424356
Finland,0,1,0.0,1,0,0,0,1,0,-0.09239537736500518,-1.254576282424356
Finland,0,1,0.0,0,0,1,0,1,0,-0.09219739829724849,-1.254576282424356
Finland,0,1,0.0,0,0,1,0,1,0,-0.09188393143996708,-0.9850936484934245
Finland,0,1,0.0,1,0,0,0,1,0,-0.0921809000416021,-0.9850936484934245
Finland,0,1,1.0,1,0,0,0,1,0,-0.09204891399643098,0.09283688723030159
Finland,0,1,1.0,0,0,1,0,1,0,-0.09153746807139289,-0.9850936484934245
Finland,0,1,3.0,0,1,0,0,0,1,-0.09247719221476153,-0.9850936484934245
Finland,0,1,3.0,0,0,0,1,0,1,-0.09247781254916487,-0.9850936484934245
Finland,0,1,0.0,0,0,0,1,0,1,-0.09247777295335713,-0.715611014562493
Finland,0,1,3.0,0,1,0,0,0,1,-0.09247687874785901,-0.715611014562493
Finland,0,1,1.0,0,0,1,0,1,0,-0.09087753784553729,-0.715611014562493
Finland,0,1,1.0,1,0,0,0,1,0,-0.09178494190608874,-0.715611014562493
Finland,0,1,0.0,1,0,0,0,1,0,-0.09208191050772377,-0.715611014562493
Finland,0,1,0.0,0,0,1,0,1,0,-0.09147147504880733,-0.715611014562493
Finland,0,1,0.0,0,0,1,0,1,0,-0.09109201516894036,-0.44612838063156146
Finland,0,1,0.0,1,0,0,0,1,0,-0.09176844365044234,-0.44612838063156146
Finland,0,1,1.0,1,0,0,0,1,0,-0.09049807796567032,-0.44612838063156146
Finland,0,1,1.0,0,0,1,0,1,0,-0.08851828728810351,-0.44612838063156146
Finland,0,0,0.0,0,0,1,0,1,0,-0.09245642091089681,-0.44612838063156146
Finland,0,0,1.0,0,0,1,0,1,0,-0.09245642091089681,-0.44612838063156146
Finland,0,1,3.0,0,1,0,0,0,1,-0.09247588885248088,-0.44612838063156146
Finland,0,1,3.0,0,0,0,1,0,1,-0.0924776706641738,-0.44612838063156146
Finland,0,0,3.0,0,0,0,1,0,1,-0.09247747268511046,-0.44612838063156146
Finland,0,0,3.0,0,0,0,1,0,1,-0.09247719221476153,-0.17664574670062994
Finland,0,2,0.0,0,1,0,0,0,1,-0.09247734069906824,-0.17664574670062994
Finland,0,1,3.0,0,0,0,1,0,1,-0.09247743968860606,-0.17664574670062994
Finland,0,1,3.0,0,1,0,0,0,1,-0.0924735790969264,-0.17664574670062994
Finland,0,2,3.0,0,0,0,1,0,1,-0.09247775810492154,-0.17664574670062994
Finland,0,0,3.0,0,1,0,0,0,1,-0.09247645804234789,-0.17664574670062994
Finland,0,0,1.0,0,0,1,0,1,0,-0.09244157248081507,-0.17664574670062994
Finland,0,2,0.0,1,0,0,0,1,0,-0.09239702719056982,-0.17664574670062994
Finland,0,2,0.0,0,0,1,0,1,0,-0.09213140527466293,-0.17664574670062994
Finland,0,0,0.0,0,0,1,0,1,0,-0.09244157248081507,-0.17664574670062994
Finland,0,0,3.0,1,0,0,0,1,0,-0.09176844365044234,-0.17664574670062994
Finland,0,1,1.0,0,0,1,0,1,0,-0.08307386292479478,-0.17664574670062994
Finland,0,1,1.0,1,0,0,0,1,0,-0.0881883221751757,-0.17664574670062994
Finland,0,1,0.0,1,0,0,0,1,0,-0.09165295586091762,-0.17664574670062994
Finland,0,1,0.0,0,0,1,0,1,0,-0.09016811285274251,-0.17664574670062994
Finland,0,1,0.0,0,0,1,0,1,0,-0.08851828728810351,0.09283688723030159
Finland,0,1,0.0,1,0,0,0,1,0,-0.0911910047028187,0.09283688723030159
Finland,0,1,1.0,1,0,0,0,1,0,-0.084393723376506,0.09283688723030159
Finland,0,1,1.0,0,0,1,0,1,0,-0.07103013630293004,0.09283688723030159
Finland,0,0,0.0,1,0,0,0,1,0,-0.09247621881767248,0.09283688723030159
Finland,0,0,0.0,0,0,1,0,1,0,-0.0924432223063797,0.09283688723030159
Finland,0,2,0.0,0,0,1,0,1,0,-0.09204891399643098,0.09283688723030159
Finland,0,2,0.0,1,0,0,0,1,0,-0.09238712823718198,0.09283688723030159
Finland,0,0,1.0,0,0,1,0,1,0,-0.0924432223063797,0.09283688723030159
Finland,0,0,3.0,0,1,0,0,0,1,-0.09247753867811928,0.09283688723030159
Finland,0,2,3.0,0,0,0,1,0,1,-0.09247773500736599,0.09283688723030159
Finland,0,1,0.0,0,1,0,0,0,1,-0.092470114463398,0.09283688723030159
Finland,0,1,3.0,0,0,0,1,0,1,-0.09247694474091699,0.09283688723030159
Finland,0,2,3.0,0,1,0,0,0,1,-0.09247645804234789,0.09283688723030159
Finland,0,0,3.0,0,0,0,1,0,1,-0.09247724170953042,0.09283688723030159
Finland,0,0,3.0,0,0,0,1,0,1,-0.09247605383507669,0.3623195211612331
Finland,0,2,3.0,0,1,0,0,0,1,-0.09247719221476153,0.3623195211612331
Finland,0,1,3.0,0,1,0,0,0,1,-0.09246648484668378,0.3623195211612331
Finland,0,2,3.0,0,0,0,1,0,1,-0.09247768716242599,0.09283688723030159
Finland,0,1,3.0,0,0,0,1,0,1,-0.09247605383507669,0.3623195211612331
Finland,0,0,3.0,0,1,0,0,0,1,-0.0924666498290829,0.3623195211612331
Finland,0,0,1.0,0,0,1,0,1,0,-0.09237557945822951,0.3623195211612331
Finland,0,2,0.0,1,0,0,0,1,0,-0.09237887910935878,0.3623195211612331
Finland,0,2,0.0,0,0,1,0,1,0,-0.09196642271819903,0.3623195211612331
Finland,0,0,0.0,0,0,1,0,1,0,-0.09237557945822951,0.3623195211612331
Finland,0,0,0.0,1,0,0,0,1,0,-0.09241187562065156,0.3623195211612331
Finland,0,1,1.0,0,0,1,0,1,0,-0.05123222952726196,0.3623195211612331
Finland,0,1,1.0,1,0,0,0,1,0,-0.08257891525540309,0.3623195211612331
Finland,0,2,1.0,0,0,1,0,1,0,-0.0924135254462162,0.3623195211612331
Finland,0,1,2.0,0,0,1,0,1,0,-0.09247621881767248,0.3623195211612331
Finland,0,1,0.0,1,0,0,0,1,0,-0.09176844365044234,0.3623195211612331
Finland,0,1,0.0,0,0,1,0,1,0,-0.08472368848943379,0.3623195211612331
Finland,0,1,0.0,0,0,1,0,1,0,-0.07647456066623876,0.6318021550921646
Finland,0,1,0.0,1,0,0,0,1,0,-0.0855486012717533,0.6318021550921646
Finland,0,1,0.0,0,0,1,0,1,0,-0.09247621881767248,0.6318021550921646
Finland,0,2,1.0,0,0,1,0,1,0,-0.09229638783112683,0.6318021550921646
Finland,0,1,1.0,1,0,0,0,1,0,-0.07103013630293004,0.6318021550921646
Finland,0,1,1.0,0,0,1,0,1,0,-0.01658589266984282,0.6318021550921646
Finland,0,0,0.0,1,0,0,0,1,0,-0.09243662300412114,0.6318021550921646
Finland,0,0,0.0,0,0,1,0,1,0,-0.09233433381911353,0.6318021550921646
Finland,0,2,0.0,0,0,1,0,1,0,-0.09175194539479596,0.6318021550921646
Finland,0,2,1.0,1,0,0,0,1,0,-0.09176844365044234,0.09283688723030159
Finland,0,2,0.0,1,0,0,0,1,0,-0.09219739829724849,0.6318021550921646
Finland,0,0,3.0,0,1,0,0,0,1,-0.09246335017795362,0.6318021550921646
Finland,0,1,3.0,0,0,0,1,0,1,-0.09247456899210785,0.6318021550921646
Finland,0,2,3.0,0,0,0,1,0,1,-0.09247758817288819,0.09283688723030159
Finland,0,1,3.0,0,1,0,0,0,1,-0.09244817178307362,0.6318021550921646
Finland,0,2,3.0,0,1,0,0,0,1,-0.09247522892229437,0.6318021550921646
Finland,0,0,3.0,0,0,0,1,0,1,-0.09247658177934391,0.6318021550921646
Finland,0,0,3.0,0,0,0,1,0,1,-0.09247390906172465,0.9012847890230962
Finland,0,2,3.0,0,1,0,0,0,1,-0.09247324913173481,0.9012847890230962
Finland,0,1,3.0,0,1,0,0,0,1,-0.09242672405073331,0.9012847890230962
Finland,0,2,3.0,0,0,0,1,0,1,-0.09247737369554807,0.9012847890230962
Finland,0,1,3.0,0,0,0,1,0,1,-0.09247758817288819,0.09283688723030159
Finland,0,0,3.0,0,1,0,0,0,1,-0.09239702719056982,0.9012847890230962
Finland,0,2,0.0,1,0,0,0,1,0,-0.09191692795125986,0.9012847890230962
Finland,0,0,1.0,0,0,1,0,1,0,-0.09247456899210785,0.9012847890230962
Finland,0,2,1.0,1,0,0,0,1,0,-0.09241517527178084,0.9012847890230962
Finland,0,2,0.0,0,0,1,0,1,0,-0.09115800819152592,0.9012847890230962
Finland,0,0,0.0,0,0,1,0,1,0,-0.09203241574078459,0.9012847890230962
Finland,0,0,0.0,1,0,0,0,1,0,-0.09176844365044234,0.9012847890230962
Finland,0,1,1.0,0,0,1,0,1,0,0.03455869983396639,0.9012847890230962
Finland,0,1,2.0,1,0,0,0,1,0,-0.09176844365044234,0.9012847890230962
Finland,0,1,1.0,1,0,0,0,1,0,-0.05948135735045699,0.9012847890230962
Finland,0,2,1.0,0,0,1,0,1,0,-0.0921809000416021,0.9012847890230962
Finland,0,1,0.0,0,0,1,0,1,0,-0.09247621881767248,0.9012847890230962
Finland,0,1,0.0,1,0,0,0,1,0,-0.07597961299684705,0.9012847890230962
Finland,0,1,0.0,0,0,1,0,1,0,-0.05453188065653997,0.9012847890230962
Finland,0,1,0.0,0,0,1,0,1,0,-0.018235718234481828,1.1707674229540277
Finland,0,1,0.0,1,0,0,0,1,0,-0.06773048517365203,1.1707674229540277
Finland,0,1,2.0,0,0,1,0,1,0,-0.09247456899210785,1.1707674229540277
Finland,0,2,1.0,0,0,1,0,1,0,-0.0911992538306419,1.1707674229540277
Finland,0,1,1.0,1,0,0,0,1,0,-0.06608065960901302,1.1707674229540277
Finland,0,1,1.0,0,0,1,0,1,0,0.07250468782066354,1.1707674229540277
Finland,0,0,0.0,1,0,0,0,1,0,-0.0920159174851382,1.1707674229540277
Finland,0,0,0.0,0,0,1,0,1,0,-0.09157046458268567,1.1707674229540277
Finland,0,2,0.0,0,0,1,0,1,0,-0.08983814773981472,1.1707674229540277
Finland,0,2,1.0,1,0,0,0,1,0,-0.09243332335299187,1.1707674229540277
Finland,0,0,1.0,0,0,1,0,1,0,-0.0911992538306419,1.1707674229540277
Finland,0,2,0.0,1,0,0,0,1,0,-0.0913559872592826,1.1707674229540277
Finland,0,0,3.0,0,1,0,0,0,1,-0.09236898015597095,1.1707674229540277
Finland,0,1,3.0,0,0,0,1,0,1,-0.09247758817288819,1.1707674229540277
Finland,0,2,0.0,0,0,0,1,0,1,-0.09247692824267709,1.1707674229540277
Finland,0,1,3.0,0,1,0,0,0,1,-0.09247645804234789,1.1707674229540277
Finland,0,2,3.0,0,1,0,0,0,1,-0.0924673097594661,1.1707674229540277
Finland,0,0,3.0,0,0,0,1,0,1,-0.09246978449781305,1.1707674229540277
Finland,0,0,3.0,0,0,0,1,0,1,-0.09246829965464753,0.09283688723030159
Finland,0,2,3.0,0,1,0,0,0,1,-0.09245312125976754,1.4402500568849592
Finland,0,1,3.0,0,1,0,0,0,1,-0.09238877806274662,1.4402500568849592
Finland,0,2,3.0,0,0,0,1,0,1,-0.09247605383507669,1.4402500568849592
Finland,0,1,3.0,0,0,0,1,0,1,-0.09247758817288819,1.4402500568849592
Finland,0,0,3.0,0,1,0,0,0,1,-0.09240692614395765,1.4402500568849592
Finland,0,2,0.0,1,0,0,0,1,0,-0.08983814773981472,1.4402500568849592
Finland,0,0,1.0,0,0,1,0,1,0,-0.09247456899210785,1.4402500568849592
Finland,0,2,1.0,1,0,0,0,1,0,-0.09245477108533218,1.4402500568849592
Finland,0,2,0.0,0,0,1,0,1,0,-0.0871984268363923,1.4402500568849592
Finland,0,0,0.0,0,0,1,0,1,0,-0.09142198028186815,1.4402500568849592
Finland,0,0,3.0,1,0,0,0,1,0,-0.09176844365044234,1.4402500568849592
Finland,0,1,1.0,0,0,1,0,1,0,0.1384977104062238,1.4402500568849592
Finland,0,1,1.0,1,0,0,0,1,0,-0.062781008479735,1.4402500568849592
Finland,0,2,1.0,0,0,1,0,1,0,-0.0911992538306419,1.4402500568849592
Finland,0,1,2.0,0,0,1,0,1,0,-0.09247456899210785,1.4402500568849592
Finland,0,1,0.0,1,0,0,0,1,0,-0.042983101704066926,1.4402500568849592
Finland,0,1,0.0,0,0,1,0,1,0,0.04610747878643943,1.4402500568849592
France,0,0,0.0,1,0,0,0,1,0,-0.0924514714342029,-2.063024184217151
France,0,0,0.0,0,0,1,0,1,0,-0.0911992538306419,-2.063024184217151
France,0,2,1.0,0,0,1,0,1,0,-0.09213140527466293,-2.063024184217151
France,0,1,0.0,1,0,0,0,1,0,-0.09216440178595571,-2.063024184217151
France,0,1,0.0,0,0,1,0,1,0,-0.0911992538306419,-2.063024184217151
France,0,1,1.0,1,0,0,0,1,0,-0.09176844365044234,-2.063024184217151
France,0,0,3.0,0,1,0,0,0,1,-0.09247739019383715,-2.063024184217151
France,0,0,3.0,0,0,0,1,0,1,-0.09247778945160934,-2.063024184217151
France,0,2,3.0,0,1,0,0,0,1,-0.09247755517638377,-2.063024184217151
France,0,2,3.0,0,0,0,1,0,1,-0.09247780924951936,-2.063024184217151
France,0,1,3.0,0,1,0,0,0,1,-0.09247784884533018,-2.063024184217151
France,0,2,0.0,0,0,1,0,1,0,-0.09000313029627861,-2.063024184217151
France,0,2,0.0,1,0,0,0,1,0,-0.09115800819152592,-2.063024184217151
France,0,1,3.0,0,0,0,1,0,1,-0.09247786710889938,-2.063024184217151
France,0,1,3.0,0,0,0,1,0,1,-0.09247785329985932,-1.793541550286219
France,0,1,3.0,0,1,0,0,0,1,-0.0924776706641738,-1.793541550286219
France,0,2,0.0,1,0,0,0,1,0,-0.0896731651833508,-1.793541550286219
France,0,2,0.0,0,0,1,0,1,0,-0.0871984268363923,-1.793541550286219
France,0,2,3.0,0,0,0,1,0,1,-0.09247777130352822,-1.793541550286219
France,0,2,3.0,0,1,0,0,0,1,-0.09247722521129051,-1.793541550286219
France,0,0,3.0,0,0,0,1,0,1,-0.09247775480527602,-1.793541550286219
France,0,0,3.0,0,1,0,0,0,1,-0.09247732420077916,-1.793541550286219
France,0,1,0.0,1,0,0,0,1,0,-0.09238547841161734,-1.793541550286219
France,0,1,0.0,0,0,1,0,1,0,-0.087693374505784,-1.793541550286219
France,0,1,0.0,1,0,0,0,1,0,-0.0881883221751757,-1.793541550286219
France,0,2,1.0,0,0,1,0,1,0,-0.0911992538306419,-1.793541550286219
France,0,1,1.0,0,0,1,0,1,0,-0.09231948538903179,-1.793541550286219
France,0,0,3.0,0,0,1,0,1,0,-0.09237227980710022,-1.793541550286219
France,0,0,0.0,1,0,0,0,1,0,-0.0924432223063797,-1.793541550286219
France,0,0,0.0,1,0,0,0,1,0,-0.09243662300412114,-1.5240589163552876
France,0,1,1.0,0,0,1,0,1,0,-0.09132299074798982,-1.5240589163552876
France,0,2,1.0,0,0,1,0,1,0,-0.09198292097384542,-1.5240589163552876
France,0,1,0.0,1,0,0,0,1,0,-0.08307386292479478,-1.5240589163552876
France,0,1,0.0,0,0,1,0,1,0,-0.07828936878734166,-1.5240589163552876
France,0,1,1.0,1,0,0,0,1,0,-0.09176844365044234,-1.5240589163552876
France,0,0,3.0,0,1,0,0,0,1,-0.09247715921823253,-1.5240589163552876
France,0,0,3.0,0,0,0,1,0,1,-0.09247770531050711,-1.5240589163552876
France,0,2,3.0,0,1,0,0,0,1,-0.09247628481073047,-1.5240589163552876
France,0,2,3.0,0,0,0,1,0,1,-0.09247758817288819,-1.5240589163552876
France,0,2,0.0,0,0,1,0,1,0,-0.08125905480369187,-1.5240589163552876
France,0,2,0.0,1,0,0,0,1,0,-0.0865384966105367,-1.5240589163552876
France,0,0,0.0,0,0,1,0,1,0,-0.09232608469129033,-1.5240589163552876
France,0,2,2.0,0,0,1,0,1,0,-0.09247621881767248,-1.5240589163552876
France,0,1,3.0,0,1,0,0,0,1,-0.09247732420077916,-1.5240589163552876
France,0,1,3.0,0,0,0,1,0,1,-0.09247782244811989,-1.5240589163552876
France,0,1,3.0,0,0,0,1,0,1,-0.09247777295335713,-1.254576282424356
France,0,1,3.0,0,1,0,0,0,1,-0.09247699423573506,-1.254576282424356
France,0,2,2.0,0,0,1,0,1,0,-0.09247621881767248,-1.254576282424356
France,0,0,0.0,0,0,1,0,1,0,-0.09227988957548044,-1.254576282424356
France,0,2,0.0,1,0,0,0,1,0,-0.09176844365044234,-1.254576282424356
France,0,2,0.0,0,0,1,0,1,0,-0.0911992538306419,-1.254576282424356
France,0,2,2.0,1,0,0,0,1,0,-0.09247621881767248,-1.254576282424356
France,0,2,3.0,0,0,0,1,0,1,-0.09247758817288819,-1.254576282424356
France,0,2,3.0,0,1,0,0,0,1,-0.09247645804234789,-1.254576282424356
France,0,0,3.0,0,0,0,1,0,1,-0.0924776706641738,-1.254576282424356
France,0,0,3.0,0,1,0,0,0,1,-0.09247725820777034,-1.254576282424356
France,0,1,1.0,1,0,0,0,1,0,-0.09107551691329396,0.09283688723030159
France,0,1,0.0,0,0,1,0,1,0,-0.06443083404437401,-1.254576282424356
France,0,1,0.0,1,0,0,0,1,0,-0.07779442111794997,-1.254576282424356
France,0,1,2.0,1,0,0,0,1,0,-0.09247621881767248,-1.254576282424356
France,0,1,2.0,0,0,1,0,1,0,-0.09247621881767248,-1.254576282424356
France,0,2,0.0,0,0,1,0,1,0,-0.0911992538306419,-1.254576282424356
France,0,1,1.0,0,0,1,0,1,0,-0.09000313029627861,-1.254576282424356
France,0,0,0.0,1,0,0,0,1,0,-0.09176844365044234,-1.254576282424356
France,0,0,0.0,1,0,0,0,1,0,-0.09241187562065156,-0.9850936484934245
France,0,1,1.0,0,0,1,0,1,0,-0.0865384966105367,-0.9850936484934245
France,0,2,1.0,0,0,1,0,1,0,-0.09176844365044234,-0.9850936484934245
France,0,1,2.0,0,0,1,0,1,0,-0.09247456899210785,-0.9850936484934245
France,0,1,2.0,1,0,0,0,1,0,-0.09247621881767248,-0.9850936484934245
France,0,1,0.0,1,0,0,0,1,0,-0.07432978743220806,-0.9850936484934245
France,0,1,0.0,0,0,1,0,1,0,-0.04628275283334494,-0.9850936484934245
France,0,1,1.0,1,0,0,0,1,0,-0.0890132349574952,-0.9850936484934245
France,0,0,3.0,0,1,0,0,0,1,-0.09247671376536154,-0.9850936484934245
France,0,0,3.0,0,0,0,1,0,1,-0.09247760467115268,0.09283688723030159
France,0,2,3.0,0,1,0,0,0,1,-0.09247572387008177,-0.9850936484934245
France,0,2,3.0,0,0,0,1,0,1,-0.09247740669207706,-0.9850936484934245
France,0,2,2.0,1,0,0,0,1,0,-0.09247126934097857,-0.9850936484934245
France,0,2,0.0,0,0,1,0,1,0,-0.06608065960901302,-0.9850936484934245
France,0,2,0.0,1,0,0,0,1,0,-0.0850536536023616,-0.9850936484934245
France,0,0,0.0,0,0,1,0,1,0,-0.09223039480854127,-0.9850936484934245
France,0,2,2.0,0,0,1,0,1,0,-0.09247456899210785,-0.9850936484934245
France,0,1,3.0,0,1,0,0,0,1,-0.09247673026360145,-0.9850936484934245
France,0,1,3.0,0,0,0,1,0,1,-0.09247758817288819,-0.9850936484934245
France,0,1,3.0,0,0,0,1,0,1,-0.09247758817288819,-0.715611014562493
France,0,1,3.0,0,1,0,0,0,1,-0.09247645804234789,0.09283688723030159
France,0,2,2.0,0,0,1,0,1,0,-0.09238712823718198,-0.715611014562493
France,0,0,0.0,0,0,1,0,1,0,-0.0911992538306419,-0.715611014562493
France,0,2,0.0,1,0,0,0,1,0,-0.084393723376506,-0.715611014562493
France,0,2,0.0,0,0,1,0,1,0,-0.057831531785817986,-0.715611014562493
France,0,2,2.0,1,0,0,0,1,0,-0.09176844365044234,-0.715611014562493
France,0,2,3.0,0,0,0,1,0,1,-0.09247725820777034,-0.715611014562493
France,0,2,3.0,0,1,0,0,0,1,-0.09247522892229437,-0.715611014562493
France,0,0,3.0,0,0,0,1,0,1,-0.09247755517638377,-0.715611014562493
France,0,0,3.0,0,1,0,0,0,1,-0.09247671376536154,-0.715611014562493
France,0,1,0.0,0,0,1,0,1,0,-0.018235718234481828,-0.715611014562493
France,0,1,0.0,1,0,0,0,1,0,-0.062781008479735,-0.715611014562493
France,0,1,2.0,1,0,0,0,1,0,-0.09176844365044234,-0.715611014562493
France,0,1,2.0,0,0,1,0,1,0,-0.0911992538306419,-0.715611014562493
France,0,2,1.0,0,0,1,0,1,0,-0.09143847853751455,-0.715611014562493
France,0,2,1.0,1,0,0,0,1,0,-0.09246137038759074,-0.715611014562493
France,0,1,0.0,0,0,1,0,1,0,-0.07713449089209436,-0.715611014562493
France,0,1,1.0,1,0,0,0,1,0,-0.08290888036833088,-0.715611014562493
France,0,0,0.0,1,0,0,0,1,0,-0.09239372753944053,-0.715611014562493
France,0,0,0.0,1,0,0,0,1,0,-0.09235578155145384,-0.44612838063156146
France,0,1,1.0,1,0,0,0,1,0,-0.09176844365044234,-0.44612838063156146
France,0,1,1.0,0,0,1,0,1,0,-0.06443083404437401,-0.44612838063156146
France,0,2,1.0,0,0,1,0,1,0,-0.09082804307859811,-0.44612838063156146
France,0,1,2.0,0,0,1,0,1,0,-0.09240197666726373,-0.44612838063156146
France,0,1,2.0,1,0,0,0,1,0,-0.0924217745740394,-0.44612838063156146
France,0,1,0.0,1,0,0,0,1,0,-0.05453188065653997,-0.44612838063156146
France,0,1,0.0,0,0,1,0,1,0,0.018060444187576317,-0.44612838063156146
France,0,0,3.0,0,1,0,0,0,1,-0.09247588885248088,-0.44612838063156146
France,0,0,3.0,0,0,0,1,0,1,-0.09247758817288819,-0.44612838063156146
France,0,2,3.0,0,1,0,0,0,1,-0.09247473397470364,-0.44612838063156146
France,0,2,3.0,0,0,0,1,0,1,-0.09247710972346362,-0.44612838063156146
France,0,2,2.0,1,0,0,0,1,0,-0.09176844365044234,-0.44612838063156146
France,0,0,1.0,1,0,0,0,1,0,-0.09247621881767248,-0.44612838063156146
France,0,2,0.0,0,0,1,0,1,0,-0.04793257839798395,-0.44612838063156146
France,0,2,0.0,1,0,0,0,1,0,-0.08340382803772259,-0.44612838063156146
France,0,0,1.0,0,0,1,0,1,0,-0.09247621881767248,-0.44612838063156146
France,0,0,0.0,0,0,1,0,1,0,-0.0911992538306419,-0.44612838063156146
France,0,2,2.0,0,0,1,0,1,0,-0.09223039480854127,-0.44612838063156146
France,0,1,3.0,0,1,0,0,0,1,-0.09247555888748596,-0.44612838063156146
France,0,1,3.0,0,0,0,1,0,1,-0.09247743968860606,-0.44612838063156146
France,0,1,3.0,0,0,0,1,0,1,-0.09247710972346362,-0.17664574670062994
France,0,1,3.0,0,1,0,0,0,1,-0.09247506393969857,-0.17664574670062994
France,0,2,2.0,0,0,1,0,1,0,-0.0921809000416021,-0.17664574670062994
France,0,0,0.0,0,0,1,0,1,0,-0.09198292097384542,-0.17664574670062994
France,0,0,1.0,0,0,1,0,1,0,-0.09247621881767248,-0.17664574670062994
France,0,2,0.0,1,0,0,0,1,0,-0.08257891525540309,-0.17664574670062994
France,0,2,0.0,0,0,1,0,1,0,-0.0380336250101499,0.09283688723030159
France,0,2,2.0,1,0,0,0,1,0,-0.09243662300412114,-0.17664574670062994
France,0,2,3.0,0,0,0,1,0,1,-0.09247694474091699,-0.17664574670062994
France,0,2,3.0,0,1,0,0,0,1,-0.09247473397470364,-0.17664574670062994
France,0,0,3.0,0,0,0,1,0,1,-0.09247737369554807,-0.17664574670062994
France,0,0,3.0,0,1,0,0,0,1,-0.09247742319031697,-0.17664574670062994
France,0,1,0.0,0,0,1,0,1,0,0.06095590886819049,-0.17664574670062994
France,0,1,0.0,1,0,0,0,1,0,-0.04958240396262295,-0.17664574670062994
France,0,1,2.0,1,0,0,0,1,0,-0.09240197666726373,-0.17664574670062994
France,0,1,2.0,0,0,1,0,1,0,-0.09232608469129033,-0.17664574670062994
France,0,2,1.0,0,0,1,0,1,0,-0.08983814773981472,-0.17664574670062994
France,0,1,1.0,0,0,1,0,1,0,-0.0033872881527307673,-0.17664574670062994
France,0,1,1.0,1,0,0,0,1,0,-0.07267996186756905,-0.17664574670062994
France,0,0,0.0,1,0,0,0,1,0,-0.09244982160863827,-0.17664574670062994
France,0,0,0.0,1,0,0,0,1,0,-0.09232113521459642,0.09283688723030159
France,0,1,1.0,1,0,0,0,1,0,-0.06773048517365203,0.09283688723030159
France,0,1,1.0,0,0,1,0,1,0,0.019710269752215324,0.09283688723030159
France,0,2,1.0,0,0,1,0,1,0,-0.0883533047316396,0.09283688723030159
France,0,1,2.0,0,0,1,0,1,0,-0.09231288608677322,0.09283688723030159
France,0,1,2.0,1,0,0,0,1,0,-0.09246137038759074,0.09283688723030159
France,0,1,0.0,1,0,0,0,1,0,-0.0380336250101499,0.09283688723030159
France,0,1,0.0,0,0,1,0,1,0,0.10550119911344367,0.09283688723030159
France,0,0,3.0,0,1,0,0,0,1,-0.09247645804234789,0.09283688723030159
France,0,0,3.0,0,0,0,1,0,1,-0.09247722521129051,0.09283688723030159
France,0,2,3.0,0,1,0,0,0,1,-0.09247390906172465,0.09283688723030159
France,0,2,3.0,0,0,0,1,0,1,-0.09247671376536154,0.09283688723030159
France,0,2,2.0,1,0,0,0,1,0,-0.09176844365044234,0.09283688723030159
France,0,2,0.0,0,0,1,0,1,0,-0.024835020493037853,0.09283688723030159
France,0,2,0.0,1,0,0,0,1,0,-0.07894929901319726,0.09283688723030159
France,0,0,1.0,0,0,1,0,1,0,-0.09247621881767248,0.09283688723030159
France,0,0,0.0,0,0,1,0,1,0,-0.09191692795125986,0.09283688723030159
France,0,2,2.0,0,0,1,0,1,0,-0.09203241574078459,0.09283688723030159
France,0,1,3.0,0,1,0,0,0,1,-0.09247456899210785,0.09283688723030159
France,0,1,3.0,0,0,0,1,0,1,-0.09247687874785901,0.09283688723030159
France,0,1,3.0,0,0,0,1,0,1,-0.09247677975832119,0.3623195211612331
France,0,1,3.0,0,1,0,0,0,1,-0.09247341411413393,0.3623195211612331
France,0,2,2.0,0,0,1,0,1,0,-0.09203241574078459,0.3623195211612331
France,0,0,0.0,0,0,1,0,1,0,-0.09153746807139289,0.3623195211612331
France,0,0,1.0,0,0,1,0,1,0,-0.0911992538306419,0.3623195211612331
France,0,2,0.0,1,0,0,0,1,0,-0.07911428156966117,0.3623195211612331
France,0,2,0.0,0,0,1,0,1,0,-0.011636415975925801,0.3623195211612331
France,0,2,3.0,0,0,0,1,0,1,-0.09247640029850819,0.3623195211612331
France,0,2,3.0,0,1,0,0,0,1,-0.09247645804234789,0.3623195211612331
France,0,0,3.0,0,0,0,1,0,1,-0.09247758817288819,0.3623195211612331
France,0,0,3.0,0,1,0,0,0,1,-0.09247093937618032,0.3623195211612331
France,0,1,0.0,0,0,1,0,1,0,0.187992477345394,0.3623195211612331
France,0,1,0.0,1,0,0,0,1,0,-0.09176844365044234,0.3623195211612331
France,0,1,2.0,1,0,0,0,1,0,-0.09237887910935878,0.3623195211612331
France,0,1,2.0,0,0,1,0,1,0,-0.09219739829724849,0.3623195211612331
France,0,2,1.0,0,0,1,0,1,0,-0.0855486012717533,0.3623195211612331
France,0,2,1.0,1,0,0,0,1,0,-0.09247126934097857,0.3623195211612331
France,0,1,0.0,0,0,1,0,1,0,-0.0911992538306419,0.3623195211612331
France,0,1,0.0,1,0,0,0,1,0,-0.061131182915096,0.3623195211612331
France,0,0,0.0,1,0,0,0,1,0,-0.0920159174851382,0.3623195211612331
France,0,0,0.0,1,0,0,0,1,0,-0.0921809000416021,0.6318021550921646
France,0,1,1.0,1,0,0,0,1,0,0.031259048704688375,0.6318021550921646
France,0,1,1.0,0,0,1,0,1,0,0.17149422169900394,0.6318021550921646
France,0,2,1.0,0,0,1,0,1,0,-0.0855486012717533,0.6318021550921646
France,0,1,0.0,0,0,1,0,1,0,-0.0918509349286743,0.6318021550921646
France,0,1,2.0,1,0,0,0,1,0,-0.09213140527466293,0.6318021550921646
France,0,1,0.0,1,0,0,0,1,0,0.0890029434670536,0.6318021550921646
France,0,1,0.0,0,0,1,0,1,0,0.3694732894556847,0.6318021550921646
France,0,0,3.0,0,1,0,0,0,1,-0.09247308414894233,0.6318021550921646
France,0,0,3.0,0,0,0,1,0,1,-0.09247658177934391,0.6318021550921646
France,0,2,3.0,0,1,0,0,0,1,-0.09247291916654321,0.6318021550921646
France,0,2,3.0,0,0,0,1,0,1,-0.09247621881767248,0.6318021550921646
France,0,2,0.0,0,0,1,0,1,0,0.003212014105825259,0.6318021550921646
France,0,2,0.0,1,0,0,0,1,0,-0.07729947344855827,0.6318021550921646
France,0,0,2.0,0,0,1,0,1,0,-0.09247291916654321,0.6318021550921646
France,0,0,0.0,0,0,1,0,1,0,-0.09133948900363621,0.6318021550921646
France,0,2,0.0,0,0,1,0,1,0,-0.09203241574078459,0.6318021550921646
France,0,1,3.0,0,1,0,0,0,1,-0.0924597205620261,0.6318021550921646
France,0,1,3.0,0,0,0,1,0,1,-0.09247605383507669,0.6318021550921646
France,0,1,3.0,0,0,0,1,0,1,-0.09247758817288819,0.9012847890230962
France,0,1,3.0,0,1,0,0,0,1,-0.09244982160863827,0.9012847890230962
France,0,2,2.0,0,0,1,0,1,0,-0.09199941922949181,0.9012847890230962
France,0,0,0.0,0,0,1,0,1,0,-0.09033309540920642,0.9012847890230962
France,0,0,2.0,1,0,0,0,1,0,-0.09247621881767248,0.9012847890230962
France,0,0,2.0,0,0,1,0,1,0,-0.09247126934097857,0.9012847890230962
France,0,0,1.0,0,0,1,0,1,0,-0.09236238085371239,0.9012847890230962
France,0,2,0.0,1,0,0,0,1,0,-0.07267996186756905,0.9012847890230962
France,0,2,0.0,0,0,1,0,1,0,0.021360095316854334,0.9012847890230962
France,0,2,2.0,1,0,0,0,1,0,-0.09244487213194434,0.9012847890230962
France,0,2,3.0,0,0,0,1,0,1,-0.09247605383507669,0.9012847890230962
France,0,2,0.0,0,1,0,0,0,1,-0.09247291916654321,0.9012847890230962
France,0,0,3.0,0,0,0,1,0,1,-0.09247539390489017,0.9012847890230962
France,0,0,3.0,0,1,0,0,0,1,-0.09246269024835713,0.9012847890230962
France,0,1,0.0,0,0,1,0,1,0,0.6334453797979258,0.9012847890230962
France,0,1,0.0,1,0,0,0,1,0,0.187992477345394,0.9012847890230962
France,0,1,2.0,1,0,0,0,1,0,-0.09245477108533218,0.9012847890230962
France,0,1,2.0,0,0,1,0,1,0,-0.09181793841738152,0.9012847890230962
France,0,2,0.0,0,0,1,0,1,0,-0.09000313029627861,0.9012847890230962
France,0,2,1.0,1,0,0,0,1,0,-0.09176844365044234,0.9012847890230962
France,0,1,0.0,0,0,1,0,1,0,0.40246980074846483,0.9012847890230962
France,0,1,1.0,1,0,0,0,1,0,0.1384977104062238,0.9012847890230962
France,0,0,0.0,1,0,0,0,1,0,-0.09145497679316093,0.9012847890230962
France,0,0,0.0,1,0,0,0,1,0,-0.09115800819152592,1.1707674229540277
France,0,1,1.0,1,0,0,0,1,0,0.12199945475983373,1.1707674229540277
France,0,1,1.0,0,0,1,0,1,0,0.6169471241515357,1.1707674229540277
France,0,2,1.0,1,0,0,0,1,0,-0.09161995934962484,1.1707674229540277
France,0,2,2.0,0,0,1,0,1,0,-0.09203241574078459,1.1707674229540277
France,0,2,1.0,0,0,1,0,1,0,-0.09084454133424451,1.1707674229540277
France,0,1,2.0,0,0,1,0,1,0,-0.09150447156010011,1.1707674229540277
France,0,1,2.0,1,0,0,0,1,0,-0.09214790353030933,1.1707674229540277
France,0,1,0.0,1,0,0,0,1,0,0.25398549993095426,1.1707674229540277
France,0,1,0.0,0,0,1,0,1,0,0.930413981432947,1.1707674229540277
France,0,0,3.0,0,1,0,0,0,1,-0.09245477108533218,1.1707674229540277
France,0,0,3.0,0,0,0,1,0,1,-0.09247473397470364,1.1707674229540277
France,0,2,3.0,0,1,0,0,0,1,-0.09246978449781305,1.1707674229540277
France,0,2,3.0,0,0,0,1,0,1,-0.09247588885248088,1.1707674229540277
France,0,0,1.0,1,0,0,0,1,0,-0.09247456899210785,1.1707674229540277
France,0,2,0.0,0,0,1,0,1,0,0.029609223140049365,1.1707674229540277
France,0,2,0.0,1,0,0,0,1,0,-0.06608065960901302,1.1707674229540277
France,0,0,1.0,0,0,1,0,1,0,-0.09236238085371239,1.1707674229540277
France,0,0,2.0,0,0,1,0,1,0,-0.09247621881767248,1.1707674229540277
France,0,0,3.0,0,0,1,0,1,0,-0.0896731651833508,1.1707674229540277
France,0,1,3.0,0,1,0,0,0,1,-0.09244487213194434,1.1707674229540277
France,0,1,3.0,0,0,0,1,0,1,-0.09247324913173481,1.1707674229540277
France,0,1,3.0,0,0,0,1,0,1,-0.09247110435857944,1.4402500568849592
France,0,1,3.0,0,1,0,0,0,1,-0.09243662300412114,1.4402500568849592
France,0,0,0.0,0,0,1,0,1,0,-0.0890132349574952,1.4402500568849592
France,0,0,2.0,1,0,0,0,1,0,-0.09244157248081507,1.4402500568849592
France,0,0,2.0,0,0,1,0,1,0,-0.09243992265525043,0.09283688723030159
France,0,0,1.0,0,0,1,0,1,0,-0.09247291916654321,1.4402500568849592
France,0,2,0.0,1,0,0,0,1,0,-0.042983101704066926,1.4402500568849592
France,0,2,0.0,0,0,1,0,1,0,0.04115800209252241,0.09283688723030159
France,0,2,3.0,0,0,0,1,0,1,-0.09247572387008177,1.4402500568849592
France,0,2,3.0,0,1,0,0,0,1,-0.09246532996910321,1.4402500568849592
France,0,0,3.0,0,0,0,1,0,1,-0.09247407404451713,1.4402500568849592
France,0,0,3.0,0,1,0,0,0,1,-0.09245642091089681,1.4402500568849592
France,0,1,0.0,0,0,1,0,1,0,-0.0911992538306419,1.4402500568849592
France,0,1,0.0,1,0,0,0,1,0,0.4189680563948549,1.4402500568849592
France,0,1,2.0,1,0,0,0,1,0,-0.09196642271819903,1.4402500568849592
France,0,1,2.0,0,0,1,0,1,0,-0.0910095238907084,1.4402500568849592
France,0,2,1.0,0,0,1,0,1,0,-0.08983814773981472,1.4402500568849592
France,0,2,2.0,0,0,1,0,1,0,-0.0911992538306419,1.4402500568849592
France,0,2,1.0,1,0,0,0,1,0,-0.09211490701901655,1.4402500568849592
France,0,1,1.0,0,0,1,0,1,0,0.8809192144937767,1.4402500568849592
France,0,1,1.0,1,0,0,0,1,0,0.17149422169900394,1.4402500568849592
France,0,0,0.0,1,0,0,0,1,0,-0.09125699772540426,1.4402500568849592
Germany,0,2,2.0,1,0,0,0,1,0,-0.09247456899210785,-2.063024184217151
Germany,0,2,0.0,1,0,0,0,1,0,-0.09176844365044234,-2.063024184217151
Germany,0,2,0.0,0,0,1,0,1,0,-0.09211490701901655,-2.063024184217151
Germany,0,2,2.0,0,0,1,0,1,0,-0.09247456899210785,-2.063024184217151
Germany,0,1,0.0,0,0,1,0,1,0,-0.09244652195750898,-2.063024184217151
Germany,0,2,3.0,0,1,0,0,0,1,-0.09247772510841713,0.09283688723030159
Germany,0,1,0.0,1,0,0,0,1,0,-0.09224689306418767,-2.063024184217151
Germany,0,1,0.0,0,0,1,0,1,0,-0.09206541225207737,-2.063024184217151
Germany,0,1,2.0,1,0,0,0,1,0,-0.0924514714342029,-2.063024184217151
Germany,0,2,3.0,0,0,0,1,0,1,-0.09247784884533018,-2.063024184217151
Germany,0,1,3.0,0,1,0,0,0,1,-0.09247786055909177,-2.063024184217151
Germany,0,1,3.0,0,0,0,1,0,1,-0.09247786768633831,-2.063024184217151
Germany,0,1,3.0,0,0,0,1,0,1,-0.09247786138400468,-1.793541550286219
Germany,0,1,3.0,0,1,0,0,0,1,-0.09247645804234789,0.09283688723030159
Germany,0,2,3.0,0,0,0,1,0,1,-0.09247782904742323,0.09283688723030159
Germany,0,1,2.0,1,0,0,0,1,0,-0.09241517527178084,-1.793541550286219
Germany,0,1,0.0,0,0,1,0,1,0,-0.08983814773981472,-1.793541550286219
Germany,0,1,0.0,1,0,0,0,1,0,-0.09016811285274251,-1.793541550286219
Germany,0,1,0.0,0,0,1,0,1,0,-0.0911992538306419,-1.793541550286219
Germany,0,2,3.0,0,1,0,0,0,1,-0.0924776706641738,-1.793541550286219
Germany,0,1,2.0,0,0,1,0,1,0,-0.0923838285860527,-1.793541550286219
Germany,0,1,1.0,1,0,0,0,1,0,-0.09208191050772377,-1.793541550286219
Germany,0,2,2.0,0,0,1,0,1,0,-0.09247456899210785,-1.793541550286219
Germany,0,2,0.0,0,0,1,0,1,0,-0.09165295586091762,-1.793541550286219
Germany,0,2,0.0,1,0,0,0,1,0,-0.0920159174851382,-1.793541550286219
Germany,0,2,0.0,1,0,0,0,1,0,-0.09091053435683007,-1.5240589163552876
Germany,0,2,0.0,0,0,1,0,1,0,-0.09016811285274251,-1.5240589163552876
Germany,0,2,2.0,0,0,1,0,1,0,-0.09247456899210785,-1.5240589163552876
Germany,0,1,1.0,1,0,0,0,1,0,-0.09049807796567032,-1.5240589163552876
Germany,0,1,2.0,0,0,1,0,1,0,-0.0911992538306419,-1.5240589163552876
Germany,0,2,3.0,0,1,0,0,0,1,-0.09247715921823253,-1.5240589163552876
Germany,0,1,1.0,0,0,1,0,1,0,-0.0911992538306419,-1.5240589163552876
Germany,0,1,0.0,1,0,0,0,1,0,-0.08884825240103131,-1.5240589163552876
Germany,0,1,0.0,0,0,1,0,1,0,-0.08604354894114499,-1.5240589163552876
Germany,0,1,2.0,1,0,0,0,1,0,-0.09176844365044234,-1.5240589163552876
Germany,0,2,3.0,0,0,0,1,0,1,-0.09247775810492154,-1.5240589163552876
Germany,0,1,3.0,0,1,0,0,0,1,-0.09247645804234789,-1.5240589163552876
Germany,0,1,3.0,0,0,0,1,0,1,-0.09247784884533018,-1.5240589163552876
Germany,0,1,3.0,0,0,0,1,0,1,-0.09247782244811989,-1.254576282424356
Germany,0,1,3.0,0,1,0,0,0,1,-0.09247645804234789,-1.254576282424356
Germany,0,2,3.0,0,0,0,1,0,1,-0.09247771520945597,-1.254576282424356
Germany,0,2,3.0,0,1,0,0,0,1,-0.09247739019383715,-1.254576282424356
Germany,0,1,2.0,1,0,0,0,1,0,-0.09243992265525043,-1.254576282424356
Germany,0,1,0.0,0,0,1,0,1,0,-0.0911992538306419,-1.254576282424356
Germany,0,1,0.0,1,0,0,0,1,0,-0.08389877570711429,0.09283688723030159
Germany,0,1,1.0,0,0,1,0,1,0,-0.0875283919493201,-1.254576282424356
Germany,0,1,2.0,0,0,1,0,1,0,-0.09229638783112683,-1.254576282424356
Germany,0,1,1.0,1,0,0,0,1,0,-0.09176844365044234,0.09283688723030159
Germany,0,2,2.0,0,0,1,0,1,0,-0.0911992538306419,-1.254576282424356
Germany,0,2,0.0,0,0,1,0,1,0,-0.08917821751395912,-1.254576282424356
Germany,0,2,0.0,1,0,0,0,1,0,-0.09148797330445373,-1.254576282424356
Germany,0,2,1.0,1,0,0,0,1,0,-0.09247456899210785,-1.254576282424356
Germany,0,2,1.0,0,0,1,0,1,0,-0.09247456899210785,-1.254576282424356
Germany,0,2,1.0,0,0,1,0,1,0,-0.09247456899210785,-0.9850936484934245
Germany,0,2,0.0,1,0,0,0,1,0,-0.09128999423669704,-0.9850936484934245
Germany,0,2,0.0,0,0,1,0,1,0,-0.0878583570622479,-0.9850936484934245
Germany,0,2,2.0,0,0,1,0,1,0,-0.09247456899210785,-0.9850936484934245
Germany,0,1,1.0,1,0,0,0,1,0,-0.0852186361588255,-0.9850936484934245
Germany,0,1,2.0,0,0,1,0,1,0,-0.09227988957548044,-0.9850936484934245
Germany,0,1,0.0,1,0,0,0,1,0,-0.07746445600502216,-0.9850936484934245
Germany,0,1,0.0,0,0,1,0,1,0,-0.062781008479735,-0.9850936484934245
Germany,0,1,2.0,1,0,0,0,1,0,-0.09246467003872001,-0.9850936484934245
Germany,0,2,3.0,0,1,0,0,0,1,-0.09247734069906824,-0.9850936484934245
Germany,0,2,3.0,0,0,0,1,0,1,-0.0924776706641738,-0.9850936484934245
Germany,0,1,3.0,0,1,0,0,0,1,-0.0924771262217527,-0.9850936484934245
Germany,0,1,3.0,0,0,0,1,0,1,-0.09247777625300266,-0.9850936484934245
Germany,0,1,1.0,0,0,1,0,1,0,-0.08026915946490848,-0.9850936484934245
Germany,0,1,1.0,0,0,1,0,1,0,-0.061131182915096,-0.715611014562493
Germany,0,1,3.0,0,0,0,1,0,1,-0.09247770861015263,-0.715611014562493
Germany,0,1,3.0,0,1,0,0,0,1,-0.09247666427054346,-0.715611014562493
Germany,0,2,3.0,0,0,0,1,0,1,-0.09247760467115268,-0.715611014562493
Germany,0,2,3.0,0,1,0,0,0,1,-0.09247645804234789,-0.715611014562493
Germany,0,1,2.0,1,0,0,0,1,0,-0.09237392963266487,-0.715611014562493
Germany,0,1,0.0,0,0,1,0,1,0,-0.04958240396262295,-0.715611014562493
Germany,0,1,0.0,1,0,0,0,1,0,-0.07267996186756905,-0.715611014562493
Germany,0,1,2.0,0,0,1,0,1,0,-0.0921809000416021,-0.715611014562493
Germany,0,1,1.0,1,0,0,0,1,0,-0.07432978743220806,-0.715611014562493
Germany,0,2,2.0,0,0,1,0,1,0,-0.09247456899210785,-0.715611014562493
Germany,0,2,0.0,0,0,1,0,1,0,-0.0862085314976089,-0.715611014562493
Germany,0,2,0.0,1,0,0,0,1,0,-0.09082804307859811,-0.715611014562493
Germany,0,2,1.0,0,0,1,0,1,0,-0.09247126934097857,-0.715611014562493
Germany,0,2,1.0,1,0,0,0,1,0,-0.09247456899210785,-0.715611014562493
Germany,0,2,1.0,0,0,1,0,1,0,-0.09247126934097857,-0.44612838063156146
Germany,0,2,0.0,1,0,0,0,1,0,-0.08851828728810351,-0.44612838063156146
Germany,0,0,1.0,0,0,1,0,1,0,-0.09227988957548044,-0.44612838063156146
Germany,0,2,0.0,0,0,1,0,1,0,-0.08224895014247528,-0.44612838063156146
Germany,0,0,1.0,1,0,0,0,1,0,-0.09176844365044234,-0.44612838063156146
Germany,0,0,0.0,1,0,0,0,1,0,-0.09229638783112683,-0.44612838063156146
Germany,0,0,0.0,0,0,1,0,1,0,-0.09229638783112683,-0.44612838063156146
Germany,0,0,2.0,1,0,0,0,1,0,-0.09176844365044234,-0.44612838063156146
Germany,0,1,1.0,1,0,0,0,1,0,-0.07103013630293004,-0.44612838063156146
Germany,0,1,2.0,0,0,1,0,1,0,-0.0911992538306419,-0.44612838063156146
Germany,0,0,3.0,0,1,0,0,0,1,-0.09247225923616001,-0.44612838063156146
Germany,0,0,3.0,0,0,0,1,0,1,-0.09247739019383715,-0.44612838063156146
Germany,0,1,0.0,1,0,0,0,1,0,-0.09176844365044234,-0.44612838063156146
Germany,0,1,0.0,0,0,1,0,1,0,-0.0363837994455109,-0.44612838063156146
Germany,0,2,3.0,0,1,0,0,0,1,-0.09247645804234789,-0.44612838063156146
Germany,0,2,3.0,0,0,0,1,0,1,-0.09247745618684597,-0.44612838063156146
Germany,0,1,3.0,0,1,0,0,0,1,-0.09247664777230356,-0.44612838063156146
Germany,0,1,3.0,0,0,0,1,0,1,-0.0924776376676571,-0.44612838063156146
Germany,0,1,1.0,0,0,1,0,1,0,-0.0911992538306419,-0.44612838063156146
Germany,0,1,1.0,0,0,1,0,1,0,-0.009986590411286793,-0.17664574670062994
Germany,0,1,3.0,0,0,0,1,0,1,-0.09247750568161486,-0.17664574670062994
Germany,0,1,3.0,0,1,0,0,0,1,-0.09247522892229437,-0.17664574670062994
Germany,0,2,3.0,0,0,0,1,0,1,-0.09247714271999262,-0.17664574670062994
Germany,0,2,3.0,0,1,0,0,0,1,-0.09247506393969857,-0.17664574670062994
Germany,0,1,0.0,0,0,1,0,1,0,-0.0033872881527307673,-0.17664574670062994
Germany,0,1,2.0,1,0,0,0,1,0,-0.09234258294693673,-0.17664574670062994
Germany,0,1,0.0,1,0,0,0,1,0,-0.05123222952726196,-0.17664574670062994
Germany,0,0,3.0,0,0,0,1,0,1,-0.09247732420077916,-0.17664574670062994
Germany,0,0,3.0,0,1,0,0,0,1,-0.09247715921823253,-0.17664574670062994
Germany,0,1,0.0,0,0,1,0,1,0,-0.0911992538306419,-0.17664574670062994
Germany,0,1,1.0,1,0,0,0,1,0,-0.044632927268705935,-0.17664574670062994
Germany,0,0,3.0,0,0,1,0,1,0,-0.09224689306418767,-0.17664574670062994
Germany,0,0,0.0,1,0,0,0,1,0,-0.0924300237018626,-0.17664574670062994
Germany,0,0,2.0,1,0,0,0,1,0,-0.09246467003872001,-0.17664574670062994
Germany,0,2,0.0,0,0,1,0,1,0,-0.07432978743220806,-0.17664574670062994
Germany,0,0,1.0,0,0,1,0,1,0,-0.0911992538306419,-0.17664574670062994
Germany,0,2,0.0,1,0,0,0,1,0,-0.0850536536023616,-0.17664574670062994
Germany,0,2,0.0,0,0,1,0,1,0,-0.09247126934097857,-0.17664574670062994
Germany,0,2,1.0,0,0,1,0,1,0,-0.09247126934097857,0.09283688723030159
Germany,0,2,0.0,1,0,0,0,1,0,-0.08257891525540309,0.09283688723030159
Germany,0,0,1.0,0,0,1,0,1,0,-0.09227988957548044,0.09283688723030159
Germany,0,2,0.0,0,0,1,0,1,0,-0.06443083404437401,0.09283688723030159
Germany,0,0,0.0,1,0,0,0,1,0,-0.09240692614395765,0.09283688723030159
Germany,0,0,0.0,0,0,1,0,1,0,-0.09221389655289489,0.09283688723030159
Germany,0,1,1.0,1,0,0,0,1,0,-0.09176844365044234,0.09283688723030159
Germany,0,1,2.0,0,0,1,0,1,0,-0.0918674331843207,0.09283688723030159
Germany,0,0,3.0,0,1,0,0,0,1,-0.09247681275489936,0.09283688723030159
Germany,0,0,3.0,0,0,0,1,0,1,-0.09247758817288819,0.09283688723030159
Germany,0,1,0.0,1,0,0,0,1,0,-0.03308414831623289,0.09283688723030159
Germany,0,1,2.0,1,0,0,0,1,0,-0.09229638783112683,0.09283688723030159
Germany,0,1,0.0,0,0,1,0,1,0,0.044457653221800425,0.09283688723030159
Germany,0,2,3.0,0,1,0,0,0,1,-0.09247423902691625,0.09283688723030159
Germany,0,2,0.0,0,0,0,1,0,1,-0.0924768622496191,0.09283688723030159
Germany,0,1,0.0,0,1,0,0,0,1,-0.09247456899210785,0.09283688723030159
Germany,0,1,3.0,0,0,0,1,0,1,-0.09247729120429933,0.09283688723030159
Germany,0,1,1.0,0,0,1,0,1,0,0.042807827657161415,0.09283688723030159
Germany,0,1,0.0,0,0,1,0,1,0,-0.0911992538306419,0.3623195211612331
Germany,0,1,3.0,0,0,0,1,0,1,-0.0924770437304548,0.3623195211612331
Germany,0,1,3.0,0,1,0,0,0,1,-0.09247291916654321,0.3623195211612331
Germany,0,2,3.0,0,0,0,1,0,1,-0.09247659827758382,0.3623195211612331
Germany,0,2,3.0,0,1,0,0,0,1,-0.09247407404451713,0.3623195211612331
Germany,0,1,0.0,0,0,1,0,1,0,0.1384977104062238,0.3623195211612331
Germany,0,1,2.0,1,0,0,0,1,0,-0.09214790353030933,0.3623195211612331
Germany,0,1,0.0,1,0,0,0,1,0,0.011461141929020292,0.09283688723030159
Germany,0,2,1.0,0,0,1,0,1,0,-0.09247126934097857,0.3623195211612331
Germany,0,0,3.0,0,0,0,1,0,1,-0.09247681275489936,0.3623195211612331
Germany,0,0,3.0,0,1,0,0,0,1,-0.09247275418414408,0.3623195211612331
Germany,0,1,2.0,0,0,1,0,1,0,-0.09158696283833206,0.3623195211612331
Germany,0,1,1.0,1,0,0,0,1,0,-0.018235718234481828,0.3623195211612331
Germany,0,0,0.0,0,0,1,0,1,0,-0.0918509349286743,0.3623195211612331
Germany,0,0,0.0,1,0,0,0,1,0,-0.09216440178595571,0.3623195211612331
Germany,0,2,0.0,0,0,1,0,1,0,-0.056181706221178976,0.3623195211612331
Germany,0,0,3.0,0,0,1,0,1,0,-0.09227988957548044,0.3623195211612331
Germany,0,2,0.0,1,0,0,0,1,0,-0.08142403736015578,0.3623195211612331
Germany,0,0,2.0,0,0,1,0,1,0,-0.0924382728296858,0.3623195211612331
Germany,0,0,2.0,0,0,1,0,1,0,-0.09239702719056982,0.6318021550921646
Germany,0,0,2.0,1,0,0,0,1,0,-0.09241517527178084,0.6318021550921646
Germany,0,2,0.0,1,0,0,0,1,0,-0.07795940367441387,0.6318021550921646
Germany,0,0,1.0,0,0,1,0,1,0,-0.09226339131983405,0.6318021550921646
Germany,0,2,0.0,0,0,1,0,1,0,-0.05123222952726196,0.6318021550921646
Germany,0,2,2.0,0,0,1,0,1,0,-0.0911992538306419,0.6318021550921646
Germany,0,2,1.0,1,0,0,0,1,0,-0.09176844365044234,0.6318021550921646
Germany,0,0,0.0,1,0,0,0,1,0,-0.09183443667302792,0.6318021550921646
Germany,0,0,0.0,0,0,1,0,1,0,-0.09122400121411148,0.6318021550921646
Germany,0,1,1.0,1,0,0,0,1,0,0.23748724428456416,0.6318021550921646
Germany,0,1,2.0,0,0,1,0,1,0,-0.0911992538306419,0.6318021550921646
Germany,0,0,3.0,0,1,0,0,0,1,-0.09246780470745017,0.6318021550921646
Germany,0,0,3.0,0,0,0,1,0,1,-0.09247588885248088,0.6318021550921646
Germany,0,2,1.0,0,0,1,0,1,0,-0.0911992538306419,0.6318021550921646
Germany,0,1,0.0,1,0,0,0,1,0,0.2209889886381741,0.6318021550921646
Germany,0,1,2.0,1,0,0,0,1,0,-0.09214790353030933,0.6318021550921646
Germany,0,1,0.0,0,0,1,0,1,0,0.4189680563948549,0.6318021550921646
Germany,0,2,3.0,0,1,0,0,0,1,-0.09247209425376089,0.6318021550921646
Germany,0,2,3.0,0,0,0,1,0,1,-0.0924764827898061,0.6318021550921646
Germany,0,1,3.0,0,1,0,0,0,1,-0.09245477108533218,0.6318021550921646
Germany,0,1,0.0,0,0,0,1,0,1,-0.09247758817288819,0.6318021550921646
Germany,0,1,1.0,0,0,1,0,1,0,0.40246980074846483,0.6318021550921646
Germany,0,1,1.0,0,0,1,0,1,0,0.946912237079337,0.9012847890230962
Germany,0,1,3.0,0,0,0,1,0,1,-0.0924735790969264,0.9012847890230962
Germany,0,1,3.0,0,1,0,0,0,1,-0.0924349731785565,0.9012847890230962
Germany,0,2,3.0,0,0,0,1,0,1,-0.09247572387008177,0.9012847890230962
Germany,0,2,3.0,0,1,0,0,0,1,-0.0924694545330148,0.9012847890230962
Germany,0,1,0.0,0,0,1,0,1,0,0.930413981432947,0.9012847890230962
Germany,0,1,2.0,1,0,0,0,1,0,-0.09171894888350318,0.9012847890230962
Germany,0,1,0.0,1,0,0,0,1,0,0.5014593346268053,0.9012847890230962
Germany,0,2,1.0,0,0,1,0,1,0,-0.09165295586091762,0.9012847890230962
Germany,0,0,3.0,0,0,0,1,0,1,-0.09247758817288819,0.9012847890230962
Germany,0,0,3.0,0,1,0,0,0,1,-0.09246219530037306,0.9012847890230962
Germany,0,1,2.0,0,0,1,0,1,0,-0.09049807796567032,0.9012847890230962
Germany,0,1,1.0,1,0,0,0,1,0,0.45196456768763504,0.9012847890230962
Germany,0,0,0.0,0,0,1,0,1,0,-0.09033309540920642,0.9012847890230962
Germany,0,0,0.0,1,0,0,0,1,0,-0.09176844365044234,0.9012847890230962
Germany,0,2,1.0,1,0,0,0,1,0,-0.09196642271819903,0.9012847890230962
Germany,0,2,2.0,1,0,0,0,1,0,-0.09246961951541392,0.9012847890230962
Germany,0,2,2.0,0,0,1,0,1,0,-0.0924514714342029,0.9012847890230962
Germany,0,2,0.0,0,0,1,0,1,0,-0.024835020493037853,0.9012847890230962
Germany,0,0,1.0,0,0,1,0,1,0,-0.09226339131983405,0.9012847890230962
Germany,0,2,0.0,1,0,0,0,1,0,-0.09176844365044234,0.9012847890230962
Germany,0,0,3.0,1,0,0,0,1,0,-0.09242342439960403,0.9012847890230962
Germany,0,0,2.0,0,0,1,0,1,0,-0.09233433381911353,0.9012847890230962
Germany,0,0,1.0,1,0,0,0,1,0,-0.09246961951541392,0.9012847890230962
Germany,0,0,1.0,1,0,0,0,1,0,-0.09245312125976754,1.1707674229540277
Germany,0,0,2.0,0,0,1,0,1,0,-0.0911992538306419,1.1707674229540277
Germany,0,0,2.0,1,0,0,0,1,0,-0.0924432223063797,1.1707674229540277
Germany,0,2,0.0,1,0,0,0,1,0,-0.062781008479735,1.1707674229540277
Germany,0,0,1.0,0,0,1,0,1,0,-0.09226339131983405,1.1707674229540277
Germany,0,2,0.0,0,0,1,0,1,0,-0.005037113717369774,1.1707674229540277
Germany,0,2,2.0,0,0,1,0,1,0,-0.0924514714342029,1.1707674229540277
Germany,0,2,1.0,1,0,0,0,1,0,-0.0912075029584651,1.1707674229540277
Germany,0,0,0.0,1,0,0,0,1,0,-0.09176844365044234,1.1707674229540277
Germany,0,0,0.0,0,0,1,0,1,0,-0.0896731651833508,1.1707674229540277
Germany,0,1,1.0,1,0,0,0,1,0,0.5014593346268053,1.1707674229540277
Germany,0,1,2.0,0,0,1,0,1,0,-0.0890132349574952,1.1707674229540277
Germany,0,0,3.0,0,1,0,0,0,1,-0.09245642091089681,1.1707674229540277
Germany,0,0,3.0,0,0,0,1,0,1,-0.09247407404451713,1.1707674229540277
Germany,0,2,1.0,0,0,1,0,1,0,-0.0911992538306419,1.1707674229540277
Germany,0,1,0.0,1,0,0,0,1,0,0.6829401467370959,1.1707674229540277
Germany,0,1,2.0,1,0,0,0,1,0,-0.09109201516894036,1.1707674229540277
Germany,0,1,0.0,0,0,1,0,1,0,1.5573476959957695,1.1707674229540277
Germany,0,2,3.0,0,1,0,0,0,1,-0.09246417509073594,1.1707674229540277
Germany,0,2,3.0,0,0,0,1,0,1,-0.09247506393969857,1.1707674229540277
Germany,0,1,3.0,0,1,0,0,0,1,-0.09242672405073331,1.1707674229540277
Germany,0,1,3.0,0,0,0,1,0,1,-0.09247758817288819,1.1707674229540277
Germany,0,1,0.0,0,0,1,0,1,0,1.3263721169463085,1.1707674229540277
Germany,0,1,1.0,0,0,1,0,1,0,1.5573476959957695,1.4402500568849592
Germany,0,1,3.0,0,0,0,1,0,1,-0.09246895958503074,1.4402500568849592
Germany,0,1,3.0,0,1,0,0,0,1,-0.0924382728296858,1.4402500568849592
Germany,0,2,3.0,0,0,0,1,0,1,-0.09247324913173481,1.4402500568849592
Germany,0,2,0.0,0,1,0,0,0,1,-0.09246186533557481,1.4402500568849592
Germany,0,1,0.0,0,0,1,0,1,0,2.3822604783152728,1.4402500568849592
Germany,0,1,2.0,1,0,0,0,1,0,-0.09204891399643098,1.4402500568849592
Germany,0,1,0.0,1,0,0,0,1,0,0.7654314249690463,1.4402500568849592
Germany,0,2,1.0,0,0,1,0,1,0,-0.08983814773981472,1.4402500568849592
Germany,0,0,3.0,0,0,0,1,0,1,-0.09247159930617016,1.4402500568849592
Germany,0,0,3.0,0,1,0,0,0,1,-0.09245312125976754,1.4402500568849592
Germany,0,1,2.0,0,0,1,0,1,0,-0.08851828728810351,1.4402500568849592
Germany,0,1,1.0,1,0,0,0,1,0,0.20449073299178405,1.4402500568849592
Germany,0,0,0.0,0,0,1,0,1,0,-0.0878583570622479,0.09283688723030159
Germany,0,0,0.0,1,0,0,0,1,0,-0.09109201516894036,1.4402500568849592
Germany,0,2,1.0,1,0,0,0,1,0,-0.09188393143996708,1.4402500568849592
Germany,0,2,2.0,1,0,0,0,1,0,-0.09239867701613445,1.4402500568849592
Germany,0,2,2.0,0,0,1,0,1,0,-0.09238712823718198,1.4402500568849592
Germany,0,2,0.0,0,0,1,0,1,0,-0.0911992538306419,1.4402500568849592
Germany,0,0,1.0,0,0,1,0,1,0,-0.09224689306418767,1.4402500568849592
Germany,0,2,0.0,1,0,0,0,1,0,-0.09176844365044234,1.4402500568849592
Germany,0,0,2.0,1,0,0,0,1,0,-0.09240692614395765,1.4402500568849592
Germany,0,0,2.0,0,0,1,0,1,0,-0.09221389655289489,1.4402500568849592
Germany,0,0,1.0,1,0,0,0,1,0,-0.09246961951541392,1.4402500568849592
Greece,0,1,3.0,0,0,0,1,0,1,-0.0924778685326988,-1.254576282424356
Greece,0,1,0.0,0,1,0,0,0,1,-0.09247786022912644,-1.254576282424356
Greece,0,1,0.0,1,0,0,0,1,0,-0.09247291916654321,-1.254576282424356
Greece,0,1,0.0,0,0,1,0,1,0,-0.09247291916654321,-1.254576282424356
Greece,0,1,0.0,0,0,1,0,1,0,-0.09240857596952229,-0.9850936484934245
Greece,0,1,0.0,1,0,0,0,1,0,-0.09176844365044234,-0.9850936484934245
Greece,0,1,3.0,0,1,0,0,0,1,-0.09247777790283156,-0.9850936484934245
Greece,0,1,3.0,0,0,0,1,0,1,-0.09247786707590282,-0.9850936484934245
Greece,0,1,3.0,0,0,0,1,0,1,-0.09247786418870799,-0.715611014562493
Greece,0,1,1.0,0,0,1,0,1,0,-0.09244157248081507,-0.715611014562493
Greece,0,1,3.0,0,1,0,0,0,1,-0.09247773995684043,-0.715611014562493
Greece,0,1,0.0,1,0,0,0,1,0,-0.09176844365044234,-0.715611014562493
Greece,0,1,0.0,0,0,1,0,1,0,-0.09231783556346713,-0.715611014562493
Greece,0,1,0.0,1,0,0,0,1,0,-0.09244157248081507,-0.715611014562493
Greece,0,1,1.0,1,0,0,0,1,0,-0.09238547841161734,-0.44612838063156146
Greece,0,1,0.0,0,0,1,0,1,0,-0.0911992538306419,-0.44612838063156146
Greece,0,1,0.0,1,0,0,0,1,0,-0.09241022579508693,-0.44612838063156146
Greece,0,1,3.0,0,1,0,0,0,1,-0.0924776706641738,-0.44612838063156146
Greece,0,1,1.0,0,0,1,0,1,0,-0.09234918224919528,-0.44612838063156146
Greece,0,1,0.0,0,0,0,1,0,1,-0.09247786039410949,-0.44612838063156146
Greece,0,1,3.0,0,0,0,1,0,1,-0.09247785280491096,-0.17664574670062994
Greece,0,1,1.0,0,0,1,0,1,0,-0.09211490701901655,-0.17664574670062994
Greece,0,1,3.0,0,1,0,0,0,1,-0.09247750568161486,-0.17664574670062994
Greece,0,1,0.0,1,0,0,0,1,0,-0.09239537736500518,-0.17664574670062994
Greece,0,1,0.0,0,0,1,0,1,0,-0.09216440178595571,-0.17664574670062994
Greece,0,1,1.0,1,0,0,0,1,0,-0.09224689306418767,0.09283688723030159
Greece,0,1,1.0,1,0,0,0,1,0,-0.09213140527466293,0.09283688723030159
Greece,0,1,0.0,0,0,1,0,1,0,-0.0920159174851382,0.09283688723030159
Greece,0,1,0.0,1,0,0,0,1,0,-0.0923326839935489,0.09283688723030159
Greece,0,1,3.0,0,1,0,0,0,1,-0.09247739019383715,0.09283688723030159
Greece,0,1,1.0,0,0,1,0,1,0,-0.09175194539479596,0.09283688723030159
Greece,0,1,3.0,0,0,0,1,0,1,-0.09247758817288819,0.09283688723030159
Greece,0,1,3.0,0,0,0,1,0,1,-0.09247782079829713,0.3623195211612331
Greece,0,1,1.0,0,0,1,0,1,0,-0.09127349598105065,0.3623195211612331
Greece,0,1,3.0,0,1,0,0,0,1,-0.09247717571652161,0.3623195211612331
Greece,0,1,0.0,1,0,0,0,1,0,-0.09216440178595571,0.3623195211612331
Greece,0,1,0.0,0,0,1,0,1,0,-0.09170245062785679,0.3623195211612331
Greece,0,1,1.0,1,0,0,0,1,0,-0.09199941922949181,0.3623195211612331
Greece,0,1,1.0,1,0,0,0,1,0,-0.09000313029627861,0.6318021550921646
Greece,0,1,0.0,0,0,1,0,1,0,-0.09066306052213421,0.6318021550921646
Greece,0,1,0.0,1,0,0,0,1,0,-0.0913559872592826,0.6318021550921646
Greece,0,1,3.0,0,1,0,0,0,1,-0.0924735790969264,0.6318021550921646
Greece,0,1,1.0,0,0,1,0,1,0,-0.08884825240103131,0.6318021550921646
Greece,0,1,3.0,0,0,0,1,0,1,-0.09247773170772047,0.6318021550921646
Greece,0,1,3.0,0,0,0,1,0,1,-0.09247743968860606,0.9012847890230962
Greece,0,1,1.0,0,0,1,0,1,0,-0.08092908969076408,0.9012847890230962
Greece,0,1,3.0,0,1,0,0,0,1,-0.09246648484668378,0.9012847890230962
Greece,0,1,0.0,1,0,0,0,1,0,-0.08884825240103131,0.9012847890230962
Greece,0,1,0.0,0,0,1,0,1,0,-0.0870334442799284,0.9012847890230962
Greece,0,1,1.0,1,0,0,0,1,0,-0.0845587059329699,0.9012847890230962
Greece,0,1,0.0,1,0,0,0,1,0,-0.08340382803772259,1.1707674229540277
Greece,0,1,0.0,0,0,1,0,1,0,-0.08026915946490848,1.1707674229540277
Greece,0,1,0.0,1,0,0,0,1,0,-0.09176844365044234,1.1707674229540277
Greece,0,1,3.0,0,1,0,0,0,1,-0.09247645804234789,1.1707674229540277
Greece,0,1,1.0,0,0,1,0,1,0,-0.07267996186756905,1.1707674229540277
Greece,0,1,3.0,0,0,0,1,0,1,-0.09247701073397498,1.1707674229540277
Greece,0,1,3.0,0,0,0,1,0,1,-0.09247636730193004,1.4402500568849592
Greece,0,1,3.0,0,1,0,0,0,1,-0.09245477108533218,1.4402500568849592
Greece,0,1,1.0,0,0,1,0,1,0,-0.057831531785817986,1.4402500568849592
Greece,0,1,0.0,1,0,0,0,1,0,-0.08092908969076408,1.4402500568849592
Greece,0,1,0.0,0,0,1,0,1,0,-0.07103013630293004,1.4402500568849592
Greece,0,1,0.0,1,0,0,0,1,0,-0.07597961299684705,1.4402500568849592
Hungary,0,1,0.0,0,1,0,0,0,1,-0.09247645804234789,-0.715611014562493
Hungary,0,1,1.0,1,0,0,0,1,0,-0.09245312125976754,-0.715611014562493
Hungary,0,1,0.0,1,0,0,0,1,0,-0.09176844365044234,-0.715611014562493
Hungary,0,1,0.0,1,0,0,0,1,0,-0.09219739829724849,-0.44612838063156146
Hungary,0,1,1.0,1,0,0,0,1,0,-0.09219739829724849,-0.44612838063156146
Hungary,0,1,0.0,0,1,0,0,0,1,-0.09247645804234789,-0.44612838063156146
Hungary,0,1,3.0,0,1,0,0,0,1,-0.09247621881767248,-0.17664574670062994
Hungary,0,1,1.0,1,0,0,0,1,0,-0.09175194539479596,-0.17664574670062994
Hungary,0,1,0.0,1,0,0,0,1,0,-0.09124049946975787,-0.17664574670062994
Hungary,0,1,0.0,1,0,0,0,1,0,-0.09033309540920642,0.09283688723030159
Hungary,0,1,1.0,1,0,0,0,1,0,-0.09176844365044234,0.09283688723030159
Hungary,0,1,3.0,0,1,0,0,0,1,-0.09247539390489017,0.09283688723030159
Hungary,0,1,3.0,0,1,0,0,0,1,-0.09247473397470364,0.3623195211612331
Hungary,0,1,1.0,1,0,0,0,1,0,-0.09066306052213421,0.3623195211612331
Hungary,0,1,0.0,1,0,0,0,1,0,-0.08950818262688691,0.3623195211612331
Hungary,0,1,0.0,1,0,0,0,1,0,-0.0875283919493201,0.6318021550921646
Hungary,0,1,1.0,1,0,0,0,1,0,-0.0875283919493201,0.6318021550921646
Hungary,0,1,3.0,0,1,0,0,0,1,-0.092470114463398,0.6318021550921646
Hungary,0,1,3.0,0,1,0,0,0,1,-0.09246631986428465,0.9012847890230962
Hungary,0,1,1.0,1,0,0,0,1,0,-0.0855486012717533,0.9012847890230962
Hungary,0,1,0.0,1,0,0,0,1,0,-0.08538361871528939,0.9012847890230962
Hungary,0,1,0.0,1,0,0,0,1,0,-0.08472368848943379,1.1707674229540277
Hungary,0,1,1.0,1,0,0,0,1,0,-0.084393723376506,1.1707674229540277
Hungary,0,1,3.0,0,1,0,0,0,1,-0.09246368014275187,1.1707674229540277
Hungary,0,1,3.0,0,1,0,0,0,1,-0.0924597205620261,1.4402500568849592
Hungary,0,1,1.0,1,0,0,0,1,0,-0.08340382803772259,1.4402500568849592
Hungary,0,1,0.0,1,0,0,0,1,0,-0.08290888036833088,0.09283688723030159
Iceland,0,1,0.0,1,0,0,0,1,0,-0.09176844365044234,-2.063024184217151
Iceland,0,1,0.0,0,0,1,0,1,0,-0.09245477108533218,-2.063024184217151
Iceland,0,1,2.0,0,0,1,0,1,0,-0.09244487213194434,-2.063024184217151
Iceland,0,1,0.0,0,0,0,1,0,1,-0.09247758817288819,-2.063024184217151
Iceland,0,1,3.0,0,0,0,1,0,1,-0.09247758817288819,-1.793541550286219
Iceland,0,1,2.0,0,0,1,0,1,0,-0.09244487213194434,-1.793541550286219
Iceland,0,1,0.0,0,0,1,0,1,0,-0.09245477108533218,-1.793541550286219
Iceland,0,1,0.0,0,0,1,0,1,0,-0.09242672405073331,-1.5240589163552876
Iceland,0,1,2.0,0,0,1,0,1,0,-0.09244487213194434,-1.5240589163552876
Iceland,0,1,1.0,1,0,0,0,1,0,-0.09246302021315538,-1.5240589163552876
Iceland,0,1,1.0,0,0,1,0,1,0,-0.09246302021315538,-1.5240589163552876
Iceland,0,1,3.0,0,0,0,1,0,1,-0.0924778372965524,-1.5240589163552876
Iceland,0,1,3.0,0,1,0,0,0,1,-0.09247732420077916,-1.5240589163552876
Iceland,0,1,0.0,1,0,0,0,1,0,-0.09244982160863827,-1.5240589163552876
Iceland,0,1,0.0,1,0,0,0,1,0,-0.092345882598066,-1.254576282424356
Iceland,0,1,3.0,0,1,0,0,0,1,-0.09247555888748596,-1.254576282424356
Iceland,0,1,3.0,0,0,0,1,0,1,-0.09247775810492154,-1.254576282424356
Iceland,0,1,1.0,0,0,1,0,1,0,-0.09242507422516867,-1.254576282424356
Iceland,0,1,1.0,1,0,0,0,1,0,-0.09243992265525043,-1.254576282424356
Iceland,0,1,2.0,0,0,1,0,1,0,-0.09244817178307362,-1.254576282424356
Iceland,0,1,0.0,0,0,1,0,1,0,-0.09229638783112683,-1.254576282424356
Iceland,0,1,0.0,0,0,1,0,1,0,-0.09208191050772377,-0.9850936484934245
Iceland,0,1,2.0,0,0,1,0,1,0,-0.09247291916654321,-0.9850936484934245
Iceland,0,1,1.0,1,0,0,0,1,0,-0.0924300237018626,-0.9850936484934245
Iceland,0,1,1.0,0,0,1,0,1,0,-0.09239207771387589,-0.9850936484934245
Iceland,0,1,3.0,0,0,0,1,0,1,-0.0924776211693926,-0.9850936484934245
Iceland,0,1,3.0,0,1,0,0,0,1,-0.09247390906172465,-0.9850936484934245
Iceland,0,1,0.0,1,0,0,0,1,0,-0.09214790353030933,-0.9850936484934245
Iceland,0,1,0.0,1,0,0,0,1,0,-0.09183443667302792,-0.715611014562493
Iceland,0,1,3.0,0,1,0,0,0,1,-0.09247645804234789,-0.715611014562493
Iceland,0,1,3.0,0,0,0,1,0,1,-0.09247758817288819,-0.715611014562493
Iceland,0,1,1.0,0,0,1,0,1,0,-0.09224689306418767,-0.715611014562493
Iceland,0,1,1.0,1,0,0,0,1,0,-0.09219739829724849,0.09283688723030159
Iceland,0,1,2.0,0,0,1,0,1,0,-0.09247126934097857,-0.715611014562493
Iceland,0,1,0.0,0,0,1,0,1,0,-0.09153746807139289,-0.715611014562493
Iceland,0,1,0.0,0,0,1,0,1,0,-0.09089403610118368,-0.44612838063156146
Iceland,0,1,2.0,0,0,1,0,1,0,-0.09247291916654321,-0.44612838063156146
Iceland,0,1,0.0,1,0,0,0,1,0,-0.0911910047028187,-0.44612838063156146
Iceland,0,1,1.0,0,0,1,0,1,0,-0.09148797330445373,-0.44612838063156146
Iceland,0,1,0.0,0,0,0,1,0,1,-0.09247663127406365,-0.44612838063156146
Iceland,0,1,3.0,0,1,0,0,0,1,-0.09246747474186522,-0.44612838063156146
Iceland,0,1,0.0,1,0,0,0,1,0,-0.0918509349286743,-0.44612838063156146
Iceland,0,1,0.0,1,0,0,0,1,0,-0.09109201516894036,-0.17664574670062994
Iceland,0,1,3.0,0,1,0,0,0,1,-0.09245477108533218,-0.17664574670062994
Iceland,0,1,3.0,0,0,0,1,0,1,-0.09247506393969857,-0.17664574670062994
Iceland,0,1,1.0,0,0,1,0,1,0,-0.0911992538306419,-0.17664574670062994
Iceland,0,1,1.0,1,0,0,0,1,0,-0.08884825240103131,-0.17664574670062994
Iceland,0,1,2.0,0,0,1,0,1,0,-0.09247456899210785,-0.17664574670062994
Iceland,0,1,0.0,0,0,1,0,1,0,-0.0911992538306419,-0.17664574670062994
Iceland,0,1,0.0,0,0,1,0,1,0,-0.08851828728810351,0.09283688723030159
Iceland,0,1,2.0,0,0,1,0,1,0,-0.09244982160863827,0.09283688723030159
Iceland,0,1,1.0,1,0,0,0,1,0,-0.09176844365044234,0.09283688723030159
Iceland,0,1,1.0,0,0,1,0,1,0,-0.08323884548125869,0.09283688723030159
Iceland,0,1,2.0,1,0,0,0,1,0,-0.0924514714342029,0.09283688723030159
Iceland,0,1,3.0,0,0,0,1,0,1,-0.09247225923616001,0.09283688723030159
Iceland,0,1,3.0,0,1,0,0,0,1,-0.09244487213194434,0.09283688723030159
Iceland,0,1,0.0,1,0,0,0,1,0,-0.0911910047028187,0.09283688723030159
Iceland,0,1,0.0,1,0,0,0,1,0,-0.09176844365044234,0.3623195211612331
Iceland,0,1,3.0,0,1,0,0,0,1,-0.0924349731785565,0.3623195211612331
Iceland,0,1,3.0,0,0,0,1,0,1,-0.092470114463398,0.3623195211612331
Iceland,0,1,2.0,1,0,0,0,1,0,-0.09246631986428465,0.3623195211612331
Iceland,0,1,1.0,0,0,1,0,1,0,-0.08010417690844457,0.3623195211612331
Iceland,0,1,1.0,1,0,0,0,1,0,-0.08917821751395912,0.3623195211612331
Iceland,0,1,0.0,0,0,1,0,1,0,-0.09242672405073331,0.3623195211612331
Iceland,0,1,0.0,0,0,1,0,1,0,-0.0867034791670006,0.3623195211612331
Iceland,0,1,0.0,0,0,1,0,1,0,-0.08356881059418649,0.6318021550921646
Iceland,0,1,0.0,0,0,1,0,1,0,-0.09242837387629796,0.6318021550921646
Iceland,0,1,1.0,1,0,0,0,1,0,-0.08851828728810351,0.6318021550921646
Iceland,0,1,1.0,0,0,1,0,1,0,-0.07663954322270267,0.6318021550921646
Iceland,0,1,2.0,1,0,0,0,1,0,-0.09247621881767248,0.6318021550921646
Iceland,0,1,3.0,0,0,0,1,0,1,-0.09246714477706697,0.6318021550921646
Iceland,0,1,3.0,0,1,0,0,0,1,-0.09239207771387589,0.6318021550921646
Iceland,0,1,0.0,1,0,0,0,1,0,-0.0883533047316396,0.6318021550921646
Iceland,0,1,0.0,1,0,0,0,1,0,-0.0855486012717533,0.9012847890230962
Iceland,0,1,3.0,0,1,0,0,0,1,-0.09236238085371239,0.9012847890230962
Iceland,0,1,3.0,0,0,0,1,0,1,-0.0924625252651713,0.9012847890230962
Iceland,0,1,2.0,1,0,0,0,1,0,-0.09247291916654321,0.9012847890230962
Iceland,0,1,0.0,0,0,1,0,1,0,-0.07103013630293004,0.9012847890230962
Iceland,0,1,1.0,1,0,0,0,1,0,-0.09176844365044234,0.9012847890230962
Iceland,0,1,2.0,0,0,1,0,1,0,-0.09242672405073331,0.9012847890230962
Iceland,0,1,0.0,0,0,1,0,1,0,-0.07845435134380557,0.9012847890230962
Iceland,0,1,0.0,0,0,1,0,1,0,-0.06938031073829103,1.1707674229540277
Iceland,0,1,2.0,0,0,1,0,1,0,-0.09242672405073331,1.1707674229540277
Iceland,0,1,1.0,1,0,0,0,1,0,-0.08406375826357819,1.1707674229540277
Iceland,0,1,1.0,0,0,1,0,1,0,-0.061131182915096,1.1707674229540277
Iceland,0,1,3.0,0,0,0,1,0,1,-0.09247758817288819,1.1707674229540277
Iceland,0,1,3.0,0,1,0,0,0,1,-0.09236403067927704,1.1707674229540277
Iceland,0,1,0.0,1,0,0,0,1,0,-0.08109407224722798,1.1707674229540277
Iceland,0,1,0.0,1,0,0,0,1,0,-0.07597961299684705,1.4402500568849592
Iceland,0,1,3.0,0,1,0,0,0,1,-0.09236073102814775,1.4402500568849592
Iceland,0,1,3.0,0,0,0,1,0,1,-0.09244817178307362,1.4402500568849592
Iceland,0,1,1.0,0,0,1,0,1,0,-0.0911992538306419,1.4402500568849592
Iceland,0,1,2.0,1,0,0,0,1,0,-0.09247621881767248,1.4402500568849592
Iceland,0,1,1.0,1,0,0,0,1,0,-0.08851828728810351,1.4402500568849592
Iceland,0,1,2.0,0,0,1,0,1,0,-0.09243332335299187,1.4402500568849592
Iceland,0,1,0.0,0,0,1,0,1,0,-0.056181706221178976,0.09283688723030159
India,0,1,0.0,1,0,0,0,1,0,-0.09173544713914956,-2.063024184217151
India,0,1,0.0,0,0,1,0,1,0,-0.0910260221463548,-2.063024184217151
India,0,1,3.0,0,1,0,0,0,1,-0.09247783399690074,-2.063024184217151
India,0,1,3.0,0,0,0,1,0,1,-0.09247786039410949,-2.063024184217151
India,0,1,3.0,0,0,0,1,0,1,-0.09247785758940617,-1.793541550286219
India,0,1,3.0,0,1,0,0,0,1,-0.09247777625300266,-1.793541550286219
India,0,1,0.0,0,0,1,0,1,0,-0.09033309540920642,-1.793541550286219
India,0,1,0.0,1,0,0,0,1,0,-0.09016811285274251,-1.793541550286219
India,0,1,0.0,1,0,0,0,1,0,-0.09216440178595571,-1.5240589163552876
India,0,1,0.0,0,0,1,0,1,0,-0.0878583570622479,-1.5240589163552876
India,0,1,0.0,0,1,0,0,0,1,-0.09247785676449326,-1.5240589163552876
India,0,1,3.0,0,0,0,1,0,1,-0.09247784884533018,-1.5240589163552876
India,0,1,3.0,0,0,0,1,0,1,-0.09247784884533018,-1.254576282424356
India,0,1,3.0,0,1,0,0,0,1,-0.09247784224602684,-1.254576282424356
India,0,1,0.0,0,0,1,0,1,0,-0.087693374505784,-1.254576282424356
India,0,1,0.0,1,0,0,0,1,0,-0.09180144016173514,-1.254576282424356
India,0,1,0.0,1,0,0,0,1,0,-0.09082804307859811,-0.9850936484934245
India,0,1,0.0,0,0,1,0,1,0,-0.0868684617234645,-0.9850936484934245
India,0,1,3.0,0,1,0,0,0,1,-0.09247780594986768,-0.9850936484934245
India,0,1,3.0,0,0,0,1,0,1,-0.09247784719550434,-0.9850936484934245
India,0,1,3.0,0,0,0,1,0,1,-0.0924778438958542,-0.715611014562493
India,0,1,3.0,0,1,0,0,0,1,-0.092477840596201,-0.715611014562493
India,0,1,0.0,0,0,1,0,1,0,-0.0852186361588255,-0.715611014562493
India,0,1,0.0,1,0,0,0,1,0,-0.09173544713914956,-0.715611014562493
India,0,0,0.0,0,0,1,0,1,0,-0.09231288608677322,-0.715611014562493
India,0,0,0.0,1,0,0,0,1,0,-0.09176844365044234,-0.715611014562493
India,0,0,3.0,0,1,0,0,0,1,-0.09247768716242599,-0.715611014562493
India,0,0,3.0,0,0,0,1,0,1,-0.09247758817288819,-0.715611014562493
India,0,0,3.0,0,0,0,1,0,1,-0.09247786006414417,-0.44612838063156146
India,0,0,3.0,0,1,0,0,0,1,-0.09247782409794572,-0.44612838063156146
India,0,2,3.0,0,1,0,0,0,1,-0.09247777625300266,0.09283688723030159
India,0,2,3.0,0,0,0,1,0,1,-0.09247786336379545,-0.44612838063156146
India,0,0,0.0,1,0,0,0,1,0,-0.09243662300412114,-0.44612838063156146
India,0,0,0.0,0,0,1,0,1,0,-0.09231288608677322,-0.44612838063156146
India,0,1,0.0,1,0,0,0,1,0,-0.09127349598105065,-0.44612838063156146
India,0,1,0.0,0,0,1,0,1,0,-0.0845587059329699,-0.44612838063156146
India,0,1,3.0,0,1,0,0,0,1,-0.09247645804234789,-0.44612838063156146
India,0,1,3.0,0,0,0,1,0,1,-0.0924778438958542,-0.44612838063156146
India,0,2,0.0,1,0,0,0,1,0,-0.0921809000416021,-0.44612838063156146
India,0,2,0.0,0,0,1,0,1,0,-0.0921809000416021,-0.44612838063156146
India,0,2,0.0,0,0,1,0,1,0,-0.09016811285274251,-0.17664574670062994
India,0,2,0.0,1,0,0,0,1,0,-0.09049807796567032,-0.17664574670062994
India,0,1,3.0,0,0,0,1,0,1,-0.09247783399690074,-0.17664574670062994
India,0,1,3.0,0,1,0,0,0,1,-0.09247781749864546,-0.17664574670062994
India,0,1,0.0,0,0,1,0,1,0,-0.08092908969076408,-0.17664574670062994
India,0,1,0.0,1,0,0,0,1,0,-0.09096002912376924,-0.17664574670062994
India,0,0,0.0,0,0,1,0,1,0,-0.09231288608677322,-0.17664574670062994
India,0,0,0.0,1,0,0,0,1,0,-0.09244487213194434,-0.17664574670062994
India,0,2,3.0,0,0,0,1,0,1,-0.09247782904742323,-0.17664574670062994
India,0,2,3.0,0,1,0,0,0,1,-0.09247735719730815,-0.17664574670062994
India,0,0,3.0,0,1,0,0,0,1,-0.09247783069724906,-0.17664574670062994
India,0,0,3.0,0,0,0,1,0,1,-0.09247786022912644,-0.17664574670062994
India,0,0,3.0,0,0,0,1,0,1,-0.09247786039410949,0.09283688723030159
India,0,0,3.0,0,1,0,0,0,1,-0.09247740669207706,0.09283688723030159
India,0,2,3.0,0,1,0,0,0,1,-0.09247739019383715,0.09283688723030159
India,0,2,3.0,0,0,0,1,0,1,-0.092477792751261,0.09283688723030159
India,0,0,0.0,1,0,0,0,1,0,-0.09213140527466293,0.09283688723030159
India,0,0,0.0,0,0,1,0,1,0,-0.0911992538306419,0.09283688723030159
India,0,1,0.0,1,0,0,0,1,0,-0.09096002912376924,0.09283688723030159
India,0,1,0.0,0,0,1,0,1,0,-0.0911992538306419,0.09283688723030159
India,0,1,3.0,0,1,0,0,0,1,-0.0924778191484713,0.09283688723030159
India,0,1,3.0,0,0,0,1,0,1,-0.09247783234707489,0.09283688723030159
India,0,2,0.0,1,0,0,0,1,0,-0.09000313029627861,0.09283688723030159
India,0,2,0.0,0,0,1,0,1,0,-0.087693374505784,0.09283688723030159
India,0,2,0.0,0,0,1,0,1,0,-0.0863735140540728,0.3623195211612331
India,0,2,0.0,1,0,0,0,1,0,-0.0911745064471723,0.3623195211612331
India,0,1,3.0,0,0,0,1,0,1,-0.09247783234707489,0.3623195211612331
India,0,1,3.0,0,1,0,0,0,1,-0.09247782904742323,0.3623195211612331
India,0,1,0.0,0,0,1,0,1,0,-0.0911992538306419,0.3623195211612331
India,0,1,0.0,1,0,0,0,1,0,-0.0913559872592826,0.09283688723030159
India,0,1,1.0,1,0,0,0,1,0,-0.09246631986428465,0.3623195211612331
India,0,1,1.0,0,0,1,0,1,0,-0.09246631986428465,0.3623195211612331
India,0,0,0.0,0,0,1,0,1,0,-0.09157046458268567,0.3623195211612331
India,0,0,0.0,1,0,0,0,1,0,-0.09171894888350318,0.3623195211612331
India,0,2,3.0,0,0,0,1,0,1,-0.09247758817288819,0.3623195211612331
India,0,2,3.0,0,1,0,0,0,1,-0.09247760467115268,0.3623195211612331
India,0,0,3.0,0,1,0,0,0,1,-0.09247673026360145,0.3623195211612331
India,0,0,3.0,0,0,0,1,0,1,-0.09247782409794572,0.3623195211612331
India,0,0,3.0,0,0,0,1,0,1,-0.0924777746031799,0.6318021550921646
India,0,0,3.0,0,1,0,0,0,1,-0.09246796968984929,0.6318021550921646
India,0,2,3.0,0,1,0,0,0,1,-0.09247748918335037,0.6318021550921646
India,0,2,3.0,0,0,0,1,0,1,-0.09247775975475045,0.6318021550921646
India,0,0,0.0,1,0,0,0,1,0,-0.08884825240103131,0.6318021550921646
India,0,0,0.0,0,0,1,0,1,0,-0.0911992538306419,0.6318021550921646
India,0,1,1.0,0,0,1,0,1,0,-0.09239537736500518,0.6318021550921646
India,0,1,1.0,1,0,0,0,1,0,-0.09240692614395765,0.6318021550921646
India,0,1,0.0,1,0,0,0,1,0,-0.08736340939285621,0.6318021550921646
India,0,1,0.0,0,0,1,0,1,0,-0.07267996186756905,0.6318021550921646
India,0,1,3.0,0,1,0,0,0,1,-0.09247645804234789,0.6318021550921646
India,0,1,3.0,0,0,0,1,0,1,-0.09247782079829713,0.6318021550921646
India,0,2,0.0,1,0,0,0,1,0,-0.09082804307859811,0.6318021550921646
India,0,2,0.0,0,0,1,0,1,0,-0.08472368848943379,0.6318021550921646
India,0,0,2.0,1,0,0,0,1,0,-0.09176844365044234,0.6318021550921646
India,0,2,0.0,0,0,1,0,1,0,-0.08191898502954748,0.9012847890230962
India,0,2,0.0,1,0,0,0,1,0,-0.0896731651833508,0.9012847890230962
India,0,1,3.0,0,0,0,1,0,1,-0.09247777955265432,0.9012847890230962
India,0,1,0.0,0,1,0,0,0,1,-0.09247729120429933,0.9012847890230962
India,0,1,0.0,0,0,1,0,1,0,-0.05453188065653997,0.9012847890230962
India,0,1,0.0,1,0,0,0,1,0,-0.07267996186756905,0.9012847890230962
India,0,1,1.0,1,0,0,0,1,0,-0.09239537736500518,0.9012847890230962
India,0,1,2.0,1,0,0,0,1,0,-0.09247621881767248,0.9012847890230962
India,0,1,2.0,0,0,1,0,1,0,-0.09247621881767248,0.9012847890230962
India,0,1,1.0,0,0,1,0,1,0,-0.09231288608677322,0.9012847890230962
India,0,0,0.0,0,0,1,0,1,0,-0.0890132349574952,0.9012847890230962
India,0,0,0.0,1,0,0,0,1,0,-0.09049807796567032,0.9012847890230962
India,0,2,3.0,0,0,0,1,0,1,-0.09247772675823375,0.9012847890230962
India,0,2,3.0,0,1,0,0,0,1,-0.09247717571652161,0.9012847890230962
India,0,0,3.0,0,1,0,0,0,1,-0.09247645804234789,0.9012847890230962
India,0,0,3.0,0,0,0,1,0,1,-0.09247758817288819,0.9012847890230962
India,0,0,3.0,0,0,0,1,0,1,-0.09247760467115268,0.09283688723030159
India,0,0,3.0,0,1,0,0,0,1,-0.09246763972505104,1.1707674229540277
India,0,2,3.0,0,1,0,0,0,1,-0.09247645804234789,1.1707674229540277
India,0,2,3.0,0,0,0,1,0,1,-0.09247772345858822,1.1707674229540277
India,0,0,0.0,1,0,0,0,1,0,-0.08917821751395912,1.1707674229540277
India,0,0,0.0,0,0,1,0,1,0,-0.08736340939285621,1.1707674229540277
India,0,1,1.0,0,0,1,0,1,0,-0.09227988957548044,1.1707674229540277
India,0,1,2.0,0,0,1,0,1,0,-0.0911992538306419,1.1707674229540277
India,0,1,2.0,1,0,0,0,1,0,-0.09247456899210785,1.1707674229540277
India,0,1,1.0,1,0,0,0,1,0,-0.09243992265525043,1.1707674229540277
India,0,1,0.0,1,0,0,0,1,0,-0.013286241540564807,1.1707674229540277
India,0,1,0.0,0,0,1,0,1,0,0.026309572010771352,1.1707674229540277
India,0,1,3.0,0,1,0,0,0,1,-0.09247588885248088,1.1707674229540277
India,0,1,3.0,0,0,0,1,0,1,-0.0924776211693926,1.1707674229540277
India,0,2,0.0,1,0,0,0,1,0,-0.09163645760527123,1.1707674229540277
India,0,2,0.0,0,0,1,0,1,0,-0.08109407224722798,1.1707674229540277
India,0,0,2.0,1,0,0,0,1,0,-0.09239702719056982,1.1707674229540277
India,0,0,2.0,1,0,0,0,1,0,-0.09247456899210785,1.4402500568849592
India,0,0,2.0,0,0,1,0,1,0,-0.0911992538306419,1.4402500568849592
India,0,2,0.0,0,0,1,0,1,0,-0.08043414202137238,1.4402500568849592
India,0,2,0.0,1,0,0,0,1,0,-0.09190042969561348,1.4402500568849592
India,0,1,3.0,0,0,0,1,0,1,-0.09247735719730815,1.4402500568849592
India,0,1,3.0,0,1,0,0,0,1,-0.09247456899210785,1.4402500568849592
India,0,1,0.0,0,0,1,0,1,0,0.15499596605261387,1.4402500568849592
India,0,1,0.0,1,0,0,0,1,0,0.042807827657161415,1.4402500568849592
India,0,1,1.0,1,0,0,0,1,0,-0.09203241574078459,1.4402500568849592
India,0,1,2.0,0,0,1,0,1,0,-0.09247291916654321,1.4402500568849592
India,0,1,1.0,0,0,1,0,1,0,-0.09183443667302792,1.4402500568849592
India,0,0,0.0,0,0,1,0,1,0,-0.0911992538306419,1.4402500568849592
India,0,0,0.0,1,0,0,0,1,0,-0.08868326984456741,1.4402500568849592
India,0,2,0.0,0,0,0,1,0,1,-0.09247772510841713,1.4402500568849592
India,0,2,3.0,0,1,0,0,0,1,-0.09247776635405379,1.4402500568849592
India,0,0,3.0,0,1,0,0,0,1,-0.0924666498290829,1.4402500568849592
India,0,0,3.0,0,0,0,1,0,1,-0.09247714271999262,1.4402500568849592
Ireland,0,1,3.0,0,1,0,0,0,1,-0.09247709322522371,-0.715611014562493
Ireland,0,1,0.0,1,0,0,0,1,0,-0.09170245062785679,-0.715611014562493
Ireland,0,1,1.0,1,0,0,0,1,0,-0.09227988957548044,-0.715611014562493
Ireland,0,1,1.0,1,0,0,0,1,0,-0.09198292097384542,-0.44612838063156146
Ireland,0,1,0.0,1,0,0,0,1,0,-0.09176844365044234,-0.44612838063156146
Ireland,0,1,3.0,0,1,0,0,0,1,-0.09247645804234789,-0.44612838063156146
Ireland,0,1,3.0,0,1,0,0,0,1,-0.09247668076878338,-0.17664574670062994
Ireland,0,1,0.0,1,0,0,0,1,0,-0.09176844365044234,-0.17664574670062994
Ireland,0,1,1.0,1,0,0,0,1,0,-0.09193342620690625,-0.17664574670062994
Ireland,0,1,1.0,1,0,0,0,1,0,-0.09125699772540426,0.09283688723030159
Ireland,0,1,0.0,1,0,0,0,1,0,-0.09049807796567032,0.09283688723030159
Ireland,0,1,3.0,0,1,0,0,0,1,-0.09247522892229437,0.09283688723030159
Ireland,0,1,3.0,0,1,0,0,0,1,-0.09247110435857944,0.3623195211612331
Ireland,0,1,0.0,1,0,0,0,1,0,-0.0868684617234645,0.3623195211612331
Ireland,0,1,1.0,1,0,0,0,1,0,-0.09176844365044234,0.3623195211612331
Ireland,0,1,1.0,1,0,0,0,1,0,-0.0883533047316396,0.6318021550921646
Ireland,0,1,0.0,1,0,0,0,1,0,-0.0858785663846811,0.6318021550921646
Ireland,0,1,0.0,0,1,0,0,0,1,-0.09246565993390146,0.6318021550921646
Ireland,0,1,3.0,0,1,0,0,0,1,-0.0924514714342029,0.9012847890230962
Ireland,0,1,0.0,1,0,0,0,1,0,-0.07828936878734166,0.9012847890230962
Ireland,0,1,1.0,1,0,0,0,1,0,-0.09176844365044234,0.9012847890230962
Ireland,0,1,1.0,1,0,0,0,1,0,-0.07977421179551678,1.1707674229540277
Ireland,0,1,0.0,1,0,0,0,1,0,-0.06608065960901302,1.1707674229540277
Ireland,0,1,3.0,0,1,0,0,0,1,-0.09244157248081507,1.1707674229540277
Ireland,0,1,3.0,0,1,0,0,0,1,-0.09247645804234789,1.4402500568849592
Ireland,0,1,0.0,1,0,0,0,1,0,-0.05453188065653997,0.09283688723030159
Ireland,0,1,0.0,1,0,0,0,1,0,-0.07597961299684705,0.09283688723030159
Israel,0,0,2.0,0,0,1,0,1,0,-0.09247291916654321,-2.063024184217151
Israel,0,1,0.0,0,0,1,0,1,0,-0.09246796968984929,-2.063024184217151
Israel,0,1,3.0,0,0,0,1,0,1,-0.09247758817288819,-2.063024184217151
Israel,0,1,3.0,0,0,0,1,0,1,-0.09247786154898696,0.09283688723030159
Israel,0,1,3.0,0,1,0,0,0,1,-0.09247786649846389,-1.793541550286219
Israel,0,1,0.0,0,0,1,0,1,0,-0.0923376334702428,-1.793541550286219
Israel,0,1,0.0,1,0,0,0,1,0,-0.09247291916654321,-1.793541550286219
Israel,0,1,0.0,1,0,0,0,1,0,-0.09176844365044234,-1.5240589163552876
Israel,0,1,0.0,0,0,1,0,1,0,-0.09147147504880733,-1.5240589163552876
Israel,0,1,1.0,1,0,0,0,1,0,-0.09247621881767248,0.09283688723030159
Israel,0,1,0.0,0,0,1,0,1,0,-0.09247621881767248,0.09283688723030159
Israel,0,1,3.0,0,1,0,0,0,1,-0.09247742319031697,-1.5240589163552876
Israel,0,1,3.0,0,0,0,1,0,1,-0.09247782079829713,0.09283688723030159
Israel,0,1,3.0,0,0,0,1,0,1,-0.09247778945160934,-1.254576282424356
Israel,0,1,3.0,0,1,0,0,0,1,-0.09247752217987937,-1.254576282424356
Israel,0,0,0.0,1,0,0,0,1,0,-0.09247786699341148,-1.254576282424356
Israel,0,0,3.0,0,1,0,0,0,1,-0.0924778685904427,-1.254576282424356
Israel,0,1,1.0,0,0,1,0,1,0,-0.09244817178307362,-1.254576282424356
Israel,0,1,0.0,1,0,0,0,1,0,-0.09244982160863827,-1.254576282424356
Israel,0,1,0.0,0,0,1,0,1,0,-0.0911992538306419,-1.254576282424356
Israel,0,1,0.0,1,0,0,0,1,0,-0.09171894888350318,-1.254576282424356
Israel,0,1,0.0,1,0,0,0,1,0,-0.09246796968984929,-0.9850936484934245
Israel,0,1,0.0,0,0,1,0,1,0,-0.09049807796567032,-0.9850936484934245
Israel,0,1,1.0,1,0,0,0,1,0,-0.09239207771387589,-0.9850936484934245
Israel,0,1,1.0,0,0,1,0,1,0,-0.09236238085371239,-0.9850936484934245
Israel,0,1,3.0,0,1,0,0,0,1,-0.09247783234707489,-0.9850936484934245
Israel,0,1,3.0,0,0,0,1,0,1,-0.09247777625300266,-0.9850936484934245
Israel,0,1,3.0,0,0,0,1,0,1,-0.09247777790283156,-0.715611014562493
Israel,0,1,3.0,0,1,0,0,0,1,-0.09247782904742323,-0.715611014562493
Israel,0,1,1.0,0,0,1,0,1,0,-0.09224689306418767,-0.715611014562493
Israel,0,1,1.0,1,0,0,0,1,0,-0.09237062998153558,-0.715611014562493
Israel,0,1,0.0,0,0,1,0,1,0,-0.09049807796567032,-0.715611014562493
Israel,0,1,0.0,1,0,0,0,1,0,-0.09247291916654321,-0.715611014562493
Israel,0,1,0.0,1,0,0,0,1,0,-0.09246961951541392,-0.44612838063156146
Israel,0,1,0.0,0,0,1,0,1,0,-0.09049807796567032,-0.44612838063156146
Israel,0,1,1.0,1,0,0,0,1,0,-0.09237392963266487,-0.44612838063156146
Israel,0,1,1.0,0,0,1,0,1,0,-0.09214790353030933,-0.44612838063156146
Israel,0,1,3.0,0,1,0,0,0,1,-0.09247645804234789,-0.44612838063156146
Israel,0,1,3.0,0,0,0,1,0,1,-0.09247777955265432,-0.44612838063156146
Israel,0,0,3.0,0,1,0,0,0,1,-0.09247768716242599,-0.44612838063156146
Israel,0,0,3.0,0,0,0,1,0,1,-0.09247784224602684,-0.44612838063156146
Israel,0,0,3.0,1,0,0,0,1,0,-0.09176844365044234,-0.44612838063156146
Israel,0,0,0.0,0,0,1,0,1,0,-0.09246961951541392,-0.44612838063156146
Israel,0,0,3.0,0,0,1,0,1,0,-0.09240362649282836,-0.17664574670062994
Israel,0,0,0.0,1,0,0,0,1,0,-0.09176844365044234,-0.17664574670062994
Israel,0,0,3.0,0,0,0,1,0,1,-0.0924776376676571,-0.17664574670062994
Israel,0,0,3.0,0,1,0,0,0,1,-0.09247630130897039,-0.17664574670062994
Israel,0,1,3.0,0,0,0,1,0,1,-0.09247758817288819,-0.17664574670062994
Israel,0,1,3.0,0,1,0,0,0,1,-0.09247701073397498,-0.17664574670062994
Israel,0,1,1.0,0,0,1,0,1,0,-0.0896731651833508,-0.17664574670062994
Israel,0,1,1.0,1,0,0,0,1,0,-0.09000313029627861,-0.17664574670062994
Israel,0,1,0.0,0,0,1,0,1,0,-0.09016811285274251,-0.17664574670062994
Israel,0,1,0.0,1,0,0,0,1,0,-0.09226339131983405,-0.17664574670062994
Israel,0,1,0.0,1,0,0,0,1,0,-0.09226339131983405,0.09283688723030159
Israel,0,1,0.0,0,0,1,0,1,0,-0.0911992538306419,0.09283688723030159
Israel,0,1,1.0,1,0,0,0,1,0,-0.0865384966105367,0.09283688723030159
Israel,0,1,1.0,0,0,1,0,1,0,-0.08373379315065038,0.09283688723030159
Israel,0,1,3.0,0,0,0,1,0,1,-0.09247748918335037,0.09283688723030159
Israel,0,1,3.0,0,1,0,0,0,1,-0.09247588885248088,0.09283688723030159
Israel,0,0,3.0,0,1,0,0,0,1,-0.0924768622496191,0.09283688723030159
Israel,0,0,3.0,0,0,0,1,0,1,-0.09247758817288819,0.09283688723030159
Israel,0,0,0.0,1,0,0,0,1,0,-0.09243992265525043,0.09283688723030159
Israel,0,0,0.0,0,0,1,0,1,0,-0.09234918224919528,0.09283688723030159
Israel,0,0,0.0,0,0,1,0,1,0,-0.09232278504016106,0.3623195211612331
Israel,0,0,0.0,1,0,0,0,1,0,-0.0924514714342029,0.3623195211612331
Israel,0,0,3.0,0,0,0,1,0,1,-0.09247743968860606,0.3623195211612331
Israel,0,0,3.0,0,1,0,0,0,1,-0.09247725820777034,0.3623195211612331
Israel,0,1,0.0,0,1,0,0,0,1,-0.09247522892229437,0.3623195211612331
Israel,0,1,3.0,0,0,0,1,0,1,-0.09247725820777034,0.3623195211612331
Israel,0,1,1.0,0,0,1,0,1,0,-0.07729947344855827,0.3623195211612331
Israel,0,1,1.0,1,0,0,0,1,0,-0.08604354894114499,0.3623195211612331
Israel,0,1,0.0,0,0,1,0,1,0,-0.08884825240103131,0.3623195211612331
Israel,0,1,0.0,1,0,0,0,1,0,-0.09107551691329396,0.3623195211612331
Israel,0,1,0.0,1,0,0,0,1,0,-0.09000313029627861,0.6318021550921646
Israel,0,2,0.0,1,0,0,0,1,0,-0.09240362649282836,0.6318021550921646
Israel,0,2,0.0,0,0,1,0,1,0,-0.09247456899210785,0.6318021550921646
Israel,0,1,0.0,0,0,1,0,1,0,-0.0862085314976089,0.6318021550921646
Israel,0,1,1.0,1,0,0,0,1,0,-0.08356881059418649,0.6318021550921646
Israel,0,1,1.0,0,0,1,0,1,0,-0.0911992538306419,0.6318021550921646
Israel,0,1,3.0,0,0,0,1,0,1,-0.09247691174443717,0.6318021550921646
Israel,0,1,3.0,0,1,0,0,0,1,-0.0924735790969264,0.6318021550921646
Israel,0,0,3.0,0,1,0,0,0,1,-0.09247643329498802,0.6318021550921646
Israel,0,0,3.0,0,0,0,1,0,1,-0.09247734069906824,0.6318021550921646
Israel,0,2,3.0,0,1,0,0,0,1,-0.09247727470601025,0.6318021550921646
Israel,0,2,3.0,0,0,0,1,0,1,-0.09247786682842901,0.6318021550921646
Israel,0,0,0.0,1,0,0,0,1,0,-0.0924382728296858,0.6318021550921646
Israel,0,0,0.0,0,0,1,0,1,0,-0.09227988957548044,0.6318021550921646
Israel,0,0,0.0,1,0,0,0,1,0,-0.09242342439960403,0.9012847890230962
Israel,0,2,3.0,0,0,0,1,0,1,-0.0924778455456785,0.9012847890230962
Israel,0,2,3.0,0,1,0,0,0,1,-0.09247706022869472,0.9012847890230962
Israel,0,0,3.0,0,0,0,1,0,1,-0.09247720871300144,0.9012847890230962
Israel,0,0,3.0,0,1,0,0,0,1,-0.09247658177934391,0.9012847890230962
Israel,0,1,3.0,0,1,0,0,0,1,-0.09246648484668378,0.9012847890230962
Israel,0,1,3.0,0,0,0,1,0,1,-0.09247572387008177,0.9012847890230962
Israel,0,1,1.0,0,0,1,0,1,0,-0.04628275283334494,0.09283688723030159
Israel,0,1,1.0,1,0,0,0,1,0,-0.09176844365044234,0.9012847890230962
Israel,0,1,0.0,0,0,1,0,1,0,-0.06773048517365203,0.9012847890230962
Israel,0,2,0.0,0,0,1,0,1,0,-0.0911992538306419,0.9012847890230962
Israel,0,2,0.0,1,0,0,0,1,0,-0.09235248190032457,0.9012847890230962
Israel,0,1,0.0,1,0,0,0,1,0,-0.07432978743220806,0.9012847890230962
Israel,0,0,0.0,0,0,1,0,1,0,-0.09223039480854127,0.9012847890230962
Israel,0,2,1.0,1,0,0,0,1,0,-0.09247456899210785,0.9012847890230962
Israel,0,2,1.0,1,0,0,0,1,0,-0.09176844365044234,1.1707674229540277
Israel,0,0,0.0,0,0,1,0,1,0,-0.0911992538306419,1.1707674229540277
Israel,0,1,0.0,1,0,0,0,1,0,-0.04793257839798395,1.1707674229540277
Israel,0,2,0.0,1,0,0,0,1,0,-0.09233433381911353,1.1707674229540277
Israel,0,2,0.0,0,0,1,0,1,0,-0.09227988957548044,1.1707674229540277
Israel,0,1,0.0,0,0,1,0,1,0,-0.019885543799120834,1.1707674229540277
Israel,0,1,1.0,1,0,0,0,1,0,-0.09176844365044234,1.1707674229540277
Israel,0,1,1.0,0,0,1,0,1,0,-0.019885543799120834,1.1707674229540277
Israel,0,1,3.0,0,0,0,1,0,1,-0.09247374407932553,1.1707674229540277
Israel,0,1,3.0,0,1,0,0,0,1,-0.09245807073646145,1.1707674229540277
Israel,0,0,3.0,0,1,0,0,0,1,-0.09246137038759074,1.1707674229540277
Israel,0,0,3.0,0,0,0,1,0,1,-0.09247758817288819,1.1707674229540277
Israel,0,2,3.0,0,1,0,0,0,1,-0.09247673026360145,1.1707674229540277
Israel,0,2,3.0,0,0,0,1,0,1,-0.09247776635405379,1.1707674229540277
Israel,0,0,0.0,1,0,0,0,1,0,-0.0916859523722104,1.1707674229540277
Israel,0,0,0.0,1,0,0,0,1,0,-0.09173544713914956,1.4402500568849592
Israel,0,2,3.0,0,0,0,1,0,1,-0.09247758817288819,1.4402500568849592
Israel,0,2,3.0,0,1,0,0,0,1,-0.09247687874785901,1.4402500568849592
Israel,0,0,3.0,0,0,0,1,0,1,-0.0924735790969264,1.4402500568849592
Israel,0,0,3.0,0,1,0,0,0,1,-0.0924597205620261,1.4402500568849592
Israel,0,1,0.0,0,1,0,0,0,1,-0.09244652195750898,1.4402500568849592
Israel,0,1,3.0,0,0,0,1,0,1,-0.09247093937618032,1.4402500568849592
Israel,0,1,1.0,0,0,1,0,1,0,0.006511665235103273,1.4402500568849592
Israel,0,1,1.0,1,0,0,0,1,0,-0.06608065960901302,1.4402500568849592
Israel,0,1,0.0,0,0,1,0,1,0,0.057656257738912475,1.4402500568849592
Israel,0,2,0.0,0,0,1,0,1,0,-0.09198292097384542,1.4402500568849592
Israel,0,2,0.0,1,0,0,0,1,0,-0.09232938434241961,1.4402500568849592
Israel,0,1,0.0,1,0,0,0,1,0,-0.011636415975925801,1.4402500568849592
Israel,0,0,0.0,0,0,1,0,1,0,-0.09066306052213421,1.4402500568849592
Israel,0,2,1.0,0,0,1,0,1,0,-0.0911992538306419,1.4402500568849592
Italy,0,2,0.0,1,0,0,0,1,0,-0.09213140527466293,-2.063024184217151
Italy,0,2,0.0,0,0,1,0,1,0,-0.0911992538306419,-2.063024184217151
Italy,0,1,0.0,1,0,0,0,1,0,-0.09241187562065156,-2.063024184217151
Italy,0,1,0.0,0,0,1,0,1,0,-0.09140548202622177,-2.063024184217151
Italy,0,2,3.0,0,1,0,0,0,1,-0.0924776706641738,-2.063024184217151
Italy,0,2,3.0,0,0,0,1,0,1,-0.09247783234707489,-2.063024184217151
Italy,0,1,3.0,0,1,0,0,0,1,-0.09247786534358583,-2.063024184217151
Italy,0,1,3.0,0,0,0,1,0,1,-0.09247786583853362,-2.063024184217151
Italy,0,1,0.0,0,0,0,1,0,1,-0.09247786534358583,-1.793541550286219
Italy,0,1,3.0,0,1,0,0,0,1,-0.09247785791937073,-1.793541550286219
Italy,0,2,3.0,0,0,0,1,0,1,-0.09247783069724906,-1.793541550286219
Italy,0,2,3.0,0,1,0,0,0,1,-0.09247645804234789,-1.793541550286219
Italy,0,1,0.0,0,0,1,0,1,0,-0.09122400121411148,-1.793541550286219
Italy,0,1,0.0,1,0,0,0,1,0,-0.09176844365044234,-1.793541550286219
Italy,0,2,0.0,0,0,1,0,1,0,-0.09097652737941563,-1.793541550286219
Italy,0,2,0.0,1,0,0,0,1,0,-0.09233928329580744,-1.793541550286219
Italy,0,2,0.0,1,0,0,0,1,0,-0.09188393143996708,-1.5240589163552876
Italy,0,2,0.0,0,0,1,0,1,0,-0.09033309540920642,-1.5240589163552876
Italy,0,2,0.0,1,0,0,0,1,0,-0.09247291916654321,-1.5240589163552876
Italy,0,1,0.0,1,0,0,0,1,0,-0.09176844365044234,-1.5240589163552876
Italy,0,1,0.0,0,0,1,0,1,0,-0.09049807796567032,-1.5240589163552876
Italy,0,2,3.0,0,1,0,0,0,1,-0.09247735719730815,-1.5240589163552876
Italy,0,2,3.0,0,0,0,1,0,1,-0.09247781254916487,-1.5240589163552876
Italy,0,1,0.0,0,1,0,0,0,1,-0.09247781419899379,-1.5240589163552876
Italy,0,1,3.0,0,0,0,1,0,1,-0.09247786336379545,-1.5240589163552876
Italy,0,1,0.0,0,0,0,1,0,1,-0.09247785907424896,-1.254576282424356
Italy,0,1,3.0,0,1,0,0,0,1,-0.0924777366571949,-1.254576282424356
Italy,0,2,3.0,0,0,0,1,0,1,-0.09247780759969045,-1.254576282424356
Italy,0,2,3.0,0,1,0,0,0,1,-0.09247753867811928,-1.254576282424356
Italy,0,1,0.0,0,0,1,0,1,0,-0.08917821751395912,-1.254576282424356
Italy,0,1,0.0,1,0,0,0,1,0,-0.09105901865764758,-1.254576282424356
Italy,0,2,1.0,1,0,0,0,1,0,-0.09247621881767248,-1.254576282424356
Italy,0,2,0.0,0,0,1,0,1,0,-0.09016811285274251,-1.254576282424356
Italy,0,2,0.0,1,0,0,0,1,0,-0.09176844365044234,-1.254576282424356
Italy,0,1,1.0,1,0,0,0,1,0,-0.0921809000416021,-1.254576282424356
Italy,0,1,1.0,0,0,1,0,1,0,-0.0921809000416021,-1.254576282424356
Italy,0,1,1.0,0,0,1,0,1,0,-0.09161995934962484,-0.9850936484934245
Italy,0,1,1.0,1,0,0,0,1,0,-0.09191692795125986,-0.9850936484934245
Italy,0,1,2.0,0,0,1,0,1,0,-0.0911992538306419,-0.9850936484934245
Italy,0,1,2.0,1,0,0,0,1,0,-0.09246137038759074,-0.9850936484934245
Italy,0,2,0.0,1,0,0,0,1,0,-0.09203241574078459,0.09283688723030159
Italy,0,2,0.0,0,0,1,0,1,0,-0.0896731651833508,-0.9850936484934245
Italy,0,1,0.0,1,0,0,0,1,0,-0.09082804307859811,-0.9850936484934245
Italy,0,1,0.0,0,0,1,0,1,0,-0.0911992538306419,-0.9850936484934245
Italy,0,2,3.0,0,1,0,0,0,1,-0.09247745618684597,-0.9850936484934245
Italy,0,2,3.0,0,0,0,1,0,1,-0.09247758817288819,-0.9850936484934245
Italy,0,1,3.0,0,1,0,0,0,1,-0.0924777036606782,-0.9850936484934245
Italy,0,1,3.0,0,0,0,1,0,1,-0.09247785313487704,-0.9850936484934245
Italy,0,1,3.0,0,0,0,1,0,1,-0.0924778438958542,0.09283688723030159
Italy,0,1,0.0,0,1,0,0,0,1,-0.0924776376676571,-0.715611014562493
Italy,0,2,3.0,0,0,0,1,0,1,-0.09247778120248323,-0.715611014562493
Italy,0,2,3.0,0,1,0,0,0,1,-0.09247729120429933,-0.715611014562493
Italy,0,1,0.0,0,0,1,0,1,0,-0.0852186361588255,-0.715611014562493
Italy,0,1,0.0,1,0,0,0,1,0,-0.09000313029627861,-0.715611014562493
Italy,0,2,0.0,0,0,1,0,1,0,-0.0890132349574952,-0.715611014562493
Italy,0,2,0.0,1,0,0,0,1,0,-0.09176844365044234,-0.715611014562493
Italy,0,0,2.0,0,0,1,0,1,0,-0.0924597205620261,-0.715611014562493
Italy,0,1,2.0,1,0,0,0,1,0,-0.09247621881767248,-0.715611014562493
Italy,0,1,2.0,0,0,1,0,1,0,-0.0924597205620261,-0.715611014562493
Italy,0,1,1.0,1,0,0,0,1,0,-0.09125699772540426,-0.715611014562493
Italy,0,1,1.0,0,0,1,0,1,0,-0.09033309540920642,-0.715611014562493
Italy,0,1,1.0,0,0,1,0,1,0,-0.0911992538306419,-0.44612838063156146
Italy,0,1,1.0,1,0,0,0,1,0,-0.09033309540920642,-0.44612838063156146
Italy,0,1,0.0,0,0,1,0,1,0,-0.0924597205620261,-0.44612838063156146
Italy,0,0,2.0,0,0,1,0,1,0,-0.09245642091089681,-0.44612838063156146
Italy,0,2,0.0,1,0,0,0,1,0,-0.09176844365044234,-0.44612838063156146
Italy,0,2,0.0,0,0,1,0,1,0,-0.087693374505784,-0.44612838063156146
Italy,0,1,0.0,1,0,0,0,1,0,-0.09016811285274251,-0.44612838063156146
Italy,0,1,0.0,0,0,1,0,1,0,-0.08290888036833088,-0.44612838063156146
Italy,0,0,0.0,0,0,1,0,1,0,-0.0911992538306419,-0.44612838063156146
Italy,0,2,3.0,0,1,0,0,0,1,-0.09247715921823253,-0.44612838063156146
Italy,0,2,3.0,0,0,0,1,0,1,-0.0924777515056182,-0.44612838063156146
Italy,0,0,3.0,0,0,0,1,0,1,-0.09247780430003877,-0.44612838063156146
Italy,0,1,3.0,0,1,0,0,0,1,-0.0924776211693926,-0.44612838063156146
Italy,0,1,3.0,0,0,0,1,0,1,-0.09247783234707489,-0.44612838063156146
Italy,0,0,3.0,0,1,0,0,0,1,-0.09247555888748596,-0.44612838063156146
Italy,0,0,0.0,1,0,0,0,1,0,-0.09241517527178084,-0.44612838063156146
Italy,0,0,0.0,1,0,0,0,1,0,-0.0924300237018626,-0.17664574670062994
Italy,0,0,3.0,0,1,0,0,0,1,-0.09247636730193004,-0.17664574670062994
Italy,0,1,3.0,0,0,0,1,0,1,-0.09247781254916487,-0.17664574670062994
Italy,0,1,0.0,0,1,0,0,0,1,-0.09247745618684597,-0.17664574670062994
Italy,0,0,3.0,0,0,0,1,0,1,-0.09247778945160934,-0.17664574670062994
Italy,0,2,3.0,0,0,0,1,0,1,-0.09247774325649824,-0.17664574670062994
Italy,0,2,3.0,0,1,0,0,0,1,-0.09247740669207706,-0.17664574670062994
Italy,0,0,0.0,0,0,1,0,1,0,-0.09240197666726373,-0.17664574670062994
Italy,0,1,0.0,0,0,1,0,1,0,-0.07960922923905288,-0.17664574670062994
Italy,0,1,0.0,1,0,0,0,1,0,-0.08917821751395912,-0.17664574670062994
Italy,0,2,0.0,0,0,1,0,1,0,-0.0871984268363923,-0.17664574670062994
Italy,0,2,1.0,1,0,0,0,1,0,-0.09247456899210785,-0.17664574670062994
Italy,0,2,0.0,1,0,0,0,1,0,-0.09165295586091762,-0.17664574670062994
Italy,0,0,2.0,0,0,1,0,1,0,-0.09245642091089681,-0.17664574670062994
Italy,0,1,2.0,0,0,1,0,1,0,-0.0924597205620261,-0.17664574670062994
Italy,0,1,1.0,1,0,0,0,1,0,-0.087693374505784,-0.17664574670062994
Italy,0,1,1.0,0,0,1,0,1,0,-0.08323884548125869,-0.17664574670062994
Italy,0,1,1.0,0,0,1,0,1,0,-0.07597961299684705,0.09283688723030159
Italy,0,1,1.0,1,0,0,0,1,0,-0.08472368848943379,0.09283688723030159
Italy,0,1,2.0,0,0,1,0,1,0,-0.09245807073646145,0.09283688723030159
Italy,0,1,2.0,1,0,0,0,1,0,-0.09247621881767248,0.09283688723030159
Italy,0,1,0.0,0,0,1,0,1,0,-0.07103013630293004,0.09283688723030159
Italy,0,0,2.0,0,0,1,0,1,0,-0.09245642091089681,0.09283688723030159
Italy,0,2,0.0,1,0,0,0,1,0,-0.09142198028186815,0.09283688723030159
Italy,0,2,0.0,0,0,1,0,1,0,-0.08604354894114499,0.09283688723030159
Italy,0,1,0.0,1,0,0,0,1,0,-0.08422874082004209,0.09283688723030159
Italy,0,0,0.0,0,0,1,0,1,0,-0.0911992538306419,0.09283688723030159
Italy,0,2,3.0,0,1,0,0,0,1,-0.09247722521129051,0.09283688723030159
Italy,0,2,3.0,0,0,0,1,0,1,-0.09247771355963935,0.09283688723030159
Italy,0,0,3.0,0,0,0,1,0,1,-0.09247768716242599,0.09283688723030159
Italy,0,1,3.0,0,1,0,0,0,1,-0.09247702723221489,0.09283688723030159
Italy,0,1,3.0,0,0,0,1,0,1,-0.09247777295335713,0.09283688723030159
Italy,0,0,3.0,0,1,0,0,0,1,-0.09247555888748596,0.09283688723030159
Italy,0,0,0.0,1,0,0,0,1,0,-0.09237887910935878,0.09283688723030159
Italy,0,0,0.0,1,0,0,0,1,0,-0.09237062998153558,0.3623195211612331
Italy,0,0,3.0,0,1,0,0,0,1,-0.09247522892229437,0.3623195211612331
Italy,0,1,0.0,0,0,0,1,0,1,-0.0924777036606782,0.3623195211612331
Italy,0,1,3.0,0,1,0,0,0,1,-0.09247638380026828,0.3623195211612331
Italy,0,0,3.0,0,0,0,1,0,1,-0.0924769612391569,0.3623195211612331
Italy,0,2,3.0,0,0,0,1,0,1,-0.0924776706641738,0.3623195211612331
Italy,0,2,3.0,0,1,0,0,0,1,-0.0924768622496191,0.3623195211612331
Italy,0,0,0.0,0,0,1,0,1,0,-0.09158696283833206,0.3623195211612331
Italy,0,1,0.0,1,0,0,0,1,0,-0.07432978743220806,0.3623195211612331
Italy,0,2,0.0,0,0,1,0,1,0,-0.084393723376506,0.09283688723030159
Italy,0,2,1.0,0,0,1,0,1,0,-0.09240692614395765,0.3623195211612331
Italy,0,2,0.0,1,0,0,0,1,0,-0.09082804307859811,0.3623195211612331
Italy,0,0,2.0,0,0,1,0,1,0,-0.09245642091089681,0.3623195211612331
Italy,0,1,0.0,0,0,1,0,1,0,-0.05453188065653997,0.3623195211612331
Italy,0,1,2.0,1,0,0,0,1,0,-0.09244982160863827,0.3623195211612331
Italy,0,1,0.0,0,0,1,0,1,0,-0.0911992538306419,0.3623195211612331
Italy,0,1,1.0,1,0,0,0,1,0,-0.08175400247308358,0.3623195211612331
Italy,0,1,1.0,0,0,1,0,1,0,-0.06443083404437401,0.3623195211612331
Italy,0,1,1.0,0,0,1,0,1,0,-0.019885543799120834,0.6318021550921646
Italy,0,1,1.0,1,0,0,0,1,0,-0.09176844365044234,0.6318021550921646
Italy,0,1,2.0,0,0,1,0,1,0,-0.09242012474847476,0.6318021550921646
Italy,0,1,2.0,1,0,0,0,1,0,-0.09176844365044234,0.6318021550921646
Italy,0,1,0.0,0,0,1,0,1,0,-0.0017374625880917606,0.6318021550921646
Italy,0,0,2.0,0,0,1,0,1,0,-0.09245642091089681,0.6318021550921646
Italy,0,2,0.0,1,0,0,0,1,0,-0.09049807796567032,0.6318021550921646
Italy,0,2,0.0,0,0,1,0,1,0,-0.0911992538306419,0.6318021550921646
Italy,0,2,0.0,1,0,0,0,1,0,-0.09239042788831126,0.6318021550921646
Italy,0,2,0.0,0,0,1,0,1,0,-0.08208396758601139,0.6318021550921646
Italy,0,1,0.0,1,0,0,0,1,0,-0.0380336250101499,0.6318021550921646
Italy,0,0,0.0,0,0,1,0,1,0,-0.09150447156010011,0.6318021550921646
Italy,0,2,3.0,0,1,0,0,0,1,-0.0924764167967481,0.6318021550921646
Italy,0,2,0.0,0,0,0,1,0,1,-0.0924776211693926,0.6318021550921646
Italy,0,0,3.0,0,0,0,1,0,1,-0.09247687874785901,0.6318021550921646
Italy,0,1,3.0,0,1,0,0,0,1,-0.0924707743929945,0.6318021550921646
Italy,0,1,3.0,0,0,0,1,0,1,-0.09247745618684597,0.6318021550921646
Italy,0,0,3.0,0,1,0,0,0,1,-0.09247275418414408,0.6318021550921646
Italy,0,0,0.0,1,0,0,0,1,0,-0.09231783556346713,0.6318021550921646
Italy,0,0,0.0,1,0,0,0,1,0,-0.09176844365044234,0.9012847890230962
Italy,0,0,3.0,0,1,0,0,0,1,-0.09247645804234789,0.9012847890230962
Italy,0,1,3.0,0,0,0,1,0,1,-0.09247689524619726,0.9012847890230962
Italy,0,1,3.0,0,1,0,0,0,1,-0.09246219530037306,0.9012847890230962
Italy,0,0,3.0,0,0,0,1,0,1,-0.09247673026360145,0.09283688723030159
Italy,0,2,3.0,0,0,0,1,0,1,-0.09247748918335037,0.9012847890230962
Italy,0,2,3.0,0,1,0,0,0,1,-0.09247473397470364,0.9012847890230962
Italy,0,0,3.0,0,0,1,0,1,0,-0.09137248551492899,0.9012847890230962
Italy,0,1,0.0,1,0,0,0,1,0,0.018060444187576317,0.9012847890230962
Italy,0,2,0.0,0,0,1,0,1,0,-0.0911992538306419,0.9012847890230962
Italy,0,2,1.0,1,0,0,0,1,0,-0.0918509349286743,0.9012847890230962
Italy,0,2,1.0,0,0,1,0,1,0,-0.091669454116564,0.9012847890230962
Italy,0,2,0.0,1,0,0,0,1,0,-0.09176844365044234,0.9012847890230962
Italy,0,0,2.0,0,0,1,0,1,0,-0.09245642091089681,0.9012847890230962
Italy,0,1,0.0,0,0,1,0,1,0,0.10550119911344367,0.9012847890230962
Italy,0,1,2.0,1,0,0,0,1,0,-0.09246137038759074,0.9012847890230962
Italy,0,1,2.0,0,0,1,0,1,0,-0.09240362649282836,0.9012847890230962
Italy,0,1,1.0,1,0,0,0,1,0,0.024659746446132346,0.9012847890230962
Italy,0,1,1.0,0,0,1,0,1,0,0.0890029434670536,0.9012847890230962
Italy,0,1,1.0,0,0,1,0,1,0,-0.0911992538306419,1.1707674229540277
Italy,0,1,1.0,1,0,0,0,1,0,0.014760793058298305,1.1707674229540277
Italy,0,1,2.0,0,0,1,0,1,0,-0.09238547841161734,1.1707674229540277
Italy,0,1,2.0,1,0,0,0,1,0,-0.0924597205620261,1.1707674229540277
Italy,0,1,0.0,0,0,1,0,1,0,-0.0911992538306419,0.09283688723030159
Italy,0,0,2.0,0,0,1,0,1,0,-0.09245642091089681,1.1707674229540277
Italy,0,2,0.0,1,0,0,0,1,0,-0.0857135838282172,1.1707674229540277
Italy,0,2,1.0,0,0,1,0,1,0,-0.09066306052213421,1.1707674229540277
Italy,0,2,1.0,1,0,0,0,1,0,-0.09147147504880733,1.1707674229540277
Italy,0,2,0.0,0,0,1,0,1,0,-0.07103013630293004,1.1707674229540277
Italy,0,1,0.0,1,0,0,0,1,0,-0.011636415975925801,1.1707674229540277
Italy,0,0,0.0,0,0,1,0,1,0,-0.0911745064471723,0.09283688723030159
Italy,0,2,3.0,0,1,0,0,0,1,-0.09247291916654321,1.1707674229540277
Italy,0,2,3.0,0,0,0,1,0,1,-0.09247732420077916,1.1707674229540277
Italy,0,0,3.0,0,0,0,1,0,1,-0.09247649928804601,1.1707674229540277
Italy,0,1,3.0,0,1,0,0,0,1,-0.09246368014275187,1.1707674229540277
Italy,0,1,3.0,0,0,0,1,0,1,-0.09247636730193004,1.1707674229540277
Italy,0,0,3.0,0,1,0,0,0,1,-0.09247110435857944,1.1707674229540277
Italy,0,0,0.0,1,0,0,0,1,0,-0.09227988957548044,1.1707674229540277
Italy,0,0,0.0,1,0,0,0,1,0,-0.09180144016173514,1.4402500568849592
Italy,0,0,3.0,0,1,0,0,0,1,-0.09246467003872001,1.4402500568849592
Italy,0,1,3.0,0,1,0,0,0,1,-0.09246269024835713,1.4402500568849592
Italy,0,0,3.0,0,0,0,1,0,1,-0.09247605383507669,1.4402500568849592
Italy,0,2,3.0,0,0,0,1,0,1,-0.0924769612391569,1.4402500568849592
Italy,0,2,3.0,0,1,0,0,0,1,-0.09247093937618032,1.4402500568849592
Italy,0,0,0.0,0,0,1,0,1,0,-0.09082804307859811,1.4402500568849592
Italy,0,0,2.0,1,0,0,0,1,0,-0.09245477108533218,1.4402500568849592
Italy,0,1,0.0,1,0,0,0,1,0,0.01641061862293731,1.4402500568849592
Italy,0,1,3.0,0,0,0,1,0,1,-0.09247572387008177,1.4402500568849592
Italy,0,2,0.0,0,0,1,0,1,0,-0.057831531785817986,1.4402500568849592
Italy,0,2,1.0,1,0,0,0,1,0,-0.09176844365044234,1.4402500568849592
Italy,0,2,1.0,0,0,1,0,1,0,-0.0890132349574952,1.4402500568849592
Italy,0,2,0.0,1,0,0,0,1,0,-0.08059912457783627,1.4402500568849592
Italy,0,0,2.0,0,0,1,0,1,0,-0.09245477108533218,1.4402500568849592
Italy,0,1,0.0,0,0,1,0,1,0,0.3034802668701244,1.4402500568849592
Italy,0,1,2.0,1,0,0,0,1,0,-0.09247456899210785,1.4402500568849592
Italy,0,1,2.0,0,0,1,0,1,0,-0.09238052893492342,1.4402500568849592
Italy,0,1,1.0,1,0,0,0,1,0,0.02300992088149334,1.4402500568849592
Italy,0,1,1.0,0,0,1,0,1,0,0.3199785225165145,1.4402500568849592
Japan,0,1,3.0,0,1,0,0,0,1,-0.09247778120248323,-2.063024184217151
Japan,0,1,3.0,0,0,0,1,0,1,-0.09247785857930137,-2.063024184217151
Japan,0,1,0.0,0,0,1,0,1,0,-0.0867034791670006,-2.063024184217151
Japan,0,1,2.0,1,0,0,0,1,0,-0.09247456899210785,-2.063024184217151
Japan,0,1,0.0,1,0,0,0,1,0,-0.08851828728810351,-2.063024184217151
Japan,0,1,0.0,1,0,0,0,1,0,-0.07103013630293004,-1.793541550286219
Japan,0,2,0.0,0,0,1,0,1,0,-0.09107551691329396,-1.793541550286219
Japan,0,1,0.0,0,0,1,0,1,0,-0.06608065960901302,-1.793541550286219
Japan,0,1,1.0,1,0,0,0,1,0,-0.09245312125976754,-1.793541550286219
Japan,0,1,1.0,0,0,1,0,1,0,-0.09245312125976754,-1.793541550286219
Japan,0,1,3.0,0,0,0,1,0,1,-0.09247782244811989,-1.793541550286219
Japan,0,1,3.0,0,1,0,0,0,1,-0.09247739019383715,-1.793541550286219
Japan,0,2,3.0,0,1,0,0,0,1,-0.09247645804234789,-1.793541550286219
Japan,0,2,3.0,0,0,0,1,0,1,-0.09247785857930137,-1.793541550286219
Japan,0,0,3.0,0,1,0,0,0,1,-0.0924778372965524,-1.793541550286219
Japan,0,0,3.0,0,0,0,1,0,1,-0.09247786717489233,-1.793541550286219
Japan,0,0,0.0,1,0,0,0,1,0,-0.09247456899210785,-1.793541550286219
Japan,0,0,0.0,0,0,1,0,1,0,-0.09247456899210785,-1.793541550286219
Japan,0,2,0.0,1,0,0,0,1,0,-0.09107551691329396,-1.793541550286219
Japan,0,0,0.0,0,0,1,0,1,0,-0.09246796968984929,-1.5240589163552876
Japan,0,0,3.0,1,0,0,0,1,0,-0.09247126934097857,-1.5240589163552876
Japan,0,2,0.0,1,0,0,0,1,0,-0.0883533047316396,-1.5240589163552876
Japan,0,0,3.0,0,0,0,1,0,1,-0.09247786418870799,-1.5240589163552876
Japan,0,0,3.0,0,1,0,0,0,1,-0.09247781419899379,-1.5240589163552876
Japan,0,2,3.0,0,0,0,1,0,1,-0.09247782904742323,-1.5240589163552876
Japan,0,2,3.0,0,1,0,0,0,1,-0.09247724170953042,-1.5240589163552876
Japan,0,1,3.0,0,1,0,0,0,1,-0.0924771262217527,-1.5240589163552876
Japan,0,1,3.0,0,0,0,1,0,1,-0.09247775480527602,-1.5240589163552876
Japan,0,1,1.0,0,0,1,0,1,0,-0.07432978743220806,-1.5240589163552876
Japan,0,1,1.0,1,0,0,0,1,0,-0.09176844365044234,-1.5240589163552876
Japan,0,1,0.0,0,0,1,0,1,0,-0.0911992538306419,-1.5240589163552876
Japan,0,1,2.0,1,0,0,0,1,0,-0.09247621881767248,-1.5240589163552876
Japan,0,2,0.0,0,0,1,0,1,0,-0.0911992538306419,-1.5240589163552876
Japan,0,1,0.0,1,0,0,0,1,0,-0.07103013630293004,-1.5240589163552876
Japan,0,2,0.0,0,0,1,0,1,0,-0.08356881059418649,-1.254576282424356
Japan,0,1,2.0,1,0,0,0,1,0,-0.09247126934097857,-1.254576282424356
Japan,0,1,0.0,0,0,1,0,1,0,-0.019885543799120834,-1.254576282424356
Japan,0,1,0.0,1,0,0,0,1,0,-0.06773048517365203,-1.254576282424356
Japan,0,1,1.0,1,0,0,0,1,0,-0.06938031073829103,-1.254576282424356
Japan,0,1,1.0,0,0,1,0,1,0,-0.05123222952726196,-1.254576282424356
Japan,0,1,3.0,0,0,0,1,0,1,-0.0924776706641738,-1.254576282424356
Japan,0,1,3.0,0,1,0,0,0,1,-0.09247697773739681,-1.254576282424356
Japan,0,2,3.0,0,1,0,0,0,1,-0.09247735719730815,-1.254576282424356
Japan,0,2,3.0,0,0,0,1,0,1,-0.09247780265021602,-1.254576282424356
Japan,0,0,3.0,0,1,0,0,0,1,-0.09247776635405379,-1.254576282424356
Japan,0,0,3.0,0,0,0,1,0,1,-0.09247758817288819,-1.254576282424356
Japan,0,2,0.0,1,0,0,0,1,0,-0.0890132349574952,-1.254576282424356
Japan,0,0,0.0,1,0,0,0,1,0,-0.09246631986428465,-1.254576282424356
Japan,0,0,3.0,0,0,1,0,1,0,-0.09245642091089681,-1.254576282424356
Japan,0,0,0.0,0,0,1,0,1,0,-0.09244652195750898,-0.9850936484934245
Japan,0,0,0.0,1,0,0,0,1,0,-0.09246796968984929,-0.9850936484934245
Japan,0,2,0.0,1,0,0,0,1,0,-0.09176844365044234,-0.9850936484934245
Japan,0,0,3.0,0,0,0,1,0,1,-0.09247785478470287,-0.9850936484934245
Japan,0,0,3.0,0,1,0,0,0,1,-0.09247645804234789,-0.9850936484934245
Japan,0,2,3.0,0,0,0,1,0,1,-0.09247778945160934,-0.9850936484934245
Japan,0,2,3.0,0,1,0,0,0,1,-0.0924776211693926,-0.9850936484934245
Japan,0,1,3.0,0,1,0,0,0,1,-0.0924768622496191,-0.9850936484934245
Japan,0,1,3.0,0,0,0,1,0,1,-0.09247755517638377,-0.9850936484934245
Japan,0,1,1.0,0,0,1,0,1,0,-0.0911992538306419,-0.9850936484934245
Japan,0,1,1.0,1,0,0,0,1,0,-0.06608065960901302,-0.9850936484934245
Japan,0,1,0.0,1,0,0,0,1,0,-0.09176844365044234,-0.9850936484934245
Japan,0,1,0.0,0,0,1,0,1,0,0.02300992088149334,-0.9850936484934245
Japan,0,1,2.0,1,0,0,0,1,0,-0.09246631986428465,-0.9850936484934245
Japan,0,2,0.0,0,0,1,0,1,0,-0.08191898502954748,-0.9850936484934245
Japan,0,2,0.0,0,0,1,0,1,0,-0.08043414202137238,-0.715611014562493
Japan,0,1,2.0,1,0,0,0,1,0,-0.09176844365044234,-0.715611014562493
Japan,0,1,0.0,0,0,1,0,1,0,0.0378583509632444,-0.715611014562493
Japan,0,1,0.0,1,0,0,0,1,0,-0.07597961299684705,-0.715611014562493
Japan,0,1,2.0,0,0,1,0,1,0,-0.09181793841738152,-0.715611014562493
Japan,0,1,1.0,0,0,1,0,1,0,-0.0017374625880917606,-0.715611014562493
Japan,0,1,1.0,1,0,0,0,1,0,-0.06938031073829103,-0.715611014562493
Japan,0,1,3.0,0,0,0,1,0,1,-0.09247750568161486,-0.715611014562493
Japan,0,1,3.0,0,1,0,0,0,1,-0.09247701073397498,-0.715611014562493
Japan,0,2,3.0,0,1,0,0,0,1,-0.09247765416592159,-0.715611014562493
Japan,0,2,3.0,0,0,0,1,0,1,-0.09247777955265432,-0.715611014562493
Japan,0,0,3.0,0,1,0,0,0,1,-0.0924778438958542,-0.715611014562493
Japan,0,0,3.0,0,0,0,1,0,1,-0.0924778534648416,-0.715611014562493
Japan,0,2,0.0,1,0,0,0,1,0,-0.09110851342458674,-0.715611014562493
Japan,0,0,0.0,1,0,0,0,1,0,-0.09247456899210785,-0.715611014562493
Japan,0,0,0.0,0,0,1,0,1,0,-0.0924432223063797,-0.715611014562493
Japan,0,0,0.0,0,0,1,0,1,0,-0.0924300237018626,-0.44612838063156146
Japan,0,0,0.0,1,0,0,0,1,0,-0.09176844365044234,-0.44612838063156146
Japan,0,2,0.0,1,0,0,0,1,0,-0.09194992446255264,-0.44612838063156146
Japan,0,0,3.0,0,0,0,1,0,1,-0.09247784884533018,-0.44612838063156146
Japan,0,0,3.0,0,1,0,0,0,1,-0.092477782852306,-0.44612838063156146
Japan,0,2,3.0,0,0,0,1,0,1,-0.0924777746031799,-0.44612838063156146
Japan,0,2,3.0,0,1,0,0,0,1,-0.0924777845021349,-0.44612838063156146
Japan,0,1,0.0,0,1,0,0,0,1,-0.09247702723221489,-0.44612838063156146
Japan,0,1,3.0,0,0,0,1,0,1,-0.09247758817288819,-0.44612838063156146
Japan,0,1,1.0,1,0,0,0,1,0,-0.07696950833563046,-0.44612838063156146
Japan,0,1,1.0,0,0,1,0,1,0,0.014760793058298305,-0.44612838063156146
Japan,0,1,2.0,0,0,1,0,1,0,-0.09016811285274251,-0.44612838063156146
Japan,0,1,0.0,1,0,0,0,1,0,-0.06773048517365203,-0.44612838063156146
Japan,0,1,0.0,0,0,1,0,1,0,0.05270678104499546,-0.44612838063156146
Japan,0,1,0.0,1,0,0,0,1,0,-0.09066306052213421,-0.44612838063156146
Japan,0,2,0.0,0,0,1,0,1,0,-0.07993919435198067,-0.44612838063156146
Japan,0,2,0.0,0,0,1,0,1,0,-0.07944424668258897,-0.17664574670062994
Japan,0,1,2.0,1,0,0,0,1,0,-0.09107551691329396,-0.17664574670062994
Japan,0,1,0.0,0,0,1,0,1,0,0.07250468782066354,-0.17664574670062994
Japan,0,1,0.0,1,0,0,0,1,0,-0.062781008479735,-0.17664574670062994
Japan,0,1,2.0,0,0,1,0,1,0,-0.0911992538306419,-0.17664574670062994
Japan,0,1,1.0,0,0,1,0,1,0,0.07250468782066354,-0.17664574670062994
Japan,0,1,1.0,1,0,0,0,1,0,-0.03308414831623289,-0.17664574670062994
Japan,0,1,3.0,0,0,0,1,0,1,-0.09247735719730815,-0.17664574670062994
Japan,0,1,3.0,0,1,0,0,0,1,-0.09247645804234789,-0.17664574670062994
Japan,0,2,3.0,0,1,0,0,0,1,-0.09247778615195766,-0.17664574670062994
Japan,0,2,3.0,0,0,0,1,0,1,-0.09247776965370545,-0.17664574670062994
Japan,0,0,3.0,0,1,0,0,0,1,-0.09247776305439598,-0.17664574670062994
Japan,0,0,3.0,0,0,0,1,0,1,-0.09247784884533018,-0.17664574670062994
Japan,0,2,0.0,1,0,0,0,1,0,-0.09194992446255264,-0.17664574670062994
Japan,0,0,0.0,1,0,0,0,1,0,-0.09246137038759074,-0.17664574670062994
Japan,0,0,0.0,0,0,1,0,1,0,-0.0924300237018626,-0.17664574670062994
Japan,0,0,0.0,0,0,1,0,1,0,-0.0924135254462162,0.09283688723030159
Japan,0,1,3.0,0,0,0,1,0,1,-0.09247727470601025,0.09283688723030159
Japan,0,0,0.0,1,0,0,0,1,0,-0.09246137038759074,0.09283688723030159
Japan,0,2,0.0,1,0,0,0,1,0,-0.0920159174851382,0.09283688723030159
Japan,0,0,3.0,0,0,0,1,0,1,-0.092477840596201,0.09283688723030159
Japan,0,0,3.0,0,1,0,0,0,1,-0.09247774820597268,0.09283688723030159
Japan,0,2,3.0,0,0,0,1,0,1,-0.09247776635405379,0.09283688723030159
Japan,0,2,0.0,0,1,0,0,0,1,-0.09247780265021602,0.09283688723030159
Japan,0,1,3.0,0,1,0,0,0,1,-0.09247605383507669,0.09283688723030159
Japan,0,1,1.0,1,0,0,0,1,0,-0.05453188065653997,0.09283688723030159
Japan,0,1,1.0,0,0,1,0,1,0,0.10550119911344367,0.09283688723030159
Japan,0,1,2.0,0,0,1,0,1,0,-0.087693374505784,0.09283688723030159
Japan,0,1,0.0,1,0,0,0,1,0,-0.04793257839798395,0.09283688723030159
Japan,0,1,0.0,0,0,1,0,1,0,0.0890029434670536,0.09283688723030159
Japan,0,1,2.0,1,0,0,0,1,0,-0.09147147504880733,0.09283688723030159
Japan,0,2,0.0,0,0,1,0,1,0,-0.07894929901319726,0.09283688723030159
Japan,0,2,0.0,0,0,1,0,1,0,-0.07812438623087777,0.3623195211612331
Japan,0,1,2.0,1,0,0,0,1,0,-0.09137248551492899,0.3623195211612331
Japan,0,1,0.0,0,0,1,0,1,0,0.10550119911344367,0.3623195211612331
Japan,0,1,0.0,1,0,0,0,1,0,-0.057831531785817986,0.3623195211612331
Japan,0,1,2.0,0,0,1,0,1,0,-0.0865384966105367,0.3623195211612331
Japan,0,1,1.0,0,0,1,0,1,0,0.1384977104062238,0.3623195211612331
Japan,0,1,1.0,1,0,0,0,1,0,-0.062781008479735,0.3623195211612331
Japan,0,1,3.0,0,1,0,0,0,1,-0.09247644979322793,0.3623195211612331
Japan,0,2,3.0,0,1,0,0,0,1,-0.09247774490631486,0.3623195211612331
Japan,0,2,3.0,0,0,0,1,0,1,-0.09247775810492154,0.3623195211612331
Japan,0,0,3.0,0,1,0,0,0,1,-0.09247777130352822,0.3623195211612331
Japan,0,0,3.0,0,0,0,1,0,1,-0.09247783564672657,0.3623195211612331
Japan,0,2,0.0,1,0,0,0,1,0,-0.09161995934962484,0.3623195211612331
Japan,0,0,0.0,1,0,0,0,1,0,-0.09246467003872001,0.3623195211612331
Japan,0,1,3.0,0,0,0,1,0,1,-0.09247719221476153,0.3623195211612331
Japan,0,0,0.0,0,0,1,0,1,0,-0.09240032684169909,0.3623195211612331
Japan,0,0,0.0,0,0,1,0,1,0,-0.0923838285860527,0.6318021550921646
Japan,0,1,3.0,0,0,0,1,0,1,-0.0924771262217527,0.6318021550921646
Japan,0,0,2.0,1,0,0,0,1,0,-0.09231288608677322,0.6318021550921646
Japan,0,0,2.0,0,0,1,0,1,0,-0.09246137038759074,0.6318021550921646
Japan,0,0,0.0,1,0,0,0,1,0,-0.09246137038759074,0.6318021550921646
Japan,0,2,0.0,1,0,0,0,1,0,-0.09000313029627861,0.6318021550921646
Japan,0,0,3.0,0,0,0,1,0,1,-0.0924778273975974,0.6318021550921646
Japan,0,0,3.0,0,1,0,0,0,1,-0.09247768716242599,0.6318021550921646
Japan,0,2,3.0,0,0,0,1,0,1,-0.09247773995684043,0.6318021550921646
Japan,0,2,3.0,0,1,0,0,0,1,-0.09247747268511046,0.6318021550921646
Japan,0,1,3.0,0,1,0,0,0,1,-0.09247663127406365,0.6318021550921646
Japan,0,1,1.0,1,0,0,0,1,0,-0.06773048517365203,0.6318021550921646
Japan,0,1,1.0,0,0,1,0,1,0,0.17149422169900394,0.6318021550921646
Japan,0,1,2.0,0,0,1,0,1,0,-0.0911992538306419,0.6318021550921646
Japan,0,1,0.0,1,0,0,0,1,0,-0.06773048517365203,0.6318021550921646
Japan,0,1,0.0,0,0,1,0,1,0,0.1384977104062238,0.6318021550921646
Japan,0,1,0.0,1,0,0,0,1,0,-0.091669454116564,0.6318021550921646
Japan,0,2,0.0,0,0,1,0,1,0,-0.07597961299684705,0.6318021550921646
Japan,0,2,0.0,0,0,1,0,1,0,-0.07432978743220806,0.9012847890230962
Japan,0,1,2.0,1,0,0,0,1,0,-0.0883533047316396,0.9012847890230962
Japan,0,1,0.0,0,0,1,0,1,0,0.17149422169900394,0.09283688723030159
Japan,0,1,0.0,1,0,0,0,1,0,-0.056181706221178976,0.9012847890230962
Japan,0,1,2.0,0,0,1,0,1,0,-0.08158901991661968,0.9012847890230962
Japan,0,1,1.0,0,0,1,0,1,0,0.20449073299178405,0.9012847890230962
Japan,0,1,1.0,1,0,0,0,1,0,-0.09176844365044234,0.9012847890230962
Japan,0,1,3.0,0,1,0,0,0,1,-0.09247588885248088,0.9012847890230962
Japan,0,2,3.0,0,1,0,0,0,1,-0.0924776211693926,0.9012847890230962
Japan,0,2,3.0,0,0,0,1,0,1,-0.09247772840806265,0.9012847890230962
Japan,0,0,3.0,0,1,0,0,0,1,-0.09247710972346362,0.9012847890230962
Japan,0,0,3.0,0,0,0,1,0,1,-0.09247782574777155,0.9012847890230962
Japan,0,2,0.0,1,0,0,0,1,0,-0.09096002912376924,0.9012847890230962
Japan,0,0,0.0,1,0,0,0,1,0,-0.09242507422516867,0.9012847890230962
Japan,0,1,3.0,0,0,0,1,0,1,-0.09247758817288819,0.9012847890230962
Japan,0,0,0.0,0,0,1,0,1,0,-0.0923838285860527,0.9012847890230962
Japan,0,0,0.0,0,0,1,0,1,0,-0.09235083207475991,1.1707674229540277
Japan,0,1,3.0,0,0,0,1,0,1,-0.09247758817288819,1.1707674229540277
Japan,0,0,2.0,0,0,1,0,1,0,-0.09246137038759074,1.1707674229540277
Japan,0,0,0.0,1,0,0,0,1,0,-0.09244487213194434,1.1707674229540277
Japan,0,2,0.0,1,0,0,0,1,0,-0.08983814773981472,1.1707674229540277
Japan,0,0,3.0,0,0,0,1,0,1,-0.09247780759969045,1.1707674229540277
Japan,0,0,3.0,0,1,0,0,0,1,-0.09247727470601025,1.1707674229540277
Japan,0,2,3.0,0,0,0,1,0,1,-0.09247735719730815,1.1707674229540277
Japan,0,2,3.0,0,1,0,0,0,1,-0.09247745618684597,1.1707674229540277
Japan,0,1,3.0,0,1,0,0,0,1,-0.09247324913173481,1.1707674229540277
Japan,0,1,1.0,1,0,0,0,1,0,-0.029784497186954872,1.1707674229540277
Japan,0,1,1.0,0,0,1,0,1,0,0.23748724428456416,1.1707674229540277
Japan,0,1,0.0,0,0,1,0,1,0,-0.07993919435198067,1.1707674229540277
Japan,0,1,0.0,1,0,0,0,1,0,0.004861839670464266,1.1707674229540277
Japan,0,1,0.0,0,0,1,0,1,0,0.25398549993095426,1.1707674229540277
Japan,0,1,2.0,1,0,0,0,1,0,-0.09084454133424451,1.1707674229540277
Japan,0,2,0.0,0,0,1,0,1,0,-0.028134671622315865,1.1707674229540277
Japan,0,2,0.0,0,0,1,0,1,0,-0.06773048517365203,1.4402500568849592
Japan,0,1,2.0,1,0,0,0,1,0,-0.09176844365044234,1.4402500568849592
Japan,0,1,0.0,0,0,1,0,1,0,0.38597154510207476,1.4402500568849592
Japan,0,1,0.0,1,0,0,0,1,0,0.05270678104499546,1.4402500568849592
Japan,0,1,2.0,0,0,1,0,1,0,-0.07944424668258897,1.4402500568849592
Japan,0,1,1.0,0,0,1,0,1,0,0.3199785225165145,1.4402500568849592
Japan,0,1,1.0,1,0,0,0,1,0,-0.00668693928200878,1.4402500568849592
Japan,0,1,3.0,0,1,0,0,0,1,-0.09247192927136176,1.4402500568849592
Japan,0,2,3.0,0,1,0,0,0,1,-0.09247715921823253,1.4402500568849592
Japan,0,2,3.0,0,0,0,1,0,1,-0.09247758817288819,1.4402500568849592
Japan,0,0,3.0,0,1,0,0,0,1,-0.09247645804234789,1.4402500568849592
Japan,0,0,3.0,0,0,0,1,0,1,-0.09247772345858822,1.4402500568849592
Japan,0,2,0.0,1,0,0,0,1,0,-0.0878583570622479,1.4402500568849592
Japan,0,0,0.0,1,0,0,0,1,0,-0.09236403067927704,1.4402500568849592
Japan,0,0,2.0,0,0,1,0,1,0,-0.09231288608677322,1.4402500568849592
Japan,0,1,3.0,0,0,0,1,0,1,-0.09247758817288819,1.4402500568849592
Japan,0,0,0.0,0,0,1,0,1,0,-0.09219739829724849,1.4402500568849592
Korea,0,0,0.0,0,0,1,0,1,0,-0.09246961951541392,-2.063024184217151
Korea,0,0,0.0,1,0,0,0,1,0,-0.09176844365044234,-2.063024184217151
Korea,0,1,0.0,1,0,0,0,1,0,-0.09237722928379415,-2.063024184217151
Korea,0,1,0.0,0,0,1,0,1,0,-0.0911992538306419,-2.063024184217151
Korea,0,0,3.0,0,1,0,0,0,1,-0.09247785709445781,-2.063024184217151
Korea,0,0,3.0,0,0,0,1,0,1,-0.0924778672078889,-2.063024184217151
Korea,0,1,3.0,0,0,0,1,0,1,-0.09247786798330691,-2.063024184217151
Korea,0,1,3.0,0,1,0,0,0,1,-0.09247786039410949,-2.063024184217151
Korea,0,1,3.0,0,1,0,0,0,1,-0.09247783069724906,-1.793541550286219
Korea,0,1,3.0,0,0,0,1,0,1,-0.0924778650136209,-1.793541550286219
Korea,0,0,3.0,0,0,0,1,0,1,-0.09247786583853362,-1.793541550286219
Korea,0,0,3.0,0,1,0,0,0,1,-0.09247785973417884,-1.793541550286219
Korea,0,1,0.0,0,0,1,0,1,0,-0.09191692795125986,-1.793541550286219
Korea,0,1,0.0,1,0,0,0,1,0,-0.09203241574078459,0.09283688723030159
Korea,0,0,0.0,1,0,0,0,1,0,-0.09247126934097857,-1.793541550286219
Korea,0,0,0.0,0,0,1,0,1,0,-0.09246302021315538,-1.793541550286219
Korea,0,0,0.0,0,0,1,0,1,0,-0.0924597205620261,-1.5240589163552876
Korea,0,0,0.0,1,0,0,0,1,0,-0.09247456899210785,-1.5240589163552876
Korea,0,1,0.0,1,0,0,0,1,0,-0.09176844365044234,-1.5240589163552876
Korea,0,1,0.0,0,0,1,0,1,0,-0.0911992538306419,-1.5240589163552876
Korea,0,0,3.0,0,1,0,0,0,1,-0.09247786385874304,-1.5240589163552876
Korea,0,0,3.0,0,0,0,1,0,1,-0.09247786517860355,-1.5240589163552876
Korea,0,1,3.0,0,0,0,1,0,1,-0.09247785973417884,-1.5240589163552876
Korea,0,1,3.0,0,1,0,0,0,1,-0.0924778010003871,-1.5240589163552876
Korea,0,1,3.0,0,1,0,0,0,1,-0.09247778780178657,-1.254576282424356
Korea,0,1,3.0,0,0,0,1,0,1,-0.09247758817288819,-1.254576282424356
Korea,0,0,3.0,0,0,0,1,0,1,-0.09247786303383013,-1.254576282424356
Korea,0,0,3.0,0,1,0,0,0,1,-0.0924778552796497,-1.254576282424356
Korea,0,1,0.0,0,0,1,0,1,0,-0.09016811285274251,-1.254576282424356
Korea,0,1,0.0,1,0,0,0,1,0,-0.09148797330445373,-1.254576282424356
Korea,0,0,0.0,1,0,0,0,1,0,-0.09246796968984929,-1.254576282424356
Korea,0,0,0.0,0,0,1,0,1,0,-0.09244982160863827,-1.254576282424356
Korea,0,0,0.0,0,0,1,0,1,0,-0.09244487213194434,-0.9850936484934245
Korea,0,0,0.0,1,0,0,0,1,0,-0.09247291916654321,-0.9850936484934245
Korea,0,1,0.0,1,0,0,0,1,0,-0.09033309540920642,-0.9850936484934245
Korea,0,1,0.0,0,0,1,0,1,0,-0.08802333961871181,-0.9850936484934245
Korea,0,0,3.0,0,1,0,0,0,1,-0.0924778622089176,-0.9850936484934245
Korea,0,0,3.0,0,0,0,1,0,1,-0.09247786187895228,-0.9850936484934245
Korea,0,1,3.0,0,0,0,1,0,1,-0.092477840596201,-0.9850936484934245
Korea,0,1,3.0,0,1,0,0,0,1,-0.09247771520945597,-0.9850936484934245
Korea,0,1,3.0,0,1,0,0,0,1,-0.09247645804234789,-0.715611014562493
Korea,0,1,3.0,0,0,0,1,0,1,-0.09247780924951936,-0.715611014562493
Korea,0,0,3.0,0,0,0,1,0,1,-0.0924778612190224,-0.715611014562493
Korea,0,0,3.0,0,1,0,0,0,1,-0.09247786418870799,-0.715611014562493
Korea,0,2,3.0,0,1,0,0,0,1,-0.09247785049515601,-0.715611014562493
Korea,0,2,3.0,0,0,0,1,0,1,-0.09247786740586794,-0.715611014562493
Korea,0,1,0.0,0,0,1,0,1,0,-0.08290888036833088,-0.715611014562493
Korea,0,1,0.0,1,0,0,0,1,0,-0.09176844365044234,-0.715611014562493
Korea,0,1,2.0,1,0,0,0,1,0,-0.0924300237018626,-0.715611014562493
Korea,0,1,2.0,0,0,1,0,1,0,-0.09245807073646145,-0.715611014562493
Korea,0,1,1.0,1,0,0,0,1,0,-0.09206541225207737,-0.715611014562493
Korea,0,1,1.0,0,0,1,0,1,0,-0.09206541225207737,-0.715611014562493
Korea,0,0,0.0,1,0,0,0,1,0,-0.09247456899210785,-0.715611014562493
Korea,0,0,0.0,0,0,1,0,1,0,-0.09244157248081507,-0.715611014562493
Korea,0,2,0.0,0,0,1,0,1,0,-0.09244817178307362,-0.715611014562493
Korea,0,2,0.0,1,0,0,0,1,0,-0.09244817178307362,-0.715611014562493
Korea,0,2,0.0,1,0,0,0,1,0,-0.09176844365044234,-0.44612838063156146
Korea,0,2,0.0,0,0,1,0,1,0,-0.0911992538306419,-0.44612838063156146
Korea,0,0,0.0,0,0,1,0,1,0,-0.09239207771387589,-0.44612838063156146
Korea,0,0,0.0,1,0,0,0,1,0,-0.09242837387629796,-0.44612838063156146
Korea,0,1,1.0,0,0,1,0,1,0,-0.0915209698157465,-0.44612838063156146
Korea,0,1,0.0,1,0,0,0,1,0,-0.09193342620690625,-0.44612838063156146
Korea,0,1,2.0,0,0,1,0,1,0,-0.09240197666726373,-0.44612838063156146
Korea,0,1,2.0,1,0,0,0,1,0,-0.09238217876048806,-0.44612838063156146
Korea,0,1,0.0,1,0,0,0,1,0,-0.08472368848943379,-0.44612838063156146
Korea,0,1,0.0,0,0,1,0,1,0,-0.07597961299684705,-0.44612838063156146
Korea,0,2,3.0,0,0,0,1,0,1,-0.09247786649846389,-0.44612838063156146
Korea,0,2,3.0,0,1,0,0,0,1,-0.09247785313487704,-0.44612838063156146
Korea,0,0,3.0,0,1,0,0,0,1,-0.09247779935056434,-0.44612838063156146
Korea,0,0,3.0,0,0,0,1,0,1,-0.09247785049515601,-0.44612838063156146
Korea,0,1,0.0,0,0,0,1,0,1,-0.09247776305439598,-0.44612838063156146
Korea,0,1,3.0,0,1,0,0,0,1,-0.09247732420077916,-0.44612838063156146
Korea,0,1,3.0,0,1,0,0,0,1,-0.09247630130897039,-0.17664574670062994
Korea,0,1,3.0,0,0,0,1,0,1,-0.09247758817288819,-0.17664574670062994
Korea,0,0,3.0,0,0,0,1,0,1,-0.09247758817288819,-0.17664574670062994
Korea,0,2,0.0,0,0,0,1,0,1,-0.09247786649846389,-0.17664574670062994
Korea,0,1,0.0,0,0,1,0,1,0,-0.05288205509190096,-0.17664574670062994
Korea,0,1,0.0,1,0,0,0,1,0,-0.06938031073829103,-0.17664574670062994
Korea,0,1,2.0,1,0,0,0,1,0,-0.0923541317258892,-0.17664574670062994
Korea,0,1,2.0,0,0,1,0,1,0,-0.09231288608677322,-0.17664574670062994
Korea,0,1,1.0,1,0,0,0,1,0,-0.09137248551492899,-0.17664574670062994
Korea,0,1,1.0,0,0,1,0,1,0,-0.09033309540920642,-0.17664574670062994
Korea,0,0,0.0,0,0,1,0,1,0,-0.09239207771387589,-0.17664574670062994
Korea,0,2,0.0,0,0,1,0,1,0,-0.09242507422516867,-0.17664574670062994
Korea,0,2,0.0,0,0,1,0,1,0,-0.09193342620690625,0.09283688723030159
Korea,0,2,0.0,1,0,0,0,1,0,-0.09198292097384542,0.09283688723030159
Korea,0,0,0.0,0,0,1,0,1,0,-0.09231288608677322,0.09283688723030159
Korea,0,0,0.0,1,0,0,0,1,0,-0.09239537736500518,0.09283688723030159
Korea,0,1,1.0,0,0,1,0,1,0,-0.08323884548125869,0.09283688723030159
Korea,0,1,1.0,1,0,0,0,1,0,-0.0852186361588255,0.09283688723030159
Korea,0,1,2.0,0,0,1,0,1,0,-0.0911992538306419,0.09283688723030159
Korea,0,1,2.0,1,0,0,0,1,0,-0.09097652737941563,0.09283688723030159
Korea,0,1,0.0,1,0,0,0,1,0,-0.0017374625880917606,0.09283688723030159
Korea,0,1,0.0,0,0,1,0,1,0,-0.0017374625880917606,0.09283688723030159
Korea,0,2,2.0,1,0,0,0,1,0,-0.09247456899210785,0.09283688723030159
Korea,0,2,3.0,0,0,0,1,0,1,-0.09247784719550434,0.09283688723030159
Korea,0,2,3.0,0,1,0,0,0,1,-0.0924776376676571,0.09283688723030159
Korea,0,0,3.0,0,0,0,1,0,1,-0.092477840596201,0.09283688723030159
Korea,0,0,3.0,0,1,0,0,0,1,-0.09247781089934212,0.09283688723030159
Korea,0,1,3.0,0,0,0,1,0,1,-0.09247758817288819,0.09283688723030159
Korea,0,1,3.0,0,1,0,0,0,1,-0.09247159930617016,0.09283688723030159
Korea,0,1,3.0,0,1,0,0,0,1,-0.09247407404451713,0.3623195211612331
Korea,0,1,3.0,0,0,0,1,0,1,-0.09247699423573506,0.3623195211612331
Korea,0,0,3.0,0,1,0,0,0,1,-0.09247772675823375,0.3623195211612331
Korea,0,0,3.0,0,0,0,1,0,1,-0.09247781419899379,0.09283688723030159
Korea,0,2,3.0,0,1,0,0,0,1,-0.09247666427054346,0.3623195211612331
Korea,0,2,3.0,0,0,0,1,0,1,-0.09247774820597268,0.3623195211612331
Korea,0,2,2.0,1,0,0,0,1,0,-0.09245312125976754,0.3623195211612331
Korea,0,1,0.0,0,0,1,0,1,0,0.05435660660963446,0.3623195211612331
Korea,0,1,0.0,1,0,0,0,1,0,-0.0380336250101499,0.3623195211612331
Korea,0,1,2.0,1,0,0,0,1,0,-0.0855486012717533,0.3623195211612331
Korea,0,1,0.0,0,0,1,0,1,0,-0.08406375826357819,0.3623195211612331
Korea,0,1,1.0,1,0,0,0,1,0,-0.09176844365044234,0.3623195211612331
Korea,0,1,0.0,0,0,1,0,1,0,-0.07432978743220806,0.3623195211612331
Korea,0,0,0.0,1,0,0,0,1,0,-0.09229638783112683,0.3623195211612331
Korea,0,0,0.0,0,0,1,0,1,0,-0.0911992538306419,0.3623195211612331
Korea,0,0,2.0,0,0,1,0,1,0,-0.09245312125976754,0.3623195211612331
Korea,0,2,0.0,1,0,0,0,1,0,-0.09000313029627861,0.3623195211612331
Korea,0,2,0.0,0,0,1,0,1,0,-0.0911992538306419,0.3623195211612331
Korea,0,2,0.0,1,0,0,0,1,0,-0.06773048517365203,0.6318021550921646
Korea,0,0,2.0,0,0,1,0,1,0,-0.09239207771387589,0.6318021550921646
Korea,0,0,2.0,1,0,0,0,1,0,-0.09176844365044234,0.6318021550921646
Korea,0,0,0.0,0,0,1,0,1,0,-0.08950818262688691,0.6318021550921646
Korea,0,0,0.0,1,0,0,0,1,0,-0.09132299074798982,0.6318021550921646
Korea,0,1,1.0,0,0,1,0,1,0,-0.0911992538306419,0.6318021550921646
Korea,0,1,1.0,1,0,0,0,1,0,-0.07812438623087777,0.6318021550921646
Korea,0,1,2.0,0,0,1,0,1,0,-0.07597961299684705,0.6318021550921646
Korea,0,1,2.0,1,0,0,0,1,0,-0.09176844365044234,0.6318021550921646
Korea,0,1,0.0,1,0,0,0,1,0,-0.041333276139427916,0.6318021550921646
Korea,0,1,0.0,0,0,1,0,1,0,0.10550119911344367,0.6318021550921646
Korea,0,2,0.0,0,0,1,0,1,0,-0.06608065960901302,0.6318021550921646
Korea,0,2,2.0,1,0,0,0,1,0,-0.09237887910935878,0.6318021550921646
Korea,0,2,3.0,0,0,0,1,0,1,-0.09247682925313927,0.6318021550921646
Korea,0,2,3.0,0,1,0,0,0,1,-0.09246796968984929,0.6318021550921646
Korea,0,0,3.0,0,0,0,1,0,1,-0.09247743968860606,0.6318021550921646
Korea,0,0,3.0,0,1,0,0,0,1,-0.0924770767269838,0.6318021550921646
Korea,0,1,3.0,0,0,0,1,0,1,-0.09247664777230356,0.6318021550921646
Korea,0,1,3.0,0,1,0,0,0,1,-0.09247390906172465,0.6318021550921646
Korea,0,1,3.0,0,1,0,0,0,1,-0.09247645804234789,0.9012847890230962
Korea,0,1,3.0,0,0,0,1,0,1,-0.09247758817288819,0.9012847890230962
Korea,0,0,3.0,0,1,0,0,0,1,-0.09247752217987937,0.9012847890230962
Korea,0,0,3.0,0,0,0,1,0,1,-0.09247720871300144,0.9012847890230962
Korea,0,2,3.0,0,1,0,0,0,1,-0.09245807073646145,0.9012847890230962
Korea,0,2,3.0,0,0,0,1,0,1,-0.09247506393969857,0.9012847890230962
Korea,0,2,2.0,1,0,0,0,1,0,-0.09238877806274662,0.9012847890230962
Korea,0,2,0.0,0,0,1,0,1,0,-0.018235718234481828,0.9012847890230962
Korea,0,1,0.0,0,0,1,0,1,0,0.2209889886381741,0.9012847890230962
Korea,0,1,0.0,1,0,0,0,1,0,0.026309572010771352,0.9012847890230962
Korea,0,1,0.0,1,0,0,0,1,0,-0.07729947344855827,0.9012847890230962
Korea,0,1,2.0,0,0,1,0,1,0,-0.061131182915096,0.9012847890230962
Korea,0,1,1.0,1,0,0,0,1,0,-0.061131182915096,0.9012847890230962
Korea,0,1,1.0,0,0,1,0,1,0,-0.019885543799120834,0.9012847890230962
Korea,0,0,0.0,1,0,0,0,1,0,-0.09191692795125986,0.9012847890230962
Korea,0,0,0.0,0,0,1,0,1,0,-0.08736340939285621,0.9012847890230962
Korea,0,0,2.0,1,0,0,0,1,0,-0.09235083207475991,0.9012847890230962
Korea,0,0,2.0,0,0,1,0,1,0,-0.0911992538306419,0.9012847890230962
Korea,0,2,0.0,1,0,0,0,1,0,-0.044632927268705935,0.9012847890230962
Korea,0,2,0.0,1,0,0,0,1,0,-0.03308414831623289,1.1707674229540277
Korea,0,0,2.0,0,0,1,0,1,0,-0.0920159174851382,1.1707674229540277
Korea,0,0,2.0,1,0,0,0,1,0,-0.09223039480854127,1.1707674229540277
Korea,0,0,0.0,0,0,1,0,1,0,-0.08389877570711429,1.1707674229540277
Korea,0,0,0.0,1,0,0,0,1,0,-0.09142198028186815,1.1707674229540277
Korea,0,1,1.0,0,0,1,0,1,0,0.0015621885411862527,1.1707674229540277
Korea,0,1,1.0,1,0,0,0,1,0,-0.07432978743220806,1.1707674229540277
Korea,0,1,2.0,0,0,1,0,1,0,-0.044632927268705935,1.1707674229540277
Korea,0,1,2.0,1,0,0,0,1,0,-0.07597961299684705,1.1707674229540277
Korea,0,1,0.0,1,0,0,0,1,0,0.10550119911344367,1.1707674229540277
Korea,0,1,0.0,0,0,1,0,1,0,-0.0911992538306419,1.1707674229540277
Korea,0,2,0.0,0,0,1,0,1,0,0.04115800209252241,1.1707674229540277
Korea,0,2,3.0,0,0,0,1,0,1,-0.09247308414894233,1.1707674229540277
Korea,0,2,0.0,0,1,0,0,0,1,-0.09245312125976754,1.1707674229540277
Korea,0,0,3.0,0,0,0,1,0,1,-0.09247758817288819,1.1707674229540277
Korea,0,0,3.0,0,1,0,0,0,1,-0.09247745618684597,1.1707674229540277
Korea,0,1,3.0,0,0,0,1,0,1,-0.09247506393969857,1.1707674229540277
Korea,0,1,3.0,0,1,0,0,0,1,-0.0924638451259377,1.1707674229540277
Korea,0,1,3.0,0,1,0,0,0,1,-0.09246483502111913,1.4402500568849592
Korea,0,1,3.0,0,0,0,1,0,1,-0.09247390906172465,1.4402500568849592
Korea,0,0,3.0,0,1,0,0,0,1,-0.09247626831239222,1.4402500568849592
Korea,0,0,3.0,0,0,0,1,0,1,-0.09247719221476153,1.4402500568849592
Korea,0,2,3.0,0,1,0,0,0,1,-0.09247645804234789,1.4402500568849592
Korea,0,2,3.0,0,0,0,1,0,1,-0.09247093937618032,1.4402500568849592
Korea,0,2,0.0,0,0,1,0,1,0,-0.0911992538306419,1.4402500568849592
Korea,0,1,0.0,0,0,1,0,1,0,0.6664418910907058,1.4402500568849592
Korea,0,1,0.0,1,0,0,0,1,0,0.10550119911344367,1.4402500568849592
Korea,0,1,2.0,1,0,0,0,1,0,-0.08538361871528939,1.4402500568849592
Korea,0,1,2.0,0,0,1,0,1,0,-0.0911992538306419,1.4402500568849592
Korea,0,1,1.0,1,0,0,0,1,0,-0.07267996186756905,1.4402500568849592
Korea,0,1,1.0,0,0,1,0,1,0,0.004861839670464266,1.4402500568849592
Korea,0,0,0.0,1,0,0,0,1,0,-0.0883533047316396,1.4402500568849592
Korea,0,0,0.0,0,0,1,0,1,0,-0.0852186361588255,1.4402500568849592
Korea,0,0,2.0,1,0,0,0,1,0,-0.0918674331843207,1.4402500568849592
Korea,0,0,2.0,0,0,1,0,1,0,-0.09140548202622177,1.4402500568849592
Korea,0,2,0.0,1,0,0,0,1,0,-0.024835020493037853,1.4402500568849592
Latvia,0,1,3.0,0,1,0,0,0,1,-0.09247755517638377,-0.715611014562493
Latvia,0,1,1.0,1,0,0,0,1,0,-0.09176844365044234,-0.715611014562493
Latvia,0,1,0.0,1,0,0,0,1,0,-0.09244982160863827,-0.715611014562493
Latvia,0,1,0.0,1,0,0,0,1,0,-0.09244157248081507,-0.44612838063156146
Latvia,0,1,1.0,1,0,0,0,1,0,-0.09244817178307362,-0.44612838063156146
Latvia,0,1,3.0,0,1,0,0,0,1,-0.09247747268511046,-0.44612838063156146
Latvia,0,1,3.0,0,1,0,0,0,1,-0.09247645804234789,-0.17664574670062994
Latvia,0,1,1.0,1,0,0,0,1,0,-0.09244817178307362,0.09283688723030159
Latvia,0,1,0.0,1,0,0,0,1,0,-0.09244157248081507,-0.17664574670062994
Latvia,0,1,0.0,1,0,0,0,1,0,-0.09235743137701848,0.09283688723030159
Latvia,0,1,1.0,1,0,0,0,1,0,-0.09244982160863827,0.09283688723030159
Latvia,0,1,3.0,0,1,0,0,0,1,-0.09247645804234789,0.09283688723030159
Latvia,0,1,3.0,0,1,0,0,0,1,-0.09247697773739681,0.3623195211612331
Latvia,0,1,1.0,1,0,0,0,1,0,-0.09245807073646145,0.3623195211612331
Latvia,0,1,0.0,1,0,0,0,1,0,-0.09233598364467817,0.3623195211612331
Latvia,0,1,0.0,1,0,0,0,1,0,-0.09196642271819903,0.6318021550921646
Latvia,0,1,1.0,1,0,0,0,1,0,-0.09235743137701848,0.6318021550921646
Latvia,0,1,3.0,0,1,0,0,0,1,-0.0924735790969264,0.6318021550921646
Latvia,0,1,3.0,0,1,0,0,0,1,-0.09247143432337769,0.9012847890230962
Latvia,0,1,1.0,1,0,0,0,1,0,-0.09224689306418767,0.9012847890230962
Latvia,0,1,0.0,1,0,0,0,1,0,-0.09180144016173514,0.9012847890230962
Latvia,0,1,0.0,1,0,0,0,1,0,-0.09066306052213421,1.1707674229540277
Latvia,0,1,1.0,1,0,0,0,1,0,-0.09198292097384542,1.1707674229540277
Latvia,0,1,3.0,0,1,0,0,0,1,-0.09246450505553419,1.1707674229540277
Latvia,0,1,3.0,0,1,0,0,0,1,-0.0924597205620261,1.4402500568849592
Latvia,0,1,1.0,1,0,0,0,1,0,-0.09188393143996708,1.4402500568849592
Latvia,0,1,0.0,1,0,0,0,1,0,-0.0896731651833508,0.09283688723030159
Lithuania,0,1,0.0,1,0,0,0,1,0,-0.09241682509734549,-0.715611014562493
Lithuania,0,1,3.0,0,1,0,0,0,1,-0.09247750568161486,-0.715611014562493
Lithuania,0,1,3.0,0,1,0,0,0,1,-0.09247734069906824,-0.44612838063156146
Lithuania,0,1,0.0,1,0,0,0,1,0,-0.09237227980710022,-0.44612838063156146
Lithuania,0,1,0.0,1,0,0,0,1,0,-0.09239207771387589,-0.17664574670062994
Lithuania,0,1,3.0,0,1,0,0,0,1,-0.09247753867811928,-0.17664574670062994
Lithuania,0,1,0.0,1,0,0,0,1,0,-0.09224689306418767,0.09283688723030159
Lithuania,0,1,0.0,1,0,0,0,1,0,-0.09221389655289489,0.3623195211612331
Lithuania,0,1,3.0,0,1,0,0,0,1,-0.09247729120429933,0.3623195211612331
Lithuania,0,1,0.0,0,1,0,0,0,1,-0.09247605383507669,0.6318021550921646
Lithuania,0,1,0.0,1,0,0,0,1,0,-0.09173544713914956,0.6318021550921646
Lithuania,0,1,0.0,1,0,0,0,1,0,-0.09049807796567032,0.9012847890230962
Lithuania,0,1,1.0,1,0,0,0,1,0,-0.09181793841738152,0.9012847890230962
Lithuania,0,1,3.0,0,1,0,0,0,1,-0.09246961951541392,0.9012847890230962
Lithuania,0,1,3.0,0,1,0,0,0,1,-0.09246483502111913,1.1707674229540277
Lithuania,0,1,1.0,1,0,0,0,1,0,-0.09137248551492899,1.1707674229540277
Lithuania,0,1,0.0,1,0,0,0,1,0,-0.09016811285274251,1.1707674229540277
Lithuania,0,1,0.0,1,0,0,0,1,0,-0.0890132349574952,1.4402500568849592
Lithuania,0,1,3.0,0,1,0,0,0,1,-0.09246549495150233,1.4402500568849592
Luxembourg,0,1,3.0,0,1,0,0,0,1,-0.09247209425376089,0.3623195211612331
Luxembourg,0,1,1.0,1,0,0,0,1,0,-0.09176844365044234,0.3623195211612331
Luxembourg,0,1,0.0,1,0,0,0,1,0,-0.09084454133424451,0.3623195211612331
Luxembourg,0,1,0.0,1,0,0,0,1,0,-0.09176844365044234,0.6318021550921646
Luxembourg,0,1,1.0,1,0,0,0,1,0,-0.08802333961871181,0.6318021550921646
Luxembourg,0,1,3.0,0,1,0,0,0,1,-0.0924597205620261,0.6318021550921646
Luxembourg,0,1,0.0,0,1,0,0,0,1,-0.09244487213194434,0.9012847890230962
Luxembourg,0,1,1.0,1,0,0,0,1,0,-0.0852186361588255,0.9012847890230962
Luxembourg,0,1,0.0,1,0,0,0,1,0,-0.08488867104589769,0.9012847890230962
Luxembourg,0,1,0.0,1,0,0,0,1,0,-0.08191898502954748,1.1707674229540277
Luxembourg,0,1,1.0,1,0,0,0,1,0,-0.0862085314976089,1.1707674229540277
Luxembourg,0,1,0.0,0,1,0,0,0,1,-0.0924382728296858,1.1707674229540277
Luxembourg,0,1,3.0,0,1,0,0,0,1,-0.09242507422516867,1.4402500568849592
Luxembourg,0,1,1.0,1,0,0,0,1,0,-0.0845587059329699,1.4402500568849592
Luxembourg,0,1,0.0,1,0,0,0,1,0,-0.07432978743220806,1.4402500568849592
Mexico,0,1,0.0,1,0,0,0,1,0,-0.09247291916654321,-1.793541550286219
Mexico,0,1,0.0,0,0,1,0,1,0,-0.0911992538306419,0.09283688723030159
Mexico,0,1,3.0,0,1,0,0,0,1,-0.09247786821428247,-1.793541550286219
Mexico,0,1,3.0,0,0,0,1,0,1,-0.09247786861848975,-1.793541550286219
Mexico,0,1,0.0,0,0,0,1,0,1,-0.09247786791731387,-1.5240589163552876
Mexico,0,1,3.0,0,1,0,0,0,1,-0.09247785593958034,-1.5240589163552876
Mexico,0,1,0.0,0,0,1,0,1,0,-0.09232773451685497,-1.5240589163552876
Mexico,0,1,0.0,1,0,0,0,1,0,-0.0923326839935489,-1.5240589163552876
Mexico,0,1,0.0,1,0,0,0,1,0,-0.09245807073646145,-1.254576282424356
Mexico,0,1,0.0,0,0,1,0,1,0,-0.09231288608677322,-1.254576282424356
Mexico,0,1,3.0,0,1,0,0,0,1,-0.09247786717489233,-1.254576282424356
Mexico,0,1,3.0,0,0,0,1,0,1,-0.09247786785132087,-1.254576282424356
Mexico,0,1,3.0,0,0,0,1,0,1,-0.09247786753785403,-0.9850936484934245
Mexico,0,1,3.0,0,1,0,0,0,1,-0.09247786237389988,-0.9850936484934245
Mexico,0,1,0.0,0,0,1,0,1,0,-0.09223039480854127,-0.9850936484934245
Mexico,0,1,0.0,1,0,0,0,1,0,-0.09239867701613445,-0.9850936484934245
Mexico,0,1,0.0,1,0,0,0,1,0,-0.09232608469129033,-0.715611014562493
Mexico,0,1,0.0,0,0,1,0,1,0,-0.09208191050772377,-0.715611014562493
Mexico,0,1,1.0,1,0,0,0,1,0,-0.09176844365044234,-0.715611014562493
Mexico,0,1,1.0,0,0,1,0,1,0,-0.09246631986428465,-0.715611014562493
Mexico,0,1,3.0,0,1,0,0,0,1,-0.09247645804234789,-0.715611014562493
Mexico,0,1,0.0,0,0,0,1,0,1,-0.09247758817288819,-0.715611014562493
Mexico,0,1,3.0,0,0,0,1,0,1,-0.09247786171397,-0.44612838063156146
Mexico,0,1,3.0,0,1,0,0,0,1,-0.09247778120248323,-0.44612838063156146
Mexico,0,1,1.0,0,0,1,0,1,0,-0.09160346109397845,-0.44612838063156146
Mexico,0,1,1.0,1,0,0,0,1,0,-0.09161995934962484,-0.44612838063156146
Mexico,0,1,0.0,0,0,1,0,1,0,-0.0911992538306419,-0.44612838063156146
Mexico,0,1,0.0,1,0,0,0,1,0,-0.09206541225207737,-0.44612838063156146
Mexico,0,1,0.0,1,0,0,0,1,0,-0.09209840876337015,-0.17664574670062994
Mexico,0,1,0.0,0,0,1,0,1,0,-0.09127349598105065,-0.17664574670062994
Mexico,0,1,1.0,1,0,0,0,1,0,-0.09087753784553729,-0.17664574670062994
Mexico,0,1,1.0,0,0,1,0,1,0,-0.09000313029627861,-0.17664574670062994
Mexico,0,1,3.0,0,1,0,0,0,1,-0.09247772675823375,-0.17664574670062994
Mexico,0,1,3.0,0,0,0,1,0,1,-0.09247785395978995,-0.17664574670062994
Mexico,0,1,3.0,0,0,0,1,0,1,-0.09247758817288819,0.09283688723030159
Mexico,0,1,3.0,0,1,0,0,0,1,-0.09247645804234789,0.09283688723030159
Mexico,0,1,1.0,0,0,1,0,1,0,-0.08736340939285621,0.09283688723030159
Mexico,0,1,1.0,1,0,0,0,1,0,-0.08983814773981472,0.09283688723030159
Mexico,0,1,0.0,0,0,1,0,1,0,-0.0911992538306419,0.09283688723030159
Mexico,0,1,0.0,1,0,0,0,1,0,-0.09214790353030933,0.09283688723030159
Mexico,0,1,0.0,1,0,0,0,1,0,-0.09176844365044234,0.3623195211612331
Mexico,0,1,0.0,0,0,1,0,1,0,-0.09049807796567032,0.3623195211612331
Mexico,0,1,1.0,1,0,0,0,1,0,-0.09016811285274251,0.3623195211612331
Mexico,0,1,1.0,0,0,1,0,1,0,-0.0911992538306419,0.3623195211612331
Mexico,0,1,3.0,0,1,0,0,0,1,-0.0924776376676571,0.3623195211612331
Mexico,0,1,0.0,0,0,0,1,0,1,-0.09247783399690074,0.3623195211612331
Mexico,0,1,3.0,0,0,0,1,0,1,-0.09247781089934212,0.6318021550921646
Mexico,0,1,3.0,0,1,0,0,0,1,-0.0924771262217527,0.6318021550921646
Mexico,0,1,0.0,0,0,1,0,1,0,-0.08191898502954748,0.6318021550921646
Mexico,0,1,1.0,1,0,0,0,1,0,-0.08917821751395912,0.6318021550921646
Mexico,0,1,0.0,0,0,1,0,1,0,-0.08736340939285621,0.6318021550921646
Mexico,0,1,0.0,1,0,0,0,1,0,-0.08950818262688691,0.6318021550921646
Mexico,0,1,0.0,1,0,0,0,1,0,-0.0875283919493201,0.9012847890230962
Mexico,0,1,0.0,0,0,1,0,1,0,-0.08241393269893918,0.9012847890230962
Mexico,0,1,1.0,1,0,0,0,1,0,-0.09176844365044234,0.9012847890230962
Mexico,0,1,1.0,0,0,1,0,1,0,-0.07614459555331096,0.9012847890230962
Mexico,0,1,3.0,0,1,0,0,0,1,-0.09247668076878338,0.9012847890230962
Mexico,0,1,3.0,0,0,0,1,0,1,-0.09247777130352822,0.9012847890230962
Mexico,0,1,3.0,0,0,0,1,0,1,-0.09247772180875931,1.1707674229540277
Mexico,0,1,3.0,0,1,0,0,0,1,-0.09247640029850819,1.1707674229540277
Mexico,0,1,1.0,1,0,0,0,1,0,-0.0858785663846811,1.1707674229540277
Mexico,0,1,0.0,0,0,1,0,1,0,-0.07597961299684705,1.1707674229540277
Mexico,0,1,0.0,1,0,0,0,1,0,-0.09176844365044234,1.1707674229540277
Mexico,0,1,1.0,0,0,1,0,1,0,-0.06938031073829103,1.1707674229540277
Mexico,0,1,1.0,0,0,1,0,1,0,-0.06608065960901302,1.4402500568849592
Mexico,0,1,0.0,1,0,0,0,1,0,-0.07103013630293004,1.4402500568849592
Mexico,0,1,0.0,0,0,1,0,1,0,-0.0911992538306419,1.4402500568849592
Mexico,0,1,1.0,1,0,0,0,1,0,-0.08884825240103131,0.09283688723030159
Mexico,0,1,3.0,0,1,0,0,0,1,-0.09247572387008177,1.4402500568849592
Mexico,0,1,3.0,0,0,0,1,0,1,-0.09247758817288819,1.4402500568849592
Netherlands,0,2,3.0,0,1,0,0,0,1,-0.09247773830701152,-2.063024184217151
Netherlands,0,0,3.0,0,0,0,1,0,1,-0.0924776211693926,-2.063024184217151
Netherlands,0,2,3.0,0,0,0,1,0,1,-0.09247785214498185,-2.063024184217151
Netherlands,0,1,3.0,0,1,0,0,0,1,-0.0924778273975974,-2.063024184217151
Netherlands,0,1,3.0,0,0,0,1,0,1,-0.0924778627038652,-2.063024184217151
Netherlands,0,1,1.0,0,0,1,0,1,0,-0.0924597205620261,-2.063024184217151
Netherlands,0,1,0.0,1,0,0,0,1,0,-0.09227988957548044,-2.063024184217151
Netherlands,0,1,0.0,0,0,1,0,1,0,-0.09203241574078459,-2.063024184217151
Netherlands,0,2,0.0,1,0,0,0,1,0,-0.0924135254462162,-2.063024184217151
Netherlands,0,0,3.0,0,0,1,0,1,0,-0.09245312125976754,-2.063024184217151
Netherlands,0,2,0.0,0,0,1,0,1,0,-0.09233598364467817,-2.063024184217151
Netherlands,0,2,0.0,0,0,1,0,1,0,-0.09221389655289489,-1.793541550286219
Netherlands,0,0,0.0,0,0,1,0,1,0,-0.09244157248081507,-1.793541550286219
Netherlands,0,2,0.0,1,0,0,0,1,0,-0.09235908120258311,-1.793541550286219
Netherlands,0,1,0.0,0,0,1,0,1,0,-0.09066306052213421,-1.793541550286219
Netherlands,0,1,0.0,1,0,0,0,1,0,-0.09176844365044234,-1.793541550286219
Netherlands,0,1,1.0,0,0,1,0,1,0,-0.0911992538306419,-1.793541550286219
Netherlands,0,1,1.0,1,0,0,0,1,0,-0.09244982160863827,-1.793541550286219
Netherlands,0,1,3.0,0,0,0,1,0,1,-0.0924778438958542,-1.793541550286219
Netherlands,0,1,3.0,0,1,0,0,0,1,-0.09247760467115268,-1.793541550286219
Netherlands,0,2,0.0,0,0,0,1,0,1,-0.092477840596201,-1.793541550286219
Netherlands,0,0,3.0,0,0,0,1,0,1,-0.09247750568161486,-1.793541550286219
Netherlands,0,2,3.0,0,1,0,0,0,1,-0.0924776706641738,-1.793541550286219
Netherlands,0,2,3.0,0,1,0,0,0,1,-0.09247689524619726,-1.5240589163552876
Netherlands,0,0,3.0,0,0,0,1,0,1,-0.09247747268511046,-1.5240589163552876
Netherlands,0,2,3.0,0,0,0,1,0,1,-0.09247777790283156,-1.5240589163552876
Netherlands,0,1,3.0,0,1,0,0,0,1,-0.09247621881767248,-1.5240589163552876
Netherlands,0,1,3.0,0,0,0,1,0,1,-0.09247773830701152,-1.5240589163552876
Netherlands,0,1,1.0,1,0,0,0,1,0,-0.08538361871528939,-1.5240589163552876
Netherlands,0,1,1.0,0,0,1,0,1,0,-0.0852186361588255,-1.5240589163552876
Netherlands,0,1,0.0,1,0,0,0,1,0,-0.0911745064471723,-1.5240589163552876
Netherlands,0,1,0.0,0,0,1,0,1,0,-0.08934320007042301,-1.5240589163552876
Netherlands,0,2,0.0,1,0,0,0,1,0,-0.09191692795125986,-1.5240589163552876
Netherlands,0,0,0.0,0,0,1,0,1,0,-0.09243992265525043,-1.5240589163552876
Netherlands,0,2,0.0,0,0,1,0,1,0,-0.091669454116564,-1.5240589163552876
Netherlands,0,2,0.0,0,0,1,0,1,0,-0.09137248551492899,-1.254576282424356
Netherlands,0,0,0.0,0,0,1,0,1,0,-0.0924135254462162,-1.254576282424356
Netherlands,0,2,0.0,1,0,0,0,1,0,-0.0921809000416021,-1.254576282424356
Netherlands,0,0,0.0,1,0,0,0,1,0,-0.09176844365044234,-1.254576282424356
Netherlands,0,1,0.0,0,0,1,0,1,0,-0.0855486012717533,-1.254576282424356
Netherlands,0,1,0.0,1,0,0,0,1,0,-0.0881883221751757,-1.254576282424356
Netherlands,0,1,1.0,0,0,1,0,1,0,-0.05288205509190096,-1.254576282424356
Netherlands,0,1,1.0,1,0,0,0,1,0,-0.05948135735045699,-1.254576282424356
Netherlands,0,1,3.0,0,0,0,1,0,1,-0.09247727470601025,-1.254576282424356
Netherlands,0,1,3.0,0,1,0,0,0,1,-0.0924687946026316,-1.254576282424356
Netherlands,0,2,3.0,0,0,0,1,0,1,-0.09247774490631486,-1.254576282424356
Netherlands,0,2,3.0,0,1,0,0,0,1,-0.09247729120429933,-1.254576282424356
Netherlands,0,0,3.0,0,0,0,1,0,1,-0.09247715921823253,-1.254576282424356
Netherlands,0,0,3.0,0,1,0,0,0,1,-0.0924764827898061,-1.254576282424356
Netherlands,0,0,3.0,0,1,0,0,0,1,-0.09247621881767248,-0.9850936484934245
Netherlands,0,0,3.0,0,0,0,1,0,1,-0.09247701073397498,-0.9850936484934245
Netherlands,0,2,3.0,0,1,0,0,0,1,-0.09247605383507669,-0.9850936484934245
Netherlands,0,2,3.0,0,0,0,1,0,1,-0.0924776376676571,-0.9850936484934245
Netherlands,0,1,3.0,0,1,0,0,0,1,-0.09247143432337769,-0.9850936484934245
Netherlands,0,1,3.0,0,0,0,1,0,1,-0.0924769612391569,-0.9850936484934245
Netherlands,0,1,1.0,1,0,0,0,1,0,-0.07267996186756905,-0.9850936484934245
Netherlands,0,1,1.0,0,0,1,0,1,0,-0.03143432275159388,-0.9850936484934245
Netherlands,0,1,0.0,1,0,0,0,1,0,-0.08802333961871181,-0.9850936484934245
Netherlands,0,1,0.0,0,0,1,0,1,0,-0.08125905480369187,-0.9850936484934245
Netherlands,0,1,2.0,1,0,0,0,1,0,-0.09247423902691625,-0.9850936484934245
Netherlands,0,1,2.0,0,0,1,0,1,0,-0.09247423902691625,-0.9850936484934245
Netherlands,0,0,0.0,1,0,0,0,1,0,-0.09176844365044234,-0.9850936484934245
Netherlands,0,2,0.0,1,0,0,0,1,0,-0.09150447156010011,-0.9850936484934245
Netherlands,0,0,0.0,0,0,1,0,1,0,-0.0911992538306419,-0.9850936484934245
Netherlands,0,2,0.0,0,0,1,0,1,0,-0.09033309540920642,-0.9850936484934245
Netherlands,0,2,0.0,0,0,1,0,1,0,-0.09000313029627861,-0.715611014562493
Netherlands,0,0,0.0,0,0,1,0,1,0,-0.09232608469129033,-0.715611014562493
Netherlands,0,0,2.0,0,0,1,0,1,0,-0.09247456899210785,-0.715611014562493
Netherlands,0,0,1.0,0,0,1,0,1,0,-0.09245807073646145,-0.715611014562493
Netherlands,0,2,0.0,1,0,0,0,1,0,-0.09204891399643098,-0.715611014562493
Netherlands,0,0,0.0,1,0,0,0,1,0,-0.09245807073646145,-0.715611014562493
Netherlands,0,1,2.0,0,0,1,0,1,0,-0.0911992538306419,0.09283688723030159
Netherlands,0,1,2.0,1,0,0,0,1,0,-0.09244652195750898,-0.715611014562493
Netherlands,0,1,0.0,0,0,1,0,1,0,-0.07696950833563046,-0.715611014562493
Netherlands,0,1,0.0,1,0,0,0,1,0,-0.0868684617234645,-0.715611014562493
Netherlands,0,2,2.0,0,0,1,0,1,0,-0.09247126934097857,-0.715611014562493
Netherlands,0,2,1.0,0,0,1,0,1,0,-0.09247456899210785,-0.715611014562493
Netherlands,0,1,1.0,0,0,1,0,1,0,0.0378583509632444,-0.715611014562493
Netherlands,0,1,1.0,1,0,0,0,1,0,-0.028134671622315865,-0.715611014562493
Netherlands,0,1,3.0,0,0,0,1,0,1,-0.09247605383507669,-0.715611014562493
Netherlands,0,1,3.0,0,1,0,0,0,1,-0.09246219530037306,-0.715611014562493
Netherlands,0,2,0.0,0,0,0,1,0,1,-0.09247760467115268,-0.715611014562493
Netherlands,0,2,3.0,0,1,0,0,0,1,-0.09247709322522371,-0.715611014562493
Netherlands,0,0,3.0,0,0,0,1,0,1,-0.09247605383507669,-0.715611014562493
Netherlands,0,0,3.0,0,1,0,0,0,1,-0.09247176428856929,-0.715611014562493
Netherlands,0,0,3.0,0,1,0,0,0,1,-0.09246170035238899,-0.44612838063156146
Netherlands,0,0,3.0,0,0,0,1,0,1,-0.09247489895729945,-0.44612838063156146
Netherlands,0,2,3.0,0,1,0,0,0,1,-0.09247715921823253,-0.44612838063156146
Netherlands,0,2,3.0,0,0,0,1,0,1,-0.09247758817288819,-0.44612838063156146
Netherlands,0,1,3.0,0,1,0,0,0,1,-0.09246829965464753,-0.44612838063156146
Netherlands,0,1,3.0,0,0,0,1,0,1,-0.09247555888748596,-0.44612838063156146
Netherlands,0,1,1.0,1,0,0,0,1,0,-0.09176844365044234,-0.44612838063156146
Netherlands,0,1,2.0,0,0,1,0,1,0,-0.09242342439960403,-0.44612838063156146
Netherlands,0,1,1.0,0,0,1,0,1,0,0.07085486225602453,-0.44612838063156146
Netherlands,0,2,1.0,0,0,1,0,1,0,-0.09247456899210785,-0.44612838063156146
Netherlands,0,2,2.0,0,0,1,0,1,0,-0.0911992538306419,-0.44612838063156146
Netherlands,0,1,0.0,1,0,0,0,1,0,-0.0858785663846811,-0.44612838063156146
Netherlands,0,1,0.0,0,0,1,0,1,0,-0.07103013630293004,-0.44612838063156146
Netherlands,0,1,2.0,1,0,0,0,1,0,-0.09246631986428465,-0.44612838063156146
Netherlands,0,0,0.0,1,0,0,0,1,0,-0.092345882598066,-0.44612838063156146
Netherlands,0,2,0.0,1,0,0,0,1,0,-0.09199941922949181,-0.44612838063156146
Netherlands,0,0,1.0,0,0,1,0,1,0,-0.09245642091089681,-0.44612838063156146
Netherlands,0,0,2.0,0,0,1,0,1,0,-0.0911992538306419,-0.44612838063156146
Netherlands,0,0,0.0,0,0,1,0,1,0,-0.0911992538306419,-0.44612838063156146
Netherlands,0,0,2.0,1,0,0,0,1,0,-0.09247621881767248,-0.44612838063156146
Netherlands,0,2,0.0,0,0,1,0,1,0,-0.0911992538306419,-0.44612838063156146
Netherlands,0,0,2.0,1,0,0,0,1,0,-0.09247291916654321,-0.17664574670062994
Netherlands,0,0,0.0,0,0,1,0,1,0,-0.09206541225207737,-0.17664574670062994
Netherlands,0,0,2.0,0,0,1,0,1,0,-0.09246796968984929,-0.17664574670062994
Netherlands,0,0,3.0,0,0,1,0,1,0,-0.09245642091089681,-0.17664574670062994
Netherlands,0,2,0.0,1,0,0,0,1,0,-0.09140548202622177,-0.17664574670062994
Netherlands,0,0,0.0,1,0,0,0,1,0,-0.09223039480854127,-0.17664574670062994
Netherlands,0,1,2.0,1,0,0,0,1,0,-0.09246631986428465,-0.17664574670062994
Netherlands,0,1,0.0,0,0,1,0,1,0,-0.0911992538306419,-0.17664574670062994
Netherlands,0,1,0.0,1,0,0,0,1,0,-0.07812438623087777,-0.17664574670062994
Netherlands,0,2,2.0,1,0,0,0,1,0,-0.09247621881767248,-0.17664574670062994
Netherlands,0,2,2.0,0,0,1,0,1,0,-0.09247291916654321,-0.17664574670062994
Netherlands,0,2,1.0,0,0,1,0,1,0,-0.09247456899210785,-0.17664574670062994
Netherlands,0,2,0.0,0,0,1,0,1,0,-0.0911992538306419,-0.17664574670062994
Netherlands,0,1,1.0,0,0,1,0,1,0,-0.0911992538306419,-0.17664574670062994
Netherlands,0,1,2.0,0,0,1,0,1,0,-0.0924135254462162,-0.17664574670062994
Netherlands,0,1,1.0,1,0,0,0,1,0,-0.0883533047316396,-0.17664574670062994
Netherlands,0,1,3.0,0,0,0,1,0,1,-0.09247555888748596,-0.17664574670062994
Netherlands,0,1,3.0,0,1,0,0,0,1,-0.09247489895729945,-0.17664574670062994
Netherlands,0,2,3.0,0,0,0,1,0,1,-0.09247748918335037,-0.17664574670062994
Netherlands,0,2,3.0,0,1,0,0,0,1,-0.09247664777230356,-0.17664574670062994
Netherlands,0,0,3.0,0,0,0,1,0,1,-0.09247341411413393,-0.17664574670062994
Netherlands,0,0,3.0,0,1,0,0,0,1,-0.09245477108533218,-0.17664574670062994
Netherlands,0,0,3.0,0,1,0,0,0,1,-0.09244982160863827,0.09283688723030159
Netherlands,0,0,3.0,0,0,0,1,0,1,-0.09247159930617016,0.09283688723030159
Netherlands,0,2,0.0,0,1,0,0,0,1,-0.09247605383507669,0.09283688723030159
Netherlands,0,2,3.0,0,0,0,1,0,1,-0.09247734069906824,0.09283688723030159
Netherlands,0,1,3.0,0,1,0,0,0,1,-0.092470114463398,0.09283688723030159
Netherlands,0,1,3.0,0,0,0,1,0,1,-0.09247522892229437,0.09283688723030159
Netherlands,0,1,1.0,1,0,0,0,1,0,-0.08406375826357819,0.09283688723030159
Netherlands,0,1,2.0,0,0,1,0,1,0,-0.0911992538306419,0.09283688723030159
Netherlands,0,1,1.0,0,0,1,0,1,0,0.0642555599974685,0.09283688723030159
Netherlands,0,2,0.0,0,0,1,0,1,0,-0.08736340939285621,0.09283688723030159
Netherlands,0,2,1.0,0,0,1,0,1,0,-0.09247291916654321,0.09283688723030159
Netherlands,0,2,2.0,0,0,1,0,1,0,-0.09246961951541392,0.09283688723030159
Netherlands,0,2,2.0,1,0,0,0,1,0,-0.09247456899210785,0.09283688723030159
Netherlands,0,1,0.0,1,0,0,0,1,0,-0.09176844365044234,0.09283688723030159
Netherlands,0,1,0.0,0,0,1,0,1,0,-0.019885543799120834,0.09283688723030159
Netherlands,0,1,2.0,1,0,0,0,1,0,-0.09245642091089681,0.09283688723030159
Netherlands,0,0,0.0,1,0,0,0,1,0,-0.09229638783112683,0.09283688723030159
Netherlands,0,2,0.0,1,0,0,0,1,0,-0.09082804307859811,0.09283688723030159
Netherlands,0,0,3.0,0,0,1,0,1,0,-0.09245642091089681,0.09283688723030159
Netherlands,0,0,2.0,0,0,1,0,1,0,-0.09246796968984929,0.09283688723030159
Netherlands,0,0,0.0,0,0,1,0,1,0,-0.0911992538306419,0.09283688723030159
Netherlands,0,0,3.0,0,0,1,0,1,0,-0.09127349598105065,0.3623195211612331
Netherlands,0,0,2.0,1,0,0,0,1,0,-0.09247621881767248,0.3623195211612331
Netherlands,0,0,2.0,0,0,1,0,1,0,-0.09246631986428465,0.3623195211612331
Netherlands,0,0,1.0,0,0,1,0,1,0,-0.0911992538306419,0.3623195211612331
Netherlands,0,2,0.0,1,0,0,0,1,0,-0.09016811285274251,0.3623195211612331
Netherlands,0,0,0.0,1,0,0,0,1,0,-0.0918509349286743,0.3623195211612331
Netherlands,0,1,2.0,1,0,0,0,1,0,-0.09221389655289489,0.3623195211612331
Netherlands,0,1,0.0,0,0,1,0,1,0,-0.0911992538306419,0.3623195211612331
Netherlands,0,1,0.0,1,0,0,0,1,0,-0.09176844365044234,0.3623195211612331
Netherlands,0,2,2.0,0,0,1,0,1,0,-0.09246961951541392,0.3623195211612331
Netherlands,0,2,1.0,0,0,1,0,1,0,-0.09247291916654321,0.3623195211612331
Netherlands,0,2,0.0,0,0,1,0,1,0,-0.08538361871528939,0.3623195211612331
Netherlands,0,1,1.0,0,0,1,0,1,0,-0.0911992538306419,0.3623195211612331
Netherlands,0,1,2.0,0,0,1,0,1,0,-0.09213140527466293,0.3623195211612331
Netherlands,0,1,1.0,1,0,0,0,1,0,-0.08142403736015578,0.09283688723030159
Netherlands,0,1,3.0,0,0,0,1,0,1,-0.09247407404451713,0.3623195211612331
Netherlands,0,1,3.0,0,1,0,0,0,1,-0.0924597205620261,0.3623195211612331
Netherlands,0,2,3.0,0,0,0,1,0,1,-0.09247714271999262,0.3623195211612331
Netherlands,0,2,3.0,0,1,0,0,0,1,-0.09247645804234789,0.3623195211612331
Netherlands,0,0,3.0,0,0,0,1,0,1,-0.09246401010912352,0.3623195211612331
Netherlands,0,0,3.0,0,1,0,0,0,1,-0.09241517527178084,0.3623195211612331
Netherlands,0,0,3.0,0,1,0,0,0,1,-0.09237062998153558,0.6318021550921646
Netherlands,0,0,3.0,0,0,0,1,0,1,-0.09245642091089681,0.6318021550921646
Netherlands,0,2,3.0,0,1,0,0,0,1,-0.09247390906172465,0.6318021550921646
Netherlands,0,2,3.0,0,0,0,1,0,1,-0.09247758817288819,0.6318021550921646
Netherlands,0,1,3.0,0,1,0,0,0,1,-0.0924514714342029,0.6318021550921646
Netherlands,0,1,0.0,0,0,0,1,0,1,-0.09247758817288819,0.6318021550921646
Netherlands,0,1,1.0,1,0,0,0,1,0,-0.062781008479735,0.6318021550921646
Netherlands,0,1,2.0,0,0,1,0,1,0,-0.09188393143996708,0.6318021550921646
Netherlands,0,1,1.0,0,0,1,0,1,0,0.06920503669138553,0.6318021550921646
Netherlands,0,2,0.0,0,0,1,0,1,0,-0.08274389781186699,0.6318021550921646
Netherlands,0,2,1.0,0,0,1,0,1,0,-0.09242837387629796,0.6318021550921646
Netherlands,0,2,2.0,0,0,1,0,1,0,-0.09245807073646145,0.6318021550921646
Netherlands,0,1,0.0,1,0,0,0,1,0,0.03290887426932738,0.6318021550921646
Netherlands,0,1,0.0,0,0,1,0,1,0,0.187992477345394,0.6318021550921646
Netherlands,0,1,2.0,1,0,0,0,1,0,-0.09219739829724849,0.6318021550921646
Netherlands,0,2,1.0,1,0,0,0,1,0,-0.09242342439960403,0.6318021550921646
Netherlands,0,0,0.0,1,0,0,0,1,0,-0.09173544713914956,0.6318021550921646
Netherlands,0,2,0.0,1,0,0,0,1,0,-0.0896731651833508,0.6318021550921646
Netherlands,0,0,1.0,0,0,1,0,1,0,-0.09231453591233786,0.6318021550921646
Netherlands,0,0,2.0,0,0,1,0,1,0,-0.09246961951541392,0.6318021550921646
Netherlands,0,0,0.0,0,0,1,0,1,0,-0.09049807796567032,0.6318021550921646
Netherlands,0,0,0.0,0,0,1,0,1,0,-0.09033309540920642,0.9012847890230962
Netherlands,0,0,2.0,1,0,0,0,1,0,-0.09241682509734549,0.9012847890230962
Netherlands,0,0,2.0,0,0,1,0,1,0,-0.09241022579508693,0.9012847890230962
Netherlands,0,0,1.0,0,0,1,0,1,0,-0.09231453591233786,0.9012847890230962
Netherlands,0,2,0.0,1,0,0,0,1,0,-0.0870334442799284,0.9012847890230962
Netherlands,0,0,0.0,1,0,0,0,1,0,-0.09223039480854127,0.9012847890230962
Netherlands,0,2,1.0,1,0,0,0,1,0,-0.09240197666726373,0.9012847890230962
Netherlands,0,1,0.0,1,0,0,0,1,0,-0.09224689306418767,0.9012847890230962
Netherlands,0,1,0.0,0,0,1,0,1,0,0.3034802668701244,0.9012847890230962
Netherlands,0,1,0.0,1,0,0,0,1,0,0.02300992088149334,0.9012847890230962
Netherlands,0,2,2.0,0,0,1,0,1,0,-0.09245642091089681,0.9012847890230962
Netherlands,0,2,1.0,0,0,1,0,1,0,-0.0911992538306419,0.9012847890230962
Netherlands,0,2,0.0,0,0,1,0,1,0,-0.07762943856148606,0.9012847890230962
Netherlands,0,1,1.0,0,0,1,0,1,0,0.1384977104062238,0.9012847890230962
Netherlands,0,1,2.0,0,0,1,0,1,0,-0.091669454116564,0.9012847890230962
Netherlands,0,1,0.0,1,0,0,0,1,0,-0.02648484605767686,0.9012847890230962
Netherlands,0,1,3.0,0,0,0,1,0,1,-0.0924707743929945,0.9012847890230962
Netherlands,0,1,3.0,0,1,0,0,0,1,-0.09244652195750898,0.9012847890230962
Netherlands,0,2,3.0,0,0,0,1,0,1,-0.09247643329498802,0.9012847890230962
Netherlands,0,2,3.0,0,1,0,0,0,1,-0.09247645804234789,0.9012847890230962
Netherlands,0,0,3.0,0,0,0,1,0,1,-0.09245312125976754,0.9012847890230962
Netherlands,0,0,3.0,0,1,0,0,0,1,-0.09241682509734549,0.9012847890230962
Netherlands,0,0,3.0,0,1,0,0,0,1,-0.09243662300412114,1.1707674229540277
Netherlands,0,0,3.0,0,0,0,1,0,1,-0.09247758817288819,1.1707674229540277
Netherlands,0,2,3.0,0,1,0,0,0,1,-0.09247645804234789,1.1707674229540277
Netherlands,0,2,3.0,0,0,0,1,0,1,-0.09247758817288819,1.1707674229540277
Netherlands,0,1,3.0,0,1,0,0,0,1,-0.0924349731785565,1.1707674229540277
Netherlands,0,1,3.0,0,0,0,1,0,1,-0.09246796968984929,1.1707674229540277
Netherlands,0,1,1.0,1,0,0,0,1,0,-0.009986590411286793,1.1707674229540277
Netherlands,0,1,2.0,0,0,1,0,1,0,-0.09148797330445373,1.1707674229540277
Netherlands,0,1,1.0,0,0,1,0,1,0,0.2209889886381741,1.1707674229540277
Netherlands,0,2,0.0,0,0,1,0,1,0,-0.0911992538306419,1.1707674229540277
Netherlands,0,2,1.0,0,0,1,0,1,0,-0.09226339131983405,0.09283688723030159
Netherlands,0,2,2.0,0,0,1,0,1,0,-0.09245642091089681,1.1707674229540277
Netherlands,0,1,0.0,1,0,0,0,1,0,0.05105695548035645,1.1707674229540277
Netherlands,0,1,0.0,0,0,1,0,1,0,0.45196456768763504,0.09283688723030159
Netherlands,0,1,2.0,1,0,0,0,1,0,-0.09233433381911353,1.1707674229540277
Netherlands,0,2,1.0,1,0,0,0,1,0,-0.09242012474847476,1.1707674229540277
Netherlands,0,0,0.0,1,0,0,0,1,0,-0.09231453591233786,1.1707674229540277
Netherlands,0,2,0.0,1,0,0,0,1,0,-0.08422874082004209,1.1707674229540277
Netherlands,0,0,1.0,0,0,1,0,1,0,-0.09231288608677322,1.1707674229540277
Netherlands,0,0,2.0,0,0,1,0,1,0,-0.09238712823718198,1.1707674229540277
Netherlands,0,0,2.0,1,0,0,0,1,0,-0.09245477108533218,1.1707674229540277
Netherlands,0,0,0.0,0,0,1,0,1,0,-0.09016811285274251,1.1707674229540277
Netherlands,0,0,0.0,0,0,1,0,1,0,-0.08983814773981472,1.4402500568849592
Netherlands,0,0,2.0,1,0,0,0,1,0,-0.09246302021315538,1.4402500568849592
Netherlands,0,0,2.0,0,0,1,0,1,0,-0.09237227980710022,1.4402500568849592
Netherlands,0,0,1.0,0,0,1,0,1,0,-0.09231783556346713,1.4402500568849592
Netherlands,0,2,0.0,1,0,0,0,1,0,-0.07597961299684705,1.4402500568849592
Netherlands,0,0,0.0,1,0,0,0,1,0,-0.09176844365044234,1.4402500568849592
Netherlands,0,2,1.0,1,0,0,0,1,0,-0.09232938434241961,1.4402500568849592
Netherlands,0,1,2.0,1,0,0,0,1,0,-0.09176844365044234,1.4402500568849592
Netherlands,0,1,0.0,0,0,1,0,1,0,0.6334453797979258,1.4402500568849592
Netherlands,0,1,0.0,1,0,0,0,1,0,0.12199945475983373,1.4402500568849592
Netherlands,0,2,2.0,0,0,1,0,1,0,-0.09245642091089681,1.4402500568849592
Netherlands,0,2,0.0,0,0,1,0,1,0,-0.09221389655289489,1.4402500568849592
Netherlands,0,2,0.0,0,0,1,0,1,0,-0.05453188065653997,1.4402500568849592
Netherlands,0,1,1.0,0,0,1,0,1,0,0.33647677816290456,1.4402500568849592
Netherlands,0,1,2.0,0,0,1,0,1,0,-0.09145497679316093,1.4402500568849592
Netherlands,0,1,1.0,1,0,0,0,1,0,0.0395081765278834,1.4402500568849592
Netherlands,0,1,3.0,0,0,0,1,0,1,-0.09246417509073594,1.4402500568849592
Netherlands,0,1,3.0,0,1,0,0,0,1,-0.09242012474847476,1.4402500568849592
Netherlands,0,2,3.0,0,0,0,1,0,1,-0.09247423902691625,1.4402500568849592
Netherlands,0,2,3.0,0,1,0,0,0,1,-0.09245807073646145,1.4402500568849592
Netherlands,0,0,3.0,0,0,0,1,0,1,-0.09244817178307362,1.4402500568849592
Netherlands,0,0,3.0,0,1,0,0,0,1,-0.09242672405073331,1.4402500568849592
New Zealand,0,0,0.0,0,0,1,0,1,0,-0.0911992538306419,-2.063024184217151
New Zealand,0,1,0.0,1,0,0,0,1,0,-0.09246137038759074,-2.063024184217151
New Zealand,0,1,0.0,0,0,1,0,1,0,-0.09245477108533218,0.09283688723030159
New Zealand,0,1,3.0,0,1,0,0,0,1,-0.09247785824933605,-2.063024184217151
New Zealand,0,0,3.0,0,0,0,1,0,1,-0.09247739019383715,-2.063024184217151
New Zealand,0,1,3.0,0,0,0,1,0,1,-0.09247786785132087,-2.063024184217151
New Zealand,0,1,3.0,0,0,0,1,0,1,-0.09247786700990986,-1.793541550286219
New Zealand,0,0,3.0,0,0,0,1,0,1,-0.09247737369554807,-1.793541550286219
New Zealand,0,1,3.0,0,1,0,0,0,1,-0.09247785230996412,-1.793541550286219
New Zealand,0,0,3.0,0,1,0,0,0,1,-0.09247645804234789,-1.793541550286219
New Zealand,0,1,0.0,0,0,1,0,1,0,-0.09243332335299187,-1.793541550286219
New Zealand,0,1,1.0,1,0,0,0,1,0,-0.09247456899210785,-1.793541550286219
New Zealand,0,1,1.0,0,0,1,0,1,0,-0.09247456899210785,-1.793541550286219
New Zealand,0,1,0.0,1,0,0,0,1,0,-0.09245642091089681,-1.793541550286219
New Zealand,0,0,0.0,0,0,1,0,1,0,-0.09237227980710022,-1.793541550286219
New Zealand,0,0,0.0,1,0,0,0,1,0,-0.09247456899210785,-1.793541550286219
New Zealand,0,0,0.0,1,0,0,0,1,0,-0.09176844365044234,-1.5240589163552876
New Zealand,0,0,0.0,0,0,1,0,1,0,-0.09237062998153558,-1.5240589163552876
New Zealand,0,1,0.0,1,0,0,0,1,0,-0.09244157248081507,-1.5240589163552876
New Zealand,0,1,1.0,0,0,1,0,1,0,-0.09246631986428465,-1.5240589163552876
New Zealand,0,1,1.0,1,0,0,0,1,0,-0.09246961951541392,-1.5240589163552876
New Zealand,0,1,0.0,0,0,1,0,1,0,-0.09239702719056982,-1.5240589163552876
New Zealand,0,0,3.0,0,1,0,0,0,1,-0.0924776706641738,-1.5240589163552876
New Zealand,0,1,3.0,0,1,0,0,0,1,-0.092477840596201,-1.5240589163552876
New Zealand,0,0,3.0,0,0,0,1,0,1,-0.09247737369554807,-1.5240589163552876
New Zealand,0,1,3.0,0,0,0,1,0,1,-0.0924778655085685,-1.5240589163552876
New Zealand,0,1,3.0,0,0,0,1,0,1,-0.09247786352877772,-1.254576282424356
New Zealand,0,0,3.0,0,0,0,1,0,1,-0.09247737369554807,-1.254576282424356
New Zealand,0,1,3.0,0,1,0,0,0,1,-0.0924778372965524,-1.254576282424356
New Zealand,0,1,0.0,0,0,1,0,1,0,-0.09234753242363064,-1.254576282424356
New Zealand,0,1,1.0,1,0,0,0,1,0,-0.09246796968984929,-1.254576282424356
New Zealand,0,1,1.0,0,0,1,0,1,0,-0.09245642091089681,-1.254576282424356
New Zealand,0,1,0.0,1,0,0,0,1,0,-0.09176844365044234,-1.254576282424356
New Zealand,0,0,0.0,0,0,1,0,1,0,-0.09237062998153558,-1.254576282424356
New Zealand,0,0,3.0,0,0,1,0,1,0,-0.09237062998153558,-0.9850936484934245
New Zealand,0,1,0.0,1,0,0,0,1,0,-0.09229638783112683,-0.9850936484934245
New Zealand,0,1,1.0,0,0,1,0,1,0,-0.09211490701901655,-0.9850936484934245
New Zealand,0,1,1.0,1,0,0,0,1,0,-0.09213140527466293,-0.9850936484934245
New Zealand,0,1,0.0,0,0,1,0,1,0,-0.09216440178595571,-0.9850936484934245
New Zealand,0,1,3.0,0,1,0,0,0,1,-0.0924776376676571,-0.9850936484934245
New Zealand,0,0,3.0,0,0,0,1,0,1,-0.09247758817288819,-0.9850936484934245
New Zealand,0,1,3.0,0,0,0,1,0,1,-0.0924778455456785,-0.9850936484934245
New Zealand,0,1,3.0,0,0,0,1,0,1,-0.0924778191484713,-0.715611014562493
New Zealand,0,0,3.0,0,0,0,1,0,1,-0.09247740669207706,-0.715611014562493
New Zealand,0,1,3.0,0,1,0,0,0,1,-0.09247737369554807,-0.715611014562493
New Zealand,0,1,0.0,0,0,1,0,1,0,-0.091669454116564,0.09283688723030159
New Zealand,0,1,1.0,1,0,0,0,1,0,-0.09214790353030933,-0.715611014562493
New Zealand,0,1,1.0,0,0,1,0,1,0,-0.09178494190608874,-0.715611014562493
New Zealand,0,1,0.0,1,0,0,0,1,0,-0.09198292097384542,-0.715611014562493
New Zealand,0,0,3.0,0,0,1,0,1,0,-0.0911992538306419,-0.715611014562493
New Zealand,0,0,0.0,0,0,1,0,1,0,-0.09237062998153558,-0.44612838063156146
New Zealand,0,1,0.0,1,0,0,0,1,0,-0.09049807796567032,-0.44612838063156146
New Zealand,0,1,1.0,0,0,1,0,1,0,-0.09122400121411148,-0.44612838063156146
New Zealand,0,1,0.0,1,0,0,0,1,0,-0.09191692795125986,-0.44612838063156146
New Zealand,0,1,0.0,0,0,1,0,1,0,-0.0911992538306419,-0.44612838063156146
New Zealand,0,1,3.0,0,1,0,0,0,1,-0.09247658177934391,-0.44612838063156146
New Zealand,0,0,3.0,0,0,0,1,0,1,-0.09247742319031697,-0.44612838063156146
New Zealand,0,1,3.0,0,0,0,1,0,1,-0.0924777366571949,-0.44612838063156146
New Zealand,0,1,3.0,0,0,0,1,0,1,-0.09247755517638377,-0.17664574670062994
New Zealand,0,0,3.0,0,0,0,1,0,1,-0.09247745618684597,-0.17664574670062994
New Zealand,0,1,3.0,0,1,0,0,0,1,-0.09247555888748596,0.09283688723030159
New Zealand,0,0,3.0,0,1,0,0,0,1,-0.09247780265021602,0.09283688723030159
New Zealand,0,1,0.0,0,0,1,0,1,0,-0.08488867104589769,-0.17664574670062994
New Zealand,0,1,1.0,1,0,0,0,1,0,-0.09158696283833206,-0.17664574670062994
New Zealand,0,1,1.0,0,0,1,0,1,0,-0.09033309540920642,-0.17664574670062994
New Zealand,0,1,0.0,1,0,0,0,1,0,-0.087693374505784,-0.17664574670062994
New Zealand,0,0,0.0,0,0,1,0,1,0,-0.0911992538306419,-0.17664574670062994
New Zealand,0,0,3.0,1,0,0,0,1,0,-0.09247621881767248,-0.17664574670062994
New Zealand,0,0,0.0,1,0,0,0,1,0,-0.0924597205620261,0.09283688723030159
New Zealand,0,0,3.0,0,0,1,0,1,0,-0.09235083207475991,0.09283688723030159
New Zealand,0,1,0.0,1,0,0,0,1,0,-0.0852186361588255,0.09283688723030159
New Zealand,0,1,1.0,0,0,1,0,1,0,-0.0883533047316396,0.09283688723030159
New Zealand,0,1,1.0,1,0,0,0,1,0,-0.09049807796567032,0.09283688723030159
New Zealand,0,1,0.0,0,0,1,0,1,0,-0.07779442111794997,0.09283688723030159
New Zealand,0,0,3.0,0,1,0,0,0,1,-0.09247715921823253,0.09283688723030159
New Zealand,0,1,3.0,0,1,0,0,0,1,-0.09247645804234789,0.09283688723030159
New Zealand,0,0,3.0,0,0,0,1,0,1,-0.09247740669207706,0.09283688723030159
New Zealand,0,1,3.0,0,0,0,1,0,1,-0.09247758817288819,0.09283688723030159
New Zealand,0,2,3.0,0,0,0,1,0,1,-0.09247765416592159,0.3623195211612331
New Zealand,0,0,3.0,0,0,0,1,0,1,-0.09247729120429933,0.3623195211612331
New Zealand,0,1,3.0,0,1,0,0,0,1,-0.09247407404451713,0.3623195211612331
New Zealand,0,2,3.0,0,1,0,0,0,1,-0.0924776706641738,0.3623195211612331
New Zealand,0,0,3.0,0,1,0,0,0,1,-0.09247699423573506,0.3623195211612331
New Zealand,0,1,0.0,0,0,1,0,1,0,-0.07103013630293004,0.3623195211612331
New Zealand,0,1,1.0,1,0,0,0,1,0,-0.09176844365044234,0.3623195211612331
New Zealand,0,1,2.0,1,0,0,0,1,0,-0.09247456899210785,0.3623195211612331
New Zealand,0,1,1.0,0,0,1,0,1,0,-0.0852186361588255,0.3623195211612331
New Zealand,0,1,2.0,0,0,1,0,1,0,-0.09247456899210785,0.3623195211612331
New Zealand,0,1,0.0,1,0,0,0,1,0,-0.08373379315065038,0.3623195211612331
New Zealand,0,0,0.0,0,0,1,0,1,0,-0.09231288608677322,0.3623195211612331
New Zealand,0,2,0.0,1,0,0,0,1,0,-0.09176844365044234,0.3623195211612331
New Zealand,0,2,0.0,0,0,1,0,1,0,-0.0911910047028187,0.3623195211612331
New Zealand,0,0,0.0,1,0,0,0,1,0,-0.09245642091089681,0.3623195211612331
New Zealand,0,1,3.0,0,0,0,1,0,1,-0.09247692824267709,0.3623195211612331
New Zealand,0,1,3.0,0,0,0,1,0,1,-0.09247668076878338,0.6318021550921646
New Zealand,0,0,3.0,1,0,0,0,1,0,-0.09244982160863827,0.6318021550921646
New Zealand,0,2,0.0,0,0,1,0,1,0,-0.09107551691329396,0.6318021550921646
New Zealand,0,2,0.0,1,0,0,0,1,0,-0.09234918224919528,0.6318021550921646
New Zealand,0,2,1.0,1,0,0,0,1,0,-0.09247621881767248,0.6318021550921646
New Zealand,0,2,1.0,0,0,1,0,1,0,-0.09247621881767248,0.6318021550921646
New Zealand,0,0,0.0,0,0,1,0,1,0,-0.09227988957548044,0.6318021550921646
New Zealand,0,1,2.0,0,0,1,0,1,0,-0.09246961951541392,0.6318021550921646
New Zealand,0,1,1.0,0,0,1,0,1,0,-0.08274389781186699,0.6318021550921646
New Zealand,0,1,2.0,1,0,0,0,1,0,-0.09247291916654321,0.6318021550921646
New Zealand,0,1,1.0,1,0,0,0,1,0,-0.09000313029627861,0.6318021550921646
New Zealand,0,1,0.0,0,0,1,0,1,0,-0.06443083404437401,0.6318021550921646
New Zealand,0,1,0.0,1,0,0,0,1,0,-0.08604354894114499,0.6318021550921646
New Zealand,0,0,3.0,0,1,0,0,0,1,-0.09247638380026828,0.6318021550921646
New Zealand,0,2,3.0,0,1,0,0,0,1,-0.0924776376676571,0.6318021550921646
New Zealand,0,1,3.0,0,1,0,0,0,1,-0.09247645804234789,0.6318021550921646
New Zealand,0,0,3.0,0,0,0,1,0,1,-0.09247722521129051,0.6318021550921646
New Zealand,0,2,3.0,0,0,0,1,0,1,-0.09247765416592159,0.6318021550921646
New Zealand,0,2,3.0,0,0,0,1,0,1,-0.0924776211693926,0.9012847890230962
New Zealand,0,0,3.0,0,0,0,1,0,1,-0.09247697773739681,0.9012847890230962
New Zealand,0,1,3.0,0,1,0,0,0,1,-0.09247225923616001,0.9012847890230962
New Zealand,0,2,0.0,0,1,0,0,0,1,-0.09247645804234789,0.9012847890230962
New Zealand,0,0,3.0,0,1,0,0,0,1,-0.09247308414894233,0.9012847890230962
New Zealand,0,1,0.0,1,0,0,0,1,0,-0.08125905480369187,0.9012847890230962
New Zealand,0,1,0.0,0,0,1,0,1,0,-0.04958240396262295,0.9012847890230962
New Zealand,0,1,1.0,1,0,0,0,1,0,-0.0867034791670006,0.9012847890230962
New Zealand,0,1,2.0,1,0,0,0,1,0,-0.09247621881767248,0.9012847890230962
New Zealand,0,1,1.0,0,0,1,0,1,0,-0.0911992538306419,0.9012847890230962
New Zealand,0,1,2.0,0,0,1,0,1,0,-0.09246796968984929,0.9012847890230962
New Zealand,0,0,0.0,0,0,1,0,1,0,-0.09219739829724849,0.9012847890230962
New Zealand,0,0,1.0,1,0,0,0,1,0,-0.09247621881767248,0.9012847890230962
New Zealand,0,0,1.0,0,0,1,0,1,0,-0.09247621881767248,0.9012847890230962
New Zealand,0,2,1.0,0,0,1,0,1,0,-0.09243662300412114,0.9012847890230962
New Zealand,0,2,0.0,1,0,0,0,1,0,-0.09244157248081507,0.9012847890230962
New Zealand,0,2,0.0,1,0,0,0,1,0,-0.09224689306418767,0.9012847890230962
New Zealand,0,2,0.0,0,0,1,0,1,0,-0.0911992538306419,0.9012847890230962
New Zealand,0,0,0.0,1,0,0,0,1,0,-0.09176844365044234,0.9012847890230962
New Zealand,0,2,2.0,0,0,1,0,1,0,-0.09246796968984929,0.9012847890230962
New Zealand,0,1,3.0,0,0,0,1,0,1,-0.09247605383507669,0.9012847890230962
New Zealand,0,1,3.0,0,0,0,1,0,1,-0.09247473397470364,1.1707674229540277
New Zealand,0,2,2.0,0,0,1,0,1,0,-0.09246796968984929,1.1707674229540277
New Zealand,0,0,0.0,1,0,0,0,1,0,-0.09229638783112683,1.1707674229540277
New Zealand,0,2,0.0,0,0,1,0,1,0,-0.0911992538306419,1.1707674229540277
New Zealand,0,2,0.0,1,0,0,0,1,0,-0.09176844365044234,1.1707674229540277
New Zealand,0,2,1.0,1,0,0,0,1,0,-0.09176844365044234,1.1707674229540277
New Zealand,0,2,1.0,0,0,1,0,1,0,-0.09235578155145384,1.1707674229540277
New Zealand,0,0,1.0,0,0,1,0,1,0,-0.09247621881767248,0.09283688723030159
New Zealand,0,0,0.0,0,0,1,0,1,0,-0.09204891399643098,1.1707674229540277
New Zealand,0,1,2.0,0,0,1,0,1,0,-0.0911992538306419,1.1707674229540277
New Zealand,0,1,1.0,0,0,1,0,1,0,-0.061131182915096,1.1707674229540277
New Zealand,0,1,2.0,1,0,0,0,1,0,-0.09246137038759074,1.1707674229540277
New Zealand,0,1,1.0,1,0,0,0,1,0,-0.07729947344855827,1.1707674229540277
New Zealand,0,1,0.0,0,0,1,0,1,0,-0.0911992538306419,1.1707674229540277
New Zealand,0,1,0.0,1,0,0,0,1,0,-0.061131182915096,1.1707674229540277
New Zealand,0,0,3.0,0,1,0,0,0,1,-0.09246796968984929,1.1707674229540277
New Zealand,0,2,3.0,0,1,0,0,0,1,-0.09247605383507669,1.1707674229540277
New Zealand,0,1,3.0,0,1,0,0,0,1,-0.0924597205620261,1.1707674229540277
New Zealand,0,0,3.0,0,0,0,1,0,1,-0.09247654878276575,1.1707674229540277
New Zealand,0,2,3.0,0,0,0,1,0,1,-0.09247752217987937,1.1707674229540277
New Zealand,0,2,0.0,0,0,0,1,0,1,-0.09247743968860606,1.4402500568849592
New Zealand,0,0,3.0,0,0,0,1,0,1,-0.09247621881767248,1.4402500568849592
New Zealand,0,1,3.0,0,1,0,0,0,1,-0.09245477108533218,1.4402500568849592
New Zealand,0,2,3.0,0,1,0,0,0,1,-0.09247539390489017,1.4402500568849592
New Zealand,0,0,3.0,0,1,0,0,0,1,-0.09246928955061567,1.4402500568849592
New Zealand,0,1,0.0,1,0,0,0,1,0,-0.04958240396262295,1.4402500568849592
New Zealand,0,1,0.0,0,0,1,0,1,0,-0.0911992538306419,1.4402500568849592
New Zealand,0,1,1.0,1,0,0,0,1,0,-0.09176844365044234,1.4402500568849592
New Zealand,0,1,2.0,1,0,0,0,1,0,-0.09247126934097857,1.4402500568849592
New Zealand,0,1,1.0,0,0,1,0,1,0,-0.042983101704066926,1.4402500568849592
New Zealand,0,1,2.0,0,0,1,0,1,0,-0.09244487213194434,1.4402500568849592
New Zealand,0,0,0.0,0,0,1,0,1,0,-0.09190042969561348,1.4402500568849592
New Zealand,0,0,1.0,0,0,1,0,1,0,-0.09247621881767248,1.4402500568849592
New Zealand,0,2,1.0,0,0,1,0,1,0,-0.0911992538306419,1.4402500568849592
New Zealand,0,2,1.0,1,0,0,0,1,0,-0.09245312125976754,1.4402500568849592
New Zealand,0,2,0.0,1,0,0,0,1,0,-0.09165295586091762,1.4402500568849592
New Zealand,0,2,0.0,0,0,1,0,1,0,-0.0911992538306419,1.4402500568849592
New Zealand,0,0,0.0,1,0,0,0,1,0,-0.09231288608677322,1.4402500568849592
New Zealand,0,1,3.0,0,0,0,1,0,1,-0.09247324913173481,1.4402500568849592
Norway,0,1,1.0,0,0,1,0,1,0,-0.09247456899210785,-2.063024184217151
Norway,0,1,0.0,1,0,0,0,1,0,-0.09188393143996708,-2.063024184217151
Norway,0,1,0.0,0,0,1,0,1,0,-0.08802333961871181,-2.063024184217151
Norway,0,2,0.0,1,0,0,0,1,0,-0.09247621881767248,-2.063024184217151
Norway,0,2,3.0,0,1,0,0,0,1,-0.09247645804234789,-2.063024184217151
Norway,0,1,3.0,0,1,0,0,0,1,-0.09247740669207706,-2.063024184217151
Norway,0,1,3.0,0,0,0,1,0,1,-0.0924776706641738,-2.063024184217151
Norway,0,1,3.0,0,0,0,1,0,1,-0.09247758817288819,-1.793541550286219
Norway,0,1,3.0,0,1,0,0,0,1,-0.09247555888748596,-1.793541550286219
Norway,0,2,3.0,0,1,0,0,0,1,-0.0924776706641738,0.09283688723030159
Norway,0,2,0.0,0,0,0,1,0,1,-0.0924778682802755,-1.793541550286219
Norway,0,2,0.0,1,0,0,0,1,0,-0.09176844365044234,-1.793541550286219
Norway,0,2,0.0,0,0,1,0,1,0,-0.09247621881767248,-1.793541550286219
Norway,0,1,0.0,0,0,1,0,1,0,-0.08604354894114499,-1.793541550286219
Norway,0,1,0.0,1,0,0,0,1,0,-0.08917821751395912,-1.793541550286219
Norway,0,1,1.0,0,0,1,0,1,0,-0.09247291916654321,-1.793541550286219
Norway,0,1,1.0,0,0,1,0,1,0,-0.09191692795125986,-1.5240589163552876
Norway,0,1,1.0,1,0,0,0,1,0,-0.09194992446255264,-1.5240589163552876
Norway,0,1,0.0,1,0,0,0,1,0,-0.08604354894114499,-1.5240589163552876
Norway,0,1,0.0,0,0,1,0,1,0,-0.07927926412612507,-1.5240589163552876
Norway,0,2,0.0,0,0,1,0,1,0,-0.09246961951541392,-1.5240589163552876
Norway,0,2,0.0,1,0,0,0,1,0,-0.09237722928379415,-1.5240589163552876
Norway,0,2,3.0,0,0,0,1,0,1,-0.09247786682842901,-1.5240589163552876
Norway,0,2,3.0,0,1,0,0,0,1,-0.09247755517638377,-1.5240589163552876
Norway,0,1,3.0,0,1,0,0,0,1,-0.09247275418414408,-1.5240589163552876
Norway,0,1,3.0,0,0,0,1,0,1,-0.09247727470601025,-1.5240589163552876
Norway,0,1,3.0,0,0,0,1,0,1,-0.09247681275489936,-1.254576282424356
Norway,0,1,3.0,0,1,0,0,0,1,-0.09246829965464753,-1.254576282424356
Norway,0,2,3.0,0,1,0,0,0,1,-0.09247588885248088,-1.254576282424356
Norway,0,2,3.0,0,0,0,1,0,1,-0.09247786699341148,-1.254576282424356
Norway,0,2,0.0,1,0,0,0,1,0,-0.09191692795125986,-1.254576282424356
Norway,0,2,0.0,0,0,1,0,1,0,-0.09246961951541392,-1.254576282424356
Norway,0,1,0.0,0,0,1,0,1,0,-0.0911992538306419,-1.254576282424356
Norway,0,1,0.0,1,0,0,0,1,0,-0.07944424668258897,-1.254576282424356
Norway,0,1,1.0,1,0,0,0,1,0,-0.09191692795125986,-1.254576282424356
Norway,0,1,1.0,0,0,1,0,1,0,-0.09138898377057537,-1.254576282424356
Norway,0,1,1.0,1,0,0,0,1,0,-0.0896731651833508,-0.9850936484934245
Norway,0,1,2.0,0,0,1,0,1,0,-0.09247126934097857,-0.9850936484934245
Norway,0,1,0.0,1,0,0,0,1,0,-0.05948135735045699,-0.9850936484934245
Norway,0,1,0.0,0,0,1,0,1,0,-0.0380336250101499,-0.9850936484934245
Norway,0,1,2.0,1,0,0,0,1,0,-0.09247126934097857,-0.9850936484934245
Norway,0,2,0.0,0,0,1,0,1,0,-0.09155396632703929,-0.9850936484934245
Norway,0,2,0.0,1,0,0,0,1,0,-0.09155396632703929,-0.9850936484934245
Norway,0,2,3.0,0,0,0,1,0,1,-0.0924776706641738,-0.9850936484934245
Norway,0,2,0.0,0,1,0,0,0,1,-0.09247456899210785,-0.9850936484934245
Norway,0,1,3.0,0,1,0,0,0,1,-0.09245312125976754,-0.9850936484934245
Norway,0,1,3.0,0,0,0,1,0,1,-0.09247555888748596,-0.9850936484934245
Norway,0,1,1.0,0,0,1,0,1,0,-0.08868326984456741,-0.9850936484934245
Norway,0,1,1.0,0,0,1,0,1,0,-0.07597961299684705,-0.715611014562493
Norway,0,1,3.0,0,0,0,1,0,1,-0.09247341411413393,-0.715611014562493
Norway,0,1,3.0,0,1,0,0,0,1,-0.09244157248081507,-0.715611014562493
Norway,0,2,0.0,0,1,0,0,0,1,-0.09247407404451713,-0.715611014562493
Norway,0,2,3.0,0,0,0,1,0,1,-0.09247743968860606,-0.715611014562493
Norway,0,2,0.0,1,0,0,0,1,0,-0.09130649249234343,-0.715611014562493
Norway,0,2,0.0,0,0,1,0,1,0,-0.09033309540920642,0.09283688723030159
Norway,0,1,2.0,1,0,0,0,1,0,-0.09246302021315538,-0.715611014562493
Norway,0,1,0.0,0,0,1,0,1,0,0.004861839670464266,-0.715611014562493
Norway,0,1,0.0,1,0,0,0,1,0,-0.04958240396262295,-0.715611014562493
Norway,0,1,2.0,0,0,1,0,1,0,-0.09245642091089681,0.09283688723030159
Norway,0,1,1.0,1,0,0,0,1,0,-0.07944424668258897,-0.715611014562493
Norway,0,1,1.0,1,0,0,0,1,0,-0.057831531785817986,-0.44612838063156146
Norway,0,1,2.0,0,0,1,0,1,0,-0.09241187562065156,-0.44612838063156146
Norway,0,0,3.0,0,1,0,0,0,1,-0.09247633430545021,-0.44612838063156146
Norway,0,1,0.0,1,0,0,0,1,0,-0.09176844365044234,-0.44612838063156146
Norway,0,1,0.0,0,0,1,0,1,0,0.044457653221800425,-0.44612838063156146
Norway,0,1,2.0,1,0,0,0,1,0,-0.09244487213194434,-0.44612838063156146
Norway,0,2,0.0,0,0,1,0,1,0,-0.08917821751395912,-0.44612838063156146
Norway,0,2,0.0,1,0,0,0,1,0,-0.09142198028186815,-0.44612838063156146
Norway,0,0,0.0,0,0,1,0,1,0,-0.09245642091089681,-0.44612838063156146
Norway,0,0,0.0,1,0,0,0,1,0,-0.09245642091089681,-0.44612838063156146
Norway,0,2,3.0,0,0,0,1,0,1,-0.09247722521129051,-0.44612838063156146
Norway,0,2,3.0,0,1,0,0,0,1,-0.09247473397470364,-0.44612838063156146
Norway,0,0,3.0,0,0,0,1,0,1,-0.0924777036606782,-0.44612838063156146
Norway,0,1,3.0,0,1,0,0,0,1,-0.0924300237018626,-0.44612838063156146
Norway,0,1,3.0,0,0,0,1,0,1,-0.0924707743929945,-0.44612838063156146
Norway,0,1,1.0,0,0,1,0,1,0,-0.041333276139427916,-0.44612838063156146
Norway,0,1,1.0,0,0,1,0,1,0,0.006511665235103273,-0.17664574670062994
Norway,0,1,3.0,0,0,0,1,0,1,-0.0924673097594661,-0.17664574670062994
Norway,0,1,3.0,0,1,0,0,0,1,-0.0924135254462162,-0.17664574670062994
Norway,0,0,3.0,0,0,0,1,0,1,-0.09247747268511046,-0.17664574670062994
Norway,0,2,3.0,0,1,0,0,0,1,-0.09247645804234789,-0.17664574670062994
Norway,0,2,3.0,0,0,0,1,0,1,-0.09247692824267709,-0.17664574670062994
Norway,0,0,0.0,1,0,0,0,1,0,-0.09244817178307362,-0.17664574670062994
Norway,0,0,0.0,0,0,1,0,1,0,-0.09242672405073331,-0.17664574670062994
Norway,0,2,0.0,1,0,0,0,1,0,-0.09176844365044234,-0.17664574670062994
Norway,0,2,0.0,0,0,1,0,1,0,-0.087693374505784,-0.17664574670062994
Norway,0,1,2.0,1,0,0,0,1,0,-0.09242837387629796,-0.17664574670062994
Norway,0,2,0.0,0,0,1,0,1,0,-0.09246137038759074,-0.17664574670062994
Norway,0,1,0.0,0,0,1,0,1,0,0.10550119911344367,-0.17664574670062994
Norway,0,1,0.0,1,0,0,0,1,0,-0.09176844365044234,-0.17664574670062994
Norway,0,0,3.0,0,1,0,0,0,1,-0.09247539390489017,-0.17664574670062994
Norway,0,1,2.0,0,0,1,0,1,0,-0.09236238085371239,-0.17664574670062994
Norway,0,1,1.0,1,0,0,0,1,0,-0.044632927268705935,-0.17664574670062994
Norway,0,1,1.0,1,0,0,0,1,0,-0.04793257839798395,0.09283688723030159
Norway,0,1,2.0,0,0,1,0,1,0,-0.09227988957548044,0.09283688723030159
Norway,0,1,2.0,1,0,0,0,1,0,-0.09240362649282836,0.09283688723030159
Norway,0,0,3.0,0,1,0,0,0,1,-0.09247645804234789,0.09283688723030159
Norway,0,1,0.0,1,0,0,0,1,0,-0.01658589266984282,0.09283688723030159
Norway,0,1,0.0,0,0,1,0,1,0,0.17149422169900394,0.09283688723030159
Norway,0,2,1.0,0,0,1,0,1,0,-0.09246137038759074,0.09283688723030159
Norway,0,2,0.0,0,0,1,0,1,0,-0.08472368848943379,0.09283688723030159
Norway,0,2,0.0,1,0,0,0,1,0,-0.08950818262688691,0.09283688723030159
Norway,0,0,0.0,0,0,1,0,1,0,-0.09240692614395765,0.09283688723030159
Norway,0,0,0.0,1,0,0,0,1,0,-0.09245807073646145,0.09283688723030159
Norway,0,2,3.0,0,0,0,1,0,1,-0.09247638380026828,0.09283688723030159
Norway,0,2,3.0,0,1,0,0,0,1,-0.0924694545330148,0.09283688723030159
Norway,0,0,3.0,0,0,0,1,0,1,-0.09247732420077916,0.09283688723030159
Norway,0,1,3.0,0,1,0,0,0,1,-0.09239702719056982,0.09283688723030159
Norway,0,1,3.0,0,0,0,1,0,1,-0.0924631851963412,0.09283688723030159
Norway,0,1,1.0,0,0,1,0,1,0,0.05105695548035645,0.09283688723030159
Norway,0,1,1.0,0,0,1,0,1,0,0.0890029434670536,0.09283688723030159
Norway,0,1,3.0,0,0,0,1,0,1,-0.09245807073646145,0.3623195211612331
Norway,0,1,3.0,0,1,0,0,0,1,-0.09238547841161734,0.3623195211612331
Norway,0,0,3.0,0,0,0,1,0,1,-0.09247539390489017,0.3623195211612331
Norway,0,2,0.0,0,1,0,0,0,1,-0.09246862962023249,0.3623195211612331
Norway,0,2,3.0,0,0,0,1,0,1,-0.09247758817288819,0.3623195211612331
Norway,0,0,0.0,1,0,0,0,1,0,-0.09176844365044234,0.3623195211612331
Norway,0,0,0.0,0,0,1,0,1,0,-0.09214790353030933,0.3623195211612331
Norway,0,2,0.0,1,0,0,0,1,0,-0.08917821751395912,0.3623195211612331
Norway,0,2,0.0,0,0,1,0,1,0,-0.08142403736015578,0.3623195211612331
Norway,0,2,1.0,0,0,1,0,1,0,-0.09246137038759074,0.3623195211612331
Norway,0,1,0.0,0,0,1,0,1,0,0.27048375557734433,0.3623195211612331
Norway,0,1,0.0,1,0,0,0,1,0,0.006511665235103273,0.3623195211612331
Norway,0,0,3.0,0,1,0,0,0,1,-0.09247645804234789,0.3623195211612331
Norway,0,1,2.0,1,0,0,0,1,0,-0.0924300237018626,0.3623195211612331
Norway,0,1,0.0,0,0,1,0,1,0,-0.0921809000416021,0.3623195211612331
Norway,0,1,0.0,1,0,0,0,1,0,-0.061131182915096,0.3623195211612331
Norway,0,1,1.0,1,0,0,0,1,0,-0.044632927268705935,0.6318021550921646
Norway,0,1,2.0,0,0,1,0,1,0,-0.0911992538306419,0.6318021550921646
Norway,0,1,2.0,1,0,0,0,1,0,-0.0924514714342029,0.6318021550921646
Norway,0,0,3.0,0,1,0,0,0,1,-0.0924432223063797,0.6318021550921646
Norway,0,1,0.0,1,0,0,0,1,0,0.03455869983396639,0.6318021550921646
Norway,0,1,0.0,0,0,1,0,1,0,0.4684628233340251,0.6318021550921646
Norway,0,2,1.0,0,0,1,0,1,0,-0.09240692614395765,0.6318021550921646
Norway,0,2,0.0,0,0,1,0,1,0,-0.07647456066623876,0.6318021550921646
Norway,0,2,0.0,0,0,1,0,1,0,-0.09247621881767248,0.6318021550921646
Norway,0,2,0.0,1,0,0,0,1,0,-0.0924597205620261,0.6318021550921646
Norway,0,2,0.0,1,0,0,0,1,0,-0.0881883221751757,0.6318021550921646
Norway,0,0,0.0,0,0,1,0,1,0,-0.09178494190608874,0.6318021550921646
Norway,0,0,2.0,0,0,1,0,1,0,-0.09246961951541392,0.6318021550921646
Norway,0,0,3.0,1,0,0,0,1,0,-0.09176844365044234,0.6318021550921646
Norway,0,0,0.0,1,0,0,0,1,0,-0.09209840876337015,0.6318021550921646
Norway,0,0,1.0,0,0,1,0,1,0,-0.09237392963266487,0.6318021550921646
Norway,0,2,3.0,0,0,0,1,0,1,-0.09247489895729945,0.6318021550921646
Norway,0,2,3.0,0,1,0,0,0,1,-0.0924638451259377,0.6318021550921646
Norway,0,0,3.0,0,0,0,1,0,1,-0.09247225923616001,0.6318021550921646
Norway,0,1,3.0,0,1,0,0,0,1,-0.0923541317258892,0.6318021550921646
Norway,0,1,3.0,0,0,0,1,0,1,-0.09244982160863827,0.6318021550921646
Norway,0,1,1.0,0,0,1,0,1,0,0.15499596605261387,0.6318021550921646
Norway,0,1,1.0,0,0,1,0,1,0,0.20449073299178405,0.9012847890230962
Norway,0,1,3.0,0,0,0,1,0,1,-0.0924432223063797,0.9012847890230962
Norway,0,1,3.0,0,1,0,0,0,1,-0.09233598364467817,0.9012847890230962
Norway,0,0,3.0,0,0,0,1,0,1,-0.09247093937618032,0.9012847890230962
Norway,0,2,3.0,0,1,0,0,0,1,-0.09246862962023249,0.9012847890230962
Norway,0,2,0.0,0,0,0,1,0,1,-0.09247423902691625,0.9012847890230962
Norway,0,0,0.0,1,0,0,0,1,0,-0.09231453591233786,0.9012847890230962
Norway,0,0,1.0,1,0,0,0,1,0,-0.09246961951541392,0.9012847890230962
Norway,0,0,0.0,0,0,1,0,1,0,-0.09161995934962484,0.9012847890230962
Norway,0,2,0.0,1,0,0,0,1,0,-0.08983814773981472,0.9012847890230962
Norway,0,0,1.0,0,0,1,0,1,0,-0.09236238085371239,0.9012847890230962
Norway,0,2,0.0,1,0,0,0,1,0,-0.09238217876048806,0.9012847890230962
Norway,0,2,2.0,0,0,1,0,1,0,-0.09247621881767248,0.9012847890230962
Norway,0,2,0.0,0,0,1,0,1,0,-0.07432978743220806,0.9012847890230962
Norway,0,2,1.0,0,0,1,0,1,0,-0.09196642271819903,0.9012847890230962
Norway,0,1,0.0,0,0,1,0,1,0,0.6499436354443158,0.9012847890230962
Norway,0,1,0.0,1,0,0,0,1,0,0.0890029434670536,0.9012847890230962
Norway,0,0,3.0,0,1,0,0,0,1,-0.09246302021315538,0.9012847890230962
Norway,0,1,2.0,1,0,0,0,1,0,-0.0924135254462162,0.9012847890230962
Norway,0,1,2.0,0,0,1,0,1,0,-0.09209840876337015,0.9012847890230962
Norway,0,1,1.0,1,0,0,0,1,0,-0.029784497186954872,0.09283688723030159
Norway,0,1,1.0,1,0,0,0,1,0,-0.06608065960901302,1.1707674229540277
Norway,0,1,2.0,0,0,1,0,1,0,-0.09204891399643098,1.1707674229540277
Norway,0,1,2.0,1,0,0,0,1,0,-0.09243332335299187,1.1707674229540277
Norway,0,0,3.0,0,1,0,0,0,1,-0.09239867701613445,1.1707674229540277
Norway,0,1,0.0,1,0,0,0,1,0,0.1384977104062238,1.1707674229540277
Norway,0,1,0.0,0,0,1,0,1,0,0.8809192144937767,1.1707674229540277
Norway,0,2,1.0,0,0,1,0,1,0,-0.09165295586091762,1.1707674229540277
Norway,0,2,0.0,0,0,1,0,1,0,-0.057831531785817986,1.1707674229540277
Norway,0,2,2.0,0,0,1,0,1,0,-0.09247621881767248,1.1707674229540277
Norway,0,2,1.0,1,0,0,0,1,0,-0.09211490701901655,1.1707674229540277
Norway,0,0,1.0,0,0,1,0,1,0,-0.09236403067927704,1.1707674229540277
Norway,0,2,0.0,1,0,0,0,1,0,-0.08092908969076408,1.1707674229540277
Norway,0,0,3.0,0,0,1,0,1,0,-0.09110851342458674,1.1707674229540277
Norway,0,0,2.0,0,0,1,0,1,0,-0.09246137038759074,0.09283688723030159
Norway,0,0,0.0,1,0,0,0,1,0,-0.09196642271819903,1.1707674229540277
Norway,0,2,3.0,0,0,0,1,0,1,-0.09247110435857944,1.1707674229540277
Norway,0,2,3.0,0,1,0,0,0,1,-0.0924382728296858,0.09283688723030159
Norway,0,0,3.0,0,0,0,1,0,1,-0.09246697979466785,0.09283688723030159
Norway,0,1,3.0,0,1,0,0,0,1,-0.09247645804234789,1.1707674229540277
Norway,0,1,3.0,0,0,0,1,0,1,-0.0924349731785565,1.1707674229540277
Norway,0,1,1.0,0,0,1,0,1,0,-0.0911992538306419,1.1707674229540277
Norway,0,1,1.0,0,0,1,0,1,0,0.25398549993095426,1.4402500568849592
Norway,0,1,3.0,0,0,0,1,0,1,-0.0924300237018626,1.4402500568849592
Norway,0,1,3.0,0,1,0,0,0,1,-0.0923244348657257,1.4402500568849592
Norway,0,0,3.0,0,0,0,1,0,1,-0.09246153537077656,1.4402500568849592
Norway,0,2,3.0,0,1,0,0,0,1,-0.0924300237018626,1.4402500568849592
Norway,0,2,3.0,0,0,0,1,0,1,-0.09246829965464753,1.4402500568849592
Norway,0,0,3.0,0,1,0,0,0,1,-0.09239042788831126,1.4402500568849592
Norway,0,0,0.0,1,0,0,0,1,0,-0.09158696283833206,1.4402500568849592
Norway,0,0,0.0,0,0,1,0,1,0,-0.09049807796567032,1.4402500568849592
Norway,0,2,0.0,1,0,0,0,1,0,-0.07795940367441387,1.4402500568849592
Norway,0,0,1.0,0,0,1,0,1,0,-0.09236568050484167,1.4402500568849592
Norway,0,2,1.0,1,0,0,0,1,0,-0.09226339131983405,1.4402500568849592
Norway,0,2,2.0,0,0,1,0,1,0,-0.09247621881767248,1.4402500568849592
Norway,0,2,0.0,0,0,1,0,1,0,-0.042983101704066926,1.4402500568849592
Norway,0,2,1.0,0,0,1,0,1,0,-0.09138898377057537,1.4402500568849592
Norway,0,1,0.0,0,0,1,0,1,0,1.0459017709576774,1.4402500568849592
Norway,0,1,0.0,1,0,0,0,1,0,-0.09176844365044234,1.4402500568849592
Norway,0,1,2.0,1,0,0,0,1,0,-0.09246796968984929,1.4402500568849592
Norway,0,1,2.0,0,0,1,0,1,0,-0.09199941922949181,1.4402500568849592
Norway,0,1,1.0,1,0,0,0,1,0,-0.07597961299684705,1.4402500568849592
Poland,0,2,0.0,1,0,0,0,1,0,-0.09247291916654321,-2.063024184217151
Poland,0,1,0.0,1,0,0,0,1,0,-0.09245312125976754,-2.063024184217151
Poland,0,1,1.0,1,0,0,0,1,0,-0.09247621881767248,-2.063024184217151
Poland,0,2,3.0,0,1,0,0,0,1,-0.09247785577459806,-2.063024184217151
Poland,0,1,3.0,0,1,0,0,0,1,-0.09247786072407403,-2.063024184217151
Poland,0,1,3.0,0,1,0,0,0,1,-0.0924778455456785,-1.793541550286219
Poland,0,2,0.0,0,1,0,0,0,1,-0.09247785775438845,-1.793541550286219
Poland,0,1,0.0,1,0,0,0,1,0,-0.09240692614395765,0.09283688723030159
Poland,0,2,0.0,1,0,0,0,1,0,-0.09247291916654321,-1.793541550286219
Poland,0,2,0.0,1,0,0,0,1,0,-0.0924514714342029,-1.5240589163552876
Poland,0,1,0.0,1,0,0,0,1,0,-0.092405276318393,-1.5240589163552876
Poland,0,1,1.0,1,0,0,0,1,0,-0.09247126934097857,-1.5240589163552876
Poland,0,2,3.0,0,1,0,0,0,1,-0.09247779935056434,-1.5240589163552876
Poland,0,1,3.0,0,1,0,0,0,1,-0.092477840596201,-1.5240589163552876
Poland,0,1,3.0,0,1,0,0,0,1,-0.09247784719550434,-1.254576282424356
Poland,0,2,3.0,0,1,0,0,0,1,-0.0924778273975974,0.09283688723030159
Poland,0,1,1.0,1,0,0,0,1,0,-0.09176844365044234,-1.254576282424356
Poland,0,1,0.0,1,0,0,0,1,0,-0.09242672405073331,-1.254576282424356
Poland,0,2,0.0,1,0,0,0,1,0,-0.09246137038759074,-1.254576282424356
Poland,0,2,0.0,1,0,0,0,1,0,-0.09246467003872001,-0.9850936484934245
Poland,0,1,0.0,1,0,0,0,1,0,-0.09224689306418767,-0.9850936484934245
Poland,0,1,1.0,1,0,0,0,1,0,-0.09237722928379415,-0.9850936484934245
Poland,0,2,3.0,0,1,0,0,0,1,-0.09247783894637823,-0.9850936484934245
Poland,0,1,3.0,0,1,0,0,0,1,-0.09247776635405379,-0.9850936484934245
Poland,0,1,3.0,0,1,0,0,0,1,-0.09247776800387655,-0.715611014562493
Poland,0,2,3.0,0,0,0,1,0,1,-0.09247786742236623,-0.715611014562493
Poland,0,2,3.0,0,1,0,0,0,1,-0.09247782244811989,-0.715611014562493
Poland,0,0,3.0,0,0,0,1,0,1,-0.09247783069724906,-0.715611014562493
Poland,0,1,3.0,0,0,0,1,0,1,-0.09247784884533018,-0.715611014562493
Poland,0,1,1.0,1,0,0,0,1,0,-0.09223039480854127,-0.715611014562493
Poland,0,1,0.0,1,0,0,0,1,0,-0.09236238085371239,-0.715611014562493
Poland,0,1,0.0,0,0,1,0,1,0,-0.0883533047316396,-0.715611014562493
Poland,0,2,0.0,1,0,0,0,1,0,-0.09176844365044234,-0.715611014562493
Poland,0,0,1.0,0,0,1,0,1,0,-0.09245477108533218,-0.715611014562493
Poland,0,2,0.0,0,0,1,0,1,0,-0.09244817178307362,-0.715611014562493
Poland,0,2,1.0,1,0,0,0,1,0,-0.09247456899210785,-0.715611014562493
Poland,0,2,0.0,0,0,1,0,1,0,-0.09243332335299187,-0.44612838063156146
Poland,0,0,1.0,0,0,1,0,1,0,-0.0924217745740394,-0.44612838063156146
Poland,0,2,0.0,1,0,0,0,1,0,-0.0924514714342029,-0.44612838063156146
Poland,0,1,0.0,0,0,1,0,1,0,-0.0911992538306419,-0.44612838063156146
Poland,0,1,0.0,1,0,0,0,1,0,-0.09229638783112683,-0.44612838063156146
Poland,0,1,1.0,1,0,0,0,1,0,-0.09181793841738152,-0.44612838063156146
Poland,0,1,3.0,0,0,0,1,0,1,-0.09247758817288819,-0.44612838063156146
Poland,0,0,3.0,0,0,0,1,0,1,-0.09247777790283156,-0.44612838063156146
Poland,0,2,3.0,0,1,0,0,0,1,-0.09247782409794572,-0.44612838063156146
Poland,0,2,3.0,0,0,0,1,0,1,-0.09247786682842901,-0.44612838063156146
Poland,0,1,3.0,0,1,0,0,0,1,-0.0924776706641738,-0.44612838063156146
Poland,0,1,3.0,0,1,0,0,0,1,-0.09247750568161486,-0.17664574670062994
Poland,0,2,0.0,0,0,0,1,0,1,-0.09247786649846389,-0.17664574670062994
Poland,0,2,3.0,0,1,0,0,0,1,-0.09247779110143824,-0.17664574670062994
Poland,0,0,3.0,0,0,0,1,0,1,-0.09247777790283156,-0.17664574670062994
Poland,0,1,3.0,0,0,0,1,0,1,-0.0924778455456785,-0.17664574670062994
Poland,0,1,1.0,1,0,0,0,1,0,-0.09142198028186815,0.09283688723030159
Poland,0,1,0.0,1,0,0,0,1,0,-0.09176844365044234,-0.17664574670062994
Poland,0,1,0.0,0,0,1,0,1,0,-0.08736340939285621,-0.17664574670062994
Poland,0,1,2.0,0,0,1,0,1,0,-0.09245477108533218,-0.17664574670062994
Poland,0,2,0.0,1,0,0,0,1,0,-0.09243167352742723,-0.17664574670062994
Poland,0,0,1.0,0,0,1,0,1,0,-0.0924217745740394,-0.17664574670062994
Poland,0,2,0.0,0,0,1,0,1,0,-0.0924217745740394,-0.17664574670062994
Poland,0,0,0.0,0,0,1,0,1,0,-0.09247621881767248,-0.17664574670062994
Poland,0,0,0.0,0,0,1,0,1,0,-0.09237392963266487,0.09283688723030159
Poland,0,0,0.0,1,0,0,0,1,0,-0.09237392963266487,0.09283688723030159
Poland,0,2,0.0,0,0,1,0,1,0,-0.09227988957548044,0.09283688723030159
Poland,0,0,1.0,1,0,0,0,1,0,-0.09241517527178084,0.09283688723030159
Poland,0,0,1.0,0,0,1,0,1,0,-0.09241517527178084,0.09283688723030159
Poland,0,2,0.0,1,0,0,0,1,0,-0.09240857596952229,0.09283688723030159
Poland,0,1,2.0,0,0,1,0,1,0,-0.09243167352742723,0.09283688723030159
Poland,0,1,0.0,0,0,1,0,1,0,-0.0911992538306419,0.09283688723030159
Poland,0,1,0.0,1,0,0,0,1,0,-0.09145497679316093,0.09283688723030159
Poland,0,1,1.0,1,0,0,0,1,0,-0.09122400121411148,0.09283688723030159
Poland,0,1,2.0,1,0,0,0,1,0,-0.09247621881767248,0.09283688723030159
Poland,0,0,3.0,0,1,0,0,0,1,-0.09247506393969857,0.09283688723030159
Poland,0,1,0.0,0,0,0,1,0,1,-0.09247783399690074,0.09283688723030159
Poland,0,0,3.0,0,0,0,1,0,1,-0.0924776211693926,0.09283688723030159
Poland,0,2,3.0,0,1,0,0,0,1,-0.09247776800387655,0.09283688723030159
Poland,0,2,3.0,0,0,0,1,0,1,-0.09247785907424896,0.09283688723030159
Poland,0,1,3.0,0,1,0,0,0,1,-0.09247743968860606,0.09283688723030159
Poland,0,1,3.0,0,1,0,0,0,1,-0.09247706022869472,0.3623195211612331
Poland,0,2,3.0,0,0,0,1,0,1,-0.09247783234707489,0.3623195211612331
Poland,0,2,3.0,0,1,0,0,0,1,-0.09247755517638377,0.3623195211612331
Poland,0,0,3.0,0,0,0,1,0,1,-0.09247722521129051,0.3623195211612331
Poland,0,1,3.0,0,0,0,1,0,1,-0.09247779110143824,0.3623195211612331
Poland,0,0,3.0,0,1,0,0,0,1,-0.09247588885248088,0.3623195211612331
Poland,0,2,1.0,0,0,1,0,1,0,-0.09247291916654321,0.3623195211612331
Poland,0,1,1.0,1,0,0,0,1,0,-0.09049807796567032,0.3623195211612331
Poland,0,1,0.0,1,0,0,0,1,0,-0.09000313029627861,0.3623195211612331
Poland,0,1,0.0,0,0,1,0,1,0,-0.0845587059329699,0.3623195211612331
Poland,0,1,2.0,0,0,1,0,1,0,-0.0911992538306419,0.3623195211612331
Poland,0,1,1.0,0,0,1,0,1,0,-0.0862085314976089,0.3623195211612331
Poland,0,2,0.0,1,0,0,0,1,0,-0.09226339131983405,0.3623195211612331
Poland,0,0,3.0,0,0,1,0,1,0,-0.09241517527178084,0.3623195211612331
Poland,0,0,1.0,1,0,0,0,1,0,-0.09176844365044234,0.3623195211612331
Poland,0,2,0.0,0,0,1,0,1,0,-0.091669454116564,0.3623195211612331
Poland,0,0,0.0,1,0,0,0,1,0,-0.09238877806274662,0.3623195211612331
Poland,0,0,0.0,0,0,1,0,1,0,-0.09209840876337015,0.3623195211612331
Poland,0,0,0.0,0,0,1,0,1,0,-0.09176844365044234,0.6318021550921646
Poland,0,0,0.0,1,0,0,0,1,0,-0.09214790353030933,0.6318021550921646
Poland,0,2,0.0,0,0,1,0,1,0,-0.0911992538306419,0.6318021550921646
Poland,0,2,1.0,1,0,0,0,1,0,-0.09247456899210785,0.6318021550921646
Poland,0,0,1.0,0,0,1,0,1,0,-0.09241517527178084,0.6318021550921646
Poland,0,2,0.0,1,0,0,0,1,0,-0.09211490701901655,0.6318021550921646
Poland,0,1,1.0,0,0,1,0,1,0,-0.0911992538306419,0.6318021550921646
Poland,0,1,2.0,0,0,1,0,1,0,-0.09243167352742723,0.6318021550921646
Poland,0,1,0.0,0,0,1,0,1,0,-0.07696950833563046,0.6318021550921646
Poland,0,1,0.0,1,0,0,0,1,0,-0.0863735140540728,0.6318021550921646
Poland,0,1,1.0,1,0,0,0,1,0,-0.0850536536023616,0.6318021550921646
Poland,0,2,1.0,0,0,1,0,1,0,-0.09246467003872001,0.6318021550921646
Poland,0,0,3.0,0,1,0,0,0,1,-0.09247645804234789,0.6318021550921646
Poland,0,1,3.0,0,0,0,1,0,1,-0.09247758817288819,0.6318021550921646
Poland,0,0,3.0,0,0,0,1,0,1,-0.09247669726712163,0.6318021550921646
Poland,0,2,3.0,0,1,0,0,0,1,-0.09247725820777034,0.6318021550921646
Poland,0,2,3.0,0,0,0,1,0,1,-0.09247758817288819,0.6318021550921646
Poland,0,1,3.0,0,1,0,0,0,1,-0.09247473397470364,0.6318021550921646
Poland,0,1,3.0,0,1,0,0,0,1,-0.09247645804234789,0.9012847890230962
Poland,0,2,3.0,0,0,0,1,0,1,-0.09247776470422488,0.9012847890230962
Poland,0,2,3.0,0,1,0,0,0,1,-0.09247605383507669,0.9012847890230962
Poland,0,0,3.0,0,0,0,1,0,1,-0.09247628481073047,0.9012847890230962
Poland,0,1,3.0,0,0,0,1,0,1,-0.09247755517638377,0.9012847890230962
Poland,0,0,3.0,0,1,0,0,0,1,-0.0924514714342029,0.9012847890230962
Poland,0,2,1.0,0,0,1,0,1,0,-0.09247126934097857,0.9012847890230962
Poland,0,1,2.0,1,0,0,0,1,0,-0.09234918224919528,0.9012847890230962
Poland,0,1,1.0,1,0,0,0,1,0,-0.07746445600502216,0.9012847890230962
Poland,0,1,0.0,1,0,0,0,1,0,-0.09176844365044234,0.9012847890230962
Poland,0,1,0.0,0,0,1,0,1,0,-0.062781008479735,0.9012847890230962
Poland,0,1,2.0,0,0,1,0,1,0,-0.09232773451685497,0.9012847890230962
Poland,0,1,1.0,0,0,1,0,1,0,-0.061131182915096,0.9012847890230962
Poland,0,2,0.0,1,0,0,0,1,0,-0.09109201516894036,0.9012847890230962
Poland,0,0,1.0,0,0,1,0,1,0,-0.09241517527178084,0.9012847890230962
Poland,0,2,1.0,1,0,0,0,1,0,-0.09247621881767248,0.9012847890230962
Poland,0,0,1.0,1,0,0,0,1,0,-0.09247621881767248,0.9012847890230962
Poland,0,2,0.0,0,0,1,0,1,0,-0.09000313029627861,0.9012847890230962
Poland,0,0,0.0,1,0,0,0,1,0,-0.09211490701901655,0.9012847890230962
Poland,0,0,0.0,0,0,1,0,1,0,-0.09148797330445373,0.9012847890230962
Poland,0,0,0.0,0,0,1,0,1,0,-0.0911992538306419,1.1707674229540277
Poland,0,0,0.0,1,0,0,0,1,0,-0.0921809000416021,1.1707674229540277
Poland,0,2,0.0,0,0,1,0,1,0,-0.08736340939285621,1.1707674229540277
Poland,0,0,1.0,1,0,0,0,1,0,-0.09176844365044234,1.1707674229540277
Poland,0,2,1.0,1,0,0,0,1,0,-0.09247621881767248,1.1707674229540277
Poland,0,0,1.0,0,0,1,0,1,0,-0.09241517527178084,1.1707674229540277
Poland,0,2,0.0,1,0,0,0,1,0,-0.09066306052213421,1.1707674229540277
Poland,0,1,1.0,0,0,1,0,1,0,-0.042983101704066926,1.1707674229540277
Poland,0,1,0.0,0,0,1,0,1,0,-0.09226339131983405,1.1707674229540277
Poland,0,1,0.0,0,0,1,0,1,0,-0.0911992538306419,1.1707674229540277
Poland,0,1,0.0,1,0,0,0,1,0,-0.06938031073829103,1.1707674229540277
Poland,0,1,1.0,1,0,0,0,1,0,-0.07432978743220806,1.1707674229540277
Poland,0,1,2.0,1,0,0,0,1,0,-0.09240197666726373,1.1707674229540277
Poland,0,2,1.0,0,0,1,0,1,0,-0.0911992538306419,1.1707674229540277
Poland,0,0,3.0,0,1,0,0,0,1,-0.0924514714342029,1.1707674229540277
Poland,0,1,3.0,0,0,0,1,0,1,-0.09247735719730815,1.1707674229540277
Poland,0,0,3.0,0,0,0,1,0,1,-0.09247572387008177,1.1707674229540277
Poland,0,2,3.0,0,1,0,0,0,1,-0.09247489895729945,1.1707674229540277
Poland,0,2,3.0,0,0,0,1,0,1,-0.09247765416592159,1.1707674229540277
Poland,0,1,3.0,0,1,0,0,0,1,-0.09246796968984929,1.1707674229540277
Poland,0,1,3.0,0,1,0,0,0,1,-0.09246697979466785,1.4402500568849592
Poland,0,2,3.0,0,0,0,1,0,1,-0.09247747268511046,1.4402500568849592
Poland,0,2,3.0,0,1,0,0,0,1,-0.09247159930617016,1.4402500568849592
Poland,0,0,3.0,0,0,0,1,0,1,-0.09247758817288819,1.4402500568849592
Poland,0,1,3.0,0,0,0,1,0,1,-0.09247706022869472,1.4402500568849592
Poland,0,0,3.0,0,1,0,0,0,1,-0.09247645804234789,1.4402500568849592
Poland,0,2,1.0,0,0,1,0,1,0,-0.09246796968984929,1.4402500568849592
Poland,0,1,2.0,1,0,0,0,1,0,-0.09234093312137209,1.4402500568849592
Poland,0,1,1.0,1,0,0,0,1,0,-0.07103013630293004,1.4402500568849592
Poland,0,1,0.0,1,0,0,0,1,0,-0.06443083404437401,1.4402500568849592
Poland,0,1,0.0,0,0,1,0,1,0,-0.00668693928200878,1.4402500568849592
Poland,0,1,2.0,0,0,1,0,1,0,-0.09213140527466293,1.4402500568849592
Poland,0,1,1.0,0,0,1,0,1,0,-0.014936067105203813,1.4402500568849592
Poland,0,2,0.0,1,0,0,0,1,0,-0.08851828728810351,1.4402500568849592
Poland,0,0,1.0,0,0,1,0,1,0,-0.0911992538306419,1.4402500568849592
Poland,0,0,1.0,1,0,0,0,1,0,-0.09247291916654321,1.4402500568849592
Poland,0,2,0.0,0,0,1,0,1,0,-0.08290888036833088,1.4402500568849592
Poland,0,0,0.0,1,0,0,0,1,0,-0.09188393143996708,1.4402500568849592
Poland,0,0,0.0,0,0,1,0,1,0,-0.09049807796567032,0.09283688723030159
Poland,0,0,2.0,1,0,0,0,1,0,-0.09176844365044234,1.4402500568849592
Poland,0,0,2.0,0,0,1,0,1,0,-0.0924217745740394,1.4402500568849592
Portugal,0,1,0.0,1,0,0,0,1,0,-0.09245642091089681,-2.063024184217151
Portugal,0,1,0.0,0,0,1,0,1,0,-0.09128999423669704,-2.063024184217151
Portugal,0,1,3.0,0,0,0,1,0,1,-0.0924778438958542,-2.063024184217151
Portugal,0,1,3.0,0,1,0,0,0,1,-0.09247785907424896,-2.063024184217151
Portugal,0,1,3.0,0,1,0,0,0,1,-0.09247645804234789,-1.793541550286219
Portugal,0,1,3.0,0,0,0,1,0,1,-0.0924778372965524,-1.793541550286219
Portugal,0,1,0.0,0,0,1,0,1,0,-0.09097652737941563,-1.793541550286219
Portugal,0,1,0.0,1,0,0,0,1,0,-0.09219739829724849,-1.793541550286219
Portugal,0,1,1.0,1,0,0,0,1,0,-0.09247456899210785,-1.793541550286219
Portugal,0,1,1.0,1,0,0,0,1,0,-0.09242837387629796,-1.5240589163552876
Portugal,0,1,0.0,1,0,0,0,1,0,-0.09238877806274662,-1.5240589163552876
Portugal,0,1,0.0,0,0,1,0,1,0,-0.09089403610118368,-1.5240589163552876
Portugal,0,1,0.0,0,0,0,1,0,1,-0.09247783069724906,-1.5240589163552876
Portugal,0,1,3.0,0,1,0,0,0,1,-0.09247772345858822,-1.5240589163552876
Portugal,0,1,3.0,0,1,0,0,0,1,-0.09247758817288819,-1.254576282424356
Portugal,0,1,3.0,0,0,0,1,0,1,-0.09247782409794572,-1.254576282424356
Portugal,0,2,3.0,0,1,0,0,0,1,-0.0924776211693926,-1.254576282424356
Portugal,0,1,0.0,0,0,1,0,1,0,-0.09066306052213421,-1.254576282424356
Portugal,0,1,0.0,1,0,0,0,1,0,-0.09223039480854127,-1.254576282424356
Portugal,0,1,1.0,1,0,0,0,1,0,-0.09242012474847476,-1.254576282424356
Portugal,0,1,1.0,0,0,1,0,1,0,-0.09241682509734549,-1.254576282424356
Portugal,0,2,0.0,1,0,0,0,1,0,-0.09243332335299187,-1.254576282424356
Portugal,0,2,0.0,1,0,0,0,1,0,-0.0924349731785565,-0.9850936484934245
Portugal,0,0,1.0,1,0,0,0,1,0,-0.09247456899210785,-0.9850936484934245
Portugal,0,1,1.0,0,0,1,0,1,0,-0.09240197666726373,-0.9850936484934245
Portugal,0,1,1.0,1,0,0,0,1,0,-0.0923161857379025,-0.9850936484934245
Portugal,0,1,0.0,1,0,0,0,1,0,-0.09216440178595571,-0.9850936484934245
Portugal,0,1,0.0,0,0,1,0,1,0,-0.0911992538306419,-0.9850936484934245
Portugal,0,2,3.0,0,1,0,0,0,1,-0.0924777036606782,-0.9850936484934245
Portugal,0,0,3.0,0,1,0,0,0,1,-0.0924764827898061,-0.9850936484934245
Portugal,0,1,3.0,0,0,0,1,0,1,-0.09247758817288819,-0.9850936484934245
Portugal,0,1,3.0,0,1,0,0,0,1,-0.09247753867811928,-0.9850936484934245
Portugal,0,1,3.0,0,1,0,0,0,1,-0.09247684575137918,-0.715611014562493
Portugal,0,1,0.0,0,0,0,1,0,1,-0.09247778120248323,-0.715611014562493
Portugal,0,1,0.0,0,0,1,0,1,0,-0.08917821751395912,-0.715611014562493
Portugal,0,1,0.0,1,0,0,0,1,0,-0.09176844365044234,-0.715611014562493
Portugal,0,1,1.0,1,0,0,0,1,0,-0.09176844365044234,-0.715611014562493
Portugal,0,1,1.0,0,0,1,0,1,0,-0.09160346109397845,-0.715611014562493
Portugal,0,1,1.0,0,0,1,0,1,0,-0.08983814773981472,-0.44612838063156146
Portugal,0,1,1.0,1,0,0,0,1,0,-0.09082804307859811,-0.44612838063156146
Portugal,0,1,0.0,1,0,0,0,1,0,-0.09115800819152592,-0.44612838063156146
Portugal,0,1,0.0,0,0,1,0,1,0,-0.0911992538306419,-0.44612838063156146
Portugal,0,1,3.0,0,0,0,1,0,1,-0.09247771520945597,-0.44612838063156146
Portugal,0,1,3.0,0,1,0,0,0,1,-0.09247643329498802,-0.44612838063156146
Portugal,0,1,3.0,0,1,0,0,0,1,-0.09247456899210785,-0.17664574670062994
Portugal,0,1,3.0,0,0,0,1,0,1,-0.09247755517638377,-0.17664574670062994
Portugal,0,0,3.0,0,1,0,0,0,1,-0.09247701073397498,-0.17664574670062994
Portugal,0,2,3.0,0,1,0,0,0,1,-0.09247694474091699,-0.17664574670062994
Portugal,0,0,3.0,0,0,0,1,0,1,-0.09247760467115268,-0.17664574670062994
Portugal,0,2,3.0,0,0,0,1,0,1,-0.09247785725944085,-0.17664574670062994
Portugal,0,1,0.0,0,0,1,0,1,0,-0.08472368848943379,-0.17664574670062994
Portugal,0,1,0.0,1,0,0,0,1,0,-0.08934320007042301,-0.17664574670062994
Portugal,0,2,0.0,0,0,1,0,1,0,-0.09235248190032457,-0.17664574670062994
Portugal,0,1,1.0,1,0,0,0,1,0,-0.0883533047316396,-0.17664574670062994
Portugal,0,0,3.0,1,0,0,0,1,0,-0.09176844365044234,-0.17664574670062994
Portugal,0,2,0.0,1,0,0,0,1,0,-0.09214790353030933,-0.17664574670062994
Portugal,0,0,0.0,0,0,1,0,1,0,-0.09243992265525043,-0.17664574670062994
Portugal,0,1,1.0,0,0,1,0,1,0,-0.0857135838282172,-0.17664574670062994
Portugal,0,1,1.0,0,0,1,0,1,0,-0.07927926412612507,0.09283688723030159
Portugal,0,0,0.0,0,0,1,0,1,0,-0.09242342439960403,0.09283688723030159
Portugal,0,0,3.0,1,0,0,0,1,0,-0.09246137038759074,0.09283688723030159
Portugal,0,2,0.0,1,0,0,0,1,0,-0.09204891399643098,0.09283688723030159
Portugal,0,1,1.0,1,0,0,0,1,0,-0.08604354894114499,0.09283688723030159
Portugal,0,2,0.0,0,0,1,0,1,0,-0.09193342620690625,0.09283688723030159
Portugal,0,1,0.0,1,0,0,0,1,0,-0.08538361871528939,0.09283688723030159
Portugal,0,1,0.0,0,0,1,0,1,0,-0.07812438623087777,0.09283688723030159
Portugal,0,2,3.0,0,0,0,1,0,1,-0.09247782079829713,0.09283688723030159
Portugal,0,0,3.0,0,0,0,1,0,1,-0.09247748918335037,0.09283688723030159
Portugal,0,2,0.0,0,1,0,0,0,1,-0.09247676326008128,0.09283688723030159
Portugal,0,0,3.0,0,1,0,0,0,1,-0.09247473397470364,0.09283688723030159
Portugal,0,1,3.0,0,0,0,1,0,1,-0.09247727470601025,0.09283688723030159
Portugal,0,1,0.0,0,1,0,0,0,1,-0.09247192927136176,0.09283688723030159
Portugal,0,1,3.0,0,1,0,0,0,1,-0.09246862962023249,0.3623195211612331
Portugal,0,1,3.0,0,0,0,1,0,1,-0.09247684575137918,0.3623195211612331
Portugal,0,0,3.0,0,1,0,0,0,1,-0.09246978449781305,0.3623195211612331
Portugal,0,2,3.0,0,1,0,0,0,1,-0.09247684575137918,0.3623195211612331
Portugal,0,0,3.0,0,0,0,1,0,1,-0.09247758817288819,0.3623195211612331
Portugal,0,2,3.0,0,0,0,1,0,1,-0.09247778945160934,0.3623195211612331
Portugal,0,1,0.0,0,0,1,0,1,0,-0.06608065960901302,0.3623195211612331
Portugal,0,1,0.0,1,0,0,0,1,0,-0.08125905480369187,0.3623195211612331
Portugal,0,2,0.0,0,0,1,0,1,0,-0.0911992538306419,0.3623195211612331
Portugal,0,0,1.0,0,0,1,0,1,0,-0.09246137038759074,0.3623195211612331
Portugal,0,1,1.0,1,0,0,0,1,0,-0.08290888036833088,0.3623195211612331
Portugal,0,2,0.0,1,0,0,0,1,0,-0.09176844365044234,0.3623195211612331
Portugal,0,0,1.0,1,0,0,0,1,0,-0.09246137038759074,0.3623195211612331
Portugal,0,0,0.0,1,0,0,0,1,0,-0.09244982160863827,0.3623195211612331
Portugal,0,0,0.0,0,0,1,0,1,0,-0.09239537736500518,0.3623195211612331
Portugal,0,1,1.0,0,0,1,0,1,0,-0.0911992538306419,0.3623195211612331
Portugal,0,1,1.0,0,0,1,0,1,0,-0.04958240396262295,0.6318021550921646
Portugal,0,0,0.0,0,0,1,0,1,0,-0.09237887910935878,0.6318021550921646
Portugal,0,0,0.0,1,0,0,0,1,0,-0.09176844365044234,0.6318021550921646
Portugal,0,2,0.0,1,0,0,0,1,0,-0.09203241574078459,0.6318021550921646
Portugal,0,1,1.0,1,0,0,0,1,0,-0.09176844365044234,0.6318021550921646
Portugal,0,0,1.0,0,0,1,0,1,0,-0.09246137038759074,0.6318021550921646
Portugal,0,2,0.0,0,0,1,0,1,0,-0.08934320007042301,0.6318021550921646
Portugal,0,1,0.0,1,0,0,0,1,0,-0.07960922923905288,0.6318021550921646
Portugal,0,1,0.0,0,0,1,0,1,0,-0.05453188065653997,0.6318021550921646
Portugal,0,2,3.0,0,0,0,1,0,1,-0.09247758817288819,0.6318021550921646
Portugal,0,0,3.0,0,0,0,1,0,1,-0.09247706022869472,0.09283688723030159
Portugal,0,2,3.0,0,1,0,0,0,1,-0.0924762353159124,0.6318021550921646
Portugal,0,0,3.0,0,1,0,0,0,1,-0.09247423902691625,0.6318021550921646
Portugal,0,1,3.0,0,0,0,1,0,1,-0.09247605383507669,0.6318021550921646
Portugal,0,1,3.0,0,1,0,0,0,1,-0.09245642091089681,0.6318021550921646
Portugal,0,1,3.0,0,1,0,0,0,1,-0.09244487213194434,0.9012847890230962
Portugal,0,1,3.0,0,0,0,1,0,1,-0.09247506393969857,0.9012847890230962
Portugal,0,0,3.0,0,1,0,0,0,1,-0.09246565993390146,0.9012847890230962
Portugal,0,2,3.0,0,1,0,0,0,1,-0.09247572387008177,0.9012847890230962
Portugal,0,0,3.0,0,0,0,1,0,1,-0.09247653228452583,0.9012847890230962
Portugal,0,2,3.0,0,0,0,1,0,1,-0.09247753867811928,0.9012847890230962
Portugal,0,1,0.0,0,0,1,0,1,0,-0.03143432275159388,0.9012847890230962
Portugal,0,0,2.0,0,0,1,0,1,0,-0.09247456899210785,0.9012847890230962
Portugal,0,2,1.0,1,0,0,0,1,0,-0.09246631986428465,0.9012847890230962
Portugal,0,2,1.0,0,0,1,0,1,0,-0.09246631986428465,0.9012847890230962
Portugal,0,1,2.0,1,0,0,0,1,0,-0.09247621881767248,0.9012847890230962
Portugal,0,1,0.0,1,0,0,0,1,0,-0.07103013630293004,0.9012847890230962
Portugal,0,2,0.0,0,0,1,0,1,0,-0.08868326984456741,0.9012847890230962
Portugal,0,0,1.0,0,0,1,0,1,0,-0.0911992538306419,0.9012847890230962
Portugal,0,1,1.0,1,0,0,0,1,0,-0.06608065960901302,0.9012847890230962
Portugal,0,2,0.0,1,0,0,0,1,0,-0.09188393143996708,0.9012847890230962
Portugal,0,0,1.0,1,0,0,0,1,0,-0.09247456899210785,0.9012847890230962
Portugal,0,0,3.0,1,0,0,0,1,0,-0.092405276318393,0.9012847890230962
Portugal,0,0,0.0,0,0,1,0,1,0,-0.09231288608677322,0.9012847890230962
Portugal,0,1,2.0,0,0,1,0,1,0,-0.09247291916654321,0.9012847890230962
Portugal,0,1,1.0,0,0,1,0,1,0,-0.024835020493037853,0.09283688723030159
Portugal,0,1,1.0,0,0,1,0,1,0,0.0015621885411862527,1.1707674229540277
Portugal,0,1,2.0,0,0,1,0,1,0,-0.09247291916654321,1.1707674229540277
Portugal,0,0,0.0,0,0,1,0,1,0,-0.09206541225207737,1.1707674229540277
Portugal,0,0,0.0,1,0,0,0,1,0,-0.09235248190032457,1.1707674229540277
Portugal,0,2,0.0,1,0,0,0,1,0,-0.09082804307859811,1.1707674229540277
Portugal,0,1,1.0,1,0,0,0,1,0,-0.06608065960901302,1.1707674229540277
Portugal,0,0,1.0,0,0,1,0,1,0,-0.09245807073646145,1.1707674229540277
Portugal,0,2,0.0,0,0,1,0,1,0,-0.0870334442799284,1.1707674229540277
Portugal,0,1,0.0,1,0,0,0,1,0,-0.062781008479735,1.1707674229540277
Portugal,0,2,1.0,0,0,1,0,1,0,-0.09246302021315538,1.1707674229540277
Portugal,0,2,1.0,1,0,0,0,1,0,-0.09247456899210785,1.1707674229540277
Portugal,0,0,2.0,0,0,1,0,1,0,-0.09247291916654321,1.1707674229540277
Portugal,0,1,0.0,0,0,1,0,1,0,-0.0033872881527307673,1.1707674229540277
Portugal,0,2,3.0,0,0,0,1,0,1,-0.09247737369554807,1.1707674229540277
Portugal,0,0,3.0,0,0,0,1,0,1,-0.09247506393969857,1.1707674229540277
Portugal,0,2,3.0,0,1,0,0,0,1,-0.0924707743929945,1.1707674229540277
Portugal,0,0,3.0,0,1,0,0,0,1,-0.09246912456742985,1.1707674229540277
Portugal,0,1,3.0,0,0,0,1,0,1,-0.09247374407932553,1.1707674229540277
Portugal,0,1,3.0,0,1,0,0,0,1,-0.09244157248081507,1.1707674229540277
Portugal,0,1,3.0,0,1,0,0,0,1,-0.09247645804234789,1.4402500568849592
Portugal,0,1,3.0,0,0,0,1,0,1,-0.09247143432337769,1.4402500568849592
Portugal,0,0,3.0,0,1,0,0,0,1,-0.09241847492291012,1.4402500568849592
Portugal,0,2,3.0,0,1,0,0,0,1,-0.09246368014275187,1.4402500568849592
Portugal,0,0,3.0,0,0,0,1,0,1,-0.09247192927136176,1.4402500568849592
Portugal,0,2,3.0,0,0,0,1,0,1,-0.09247709322522371,1.4402500568849592
Portugal,0,1,0.0,0,0,1,0,1,0,0.057656257738912475,1.4402500568849592
Portugal,0,0,2.0,0,0,1,0,1,0,-0.09247621881767248,0.09283688723030159
Portugal,0,2,1.0,0,0,1,0,1,0,-0.09246302021315538,1.4402500568849592
Portugal,0,1,2.0,1,0,0,0,1,0,-0.09247456899210785,1.4402500568849592
Portugal,0,1,0.0,1,0,0,0,1,0,-0.03308414831623289,1.4402500568849592
Portugal,0,2,0.0,0,0,1,0,1,0,-0.0845587059329699,1.4402500568849592
Portugal,0,0,1.0,0,0,1,0,1,0,-0.0924514714342029,1.4402500568849592
Portugal,0,1,1.0,1,0,0,0,1,0,-0.04793257839798395,1.4402500568849592
Portugal,0,2,0.0,1,0,0,0,1,0,-0.0883533047316396,1.4402500568849592
Portugal,0,0,0.0,1,0,0,0,1,0,-0.09188393143996708,1.4402500568849592
Portugal,0,0,0.0,0,0,1,0,1,0,-0.09153746807139289,0.09283688723030159
Portugal,0,0,2.0,1,0,0,0,1,0,-0.09247621881767248,1.4402500568849592
Portugal,0,1,2.0,0,0,1,0,1,0,-0.09247291916654321,1.4402500568849592
Portugal,0,1,0.0,0,0,1,0,1,0,0.04610747878643943,1.4402500568849592
Rest of the world,0,0,0.0,0,0,1,0,1,0,-0.0921809000416021,-2.063024184217151
Rest of the world,0,0,3.0,0,0,0,1,0,1,-0.09247786484863824,-2.063024184217151
Rest of the world,0,0,3.0,0,0,0,1,0,1,-0.09247786616849875,0.09283688723030159
Rest of the world,0,1,3.0,0,0,0,1,0,1,-0.09247786832977026,-1.793541550286219
Rest of the world,0,1,3.0,0,1,0,0,0,1,-0.09247786811529296,-1.793541550286219
Rest of the world,0,0,0.0,0,0,1,0,1,0,-0.09227988957548044,-1.793541550286219
Rest of the world,0,1,0.0,1,0,0,0,1,0,-0.09240857596952229,-1.793541550286219
Rest of the world,0,1,0.0,0,0,1,0,1,0,-0.0911992538306419,-1.793541550286219
Rest of the world,0,1,0.0,0,0,1,0,1,0,-0.0911992538306419,-1.5240589163552876
Rest of the world,0,1,0.0,1,0,0,0,1,0,-0.0918509349286743,-1.5240589163552876
Rest of the world,0,0,0.0,0,0,1,0,1,0,-0.09227988957548044,-1.5240589163552876
Rest of the world,0,1,1.0,1,0,0,0,1,0,-0.09236568050484167,-1.5240589163552876
Rest of the world,0,1,1.0,0,0,1,0,1,0,-0.09236568050484167,-1.5240589163552876
Rest of the world,0,1,3.0,0,1,0,0,0,1,-0.0924778627038652,-1.5240589163552876
Rest of the world,0,1,3.0,0,0,0,1,0,1,-0.09247786793381216,-1.5240589163552876
Rest of the world,0,0,3.0,0,0,0,1,0,1,-0.09247786633348141,-1.5240589163552876
Rest of the world,0,1,3.0,0,0,0,1,0,1,-0.09247786773583307,-1.254576282424356
Rest of the world,0,1,3.0,0,1,0,0,0,1,-0.09247786583853362,-1.254576282424356
Rest of the world,0,1,1.0,0,0,1,0,1,0,-0.0923326839935489,-1.254576282424356
Rest of the world,0,1,1.0,1,0,0,0,1,0,-0.0924432223063797,-1.254576282424356
Rest of the world,0,1,0.0,1,0,0,0,1,0,-0.09216440178595571,-1.254576282424356
Rest of the world,0,1,0.0,0,0,1,0,1,0,-0.09130649249234343,-1.254576282424356
Rest of the world,0,1,0.0,1,0,0,0,1,0,-0.09223039480854127,-0.9850936484934245
Rest of the world,0,1,1.0,1,0,0,0,1,0,-0.09176844365044234,-0.9850936484934245
Rest of the world,0,1,1.0,0,0,1,0,1,0,-0.091669454116564,-0.9850936484934245
Rest of the world,0,1,0.0,0,0,1,0,1,0,-0.0911992538306419,-0.9850936484934245
Rest of the world,0,1,3.0,0,1,0,0,0,1,-0.09247786154898696,-0.9850936484934245
Rest of the world,0,1,3.0,0,0,0,1,0,1,-0.09247786715839414,-0.9850936484934245
Rest of the world,0,1,3.0,0,0,0,1,0,1,-0.09247786204393456,-0.715611014562493
Rest of the world,0,1,0.0,0,1,0,0,0,1,-0.09247780594986768,-0.715611014562493
Rest of the world,0,1,0.0,0,0,1,0,1,0,-0.084393723376506,-0.715611014562493
Rest of the world,0,1,1.0,0,0,1,0,1,0,-0.09016811285274251,-0.715611014562493
Rest of the world,0,1,1.0,1,0,0,0,1,0,-0.09099302563506202,-0.715611014562493
Rest of the world,0,1,0.0,1,0,0,0,1,0,-0.0868684617234645,-0.715611014562493
Rest of the world,0,2,0.0,1,0,0,0,1,0,-0.09176844365044234,-0.715611014562493
Rest of the world,0,2,0.0,0,0,1,0,1,0,-0.0924432223063797,-0.715611014562493
Rest of the world,0,2,0.0,0,0,1,0,1,0,-0.0924135254462162,-0.44612838063156146
Rest of the world,0,2,0.0,1,0,0,0,1,0,-0.09244817178307362,-0.44612838063156146
Rest of the world,0,1,0.0,1,0,0,0,1,0,-0.0910260221463548,-0.44612838063156146
Rest of the world,0,1,1.0,1,0,0,0,1,0,-0.09132299074798982,-0.44612838063156146
Rest of the world,0,1,1.0,0,0,1,0,1,0,-0.0890132349574952,-0.44612838063156146
Rest of the world,0,1,0.0,0,0,1,0,1,0,-0.08323884548125869,-0.44612838063156146
Rest of the world,0,1,3.0,0,1,0,0,0,1,-0.09247784224602684,-0.44612838063156146
Rest of the world,0,1,3.0,0,0,0,1,0,1,-0.09247786072407403,-0.44612838063156146
Rest of the world,0,1,3.0,0,0,0,1,0,1,-0.09247785874428364,-0.17664574670062994
Rest of the world,0,1,3.0,0,1,0,0,0,1,-0.09247645804234789,-0.17664574670062994
Rest of the world,0,0,3.0,0,0,0,1,0,1,-0.09247786791731387,-0.17664574670062994
Rest of the world,0,0,3.0,0,1,0,0,0,1,-0.09247786105403936,-0.17664574670062994
Rest of the world,0,1,0.0,0,0,1,0,1,0,-0.08043414202137238,-0.17664574670062994
Rest of the world,0,1,1.0,0,0,1,0,1,0,-0.0881883221751757,-0.17664574670062994
Rest of the world,0,1,0.0,1,0,0,0,1,0,-0.09153746807139289,-0.17664574670062994
Rest of the world,0,1,0.0,1,0,0,0,1,0,-0.08934320007042301,-0.17664574670062994
Rest of the world,0,2,0.0,1,0,0,0,1,0,-0.09242342439960403,-0.17664574670062994
Rest of the world,0,2,0.0,0,0,1,0,1,0,-0.09236073102814775,-0.17664574670062994
Rest of the world,0,0,0.0,1,0,0,0,1,0,-0.09240362649282836,-0.17664574670062994
Rest of the world,0,0,0.0,0,0,1,0,1,0,-0.09240362649282836,-0.17664574670062994
Rest of the world,0,0,0.0,0,0,1,0,1,0,-0.0911992538306419,0.09283688723030159
Rest of the world,0,0,0.0,1,0,0,0,1,0,-0.09211490701901655,0.09283688723030159
Rest of the world,0,0,1.0,1,0,0,0,1,0,-0.09241187562065156,0.09283688723030159
Rest of the world,0,0,1.0,0,0,1,0,1,0,-0.09241187562065156,0.09283688723030159
Rest of the world,0,2,0.0,0,0,1,0,1,0,-0.09226339131983405,0.09283688723030159
Rest of the world,0,2,0.0,1,0,0,0,1,0,-0.09237887910935878,0.09283688723030159
Rest of the world,0,1,0.0,1,0,0,0,1,0,-0.0896731651833508,0.09283688723030159
Rest of the world,0,1,1.0,1,0,0,0,1,0,-0.08868326984456741,0.09283688723030159
Rest of the world,0,1,1.0,0,0,1,0,1,0,-0.084393723376506,0.09283688723030159
Rest of the world,0,1,0.0,0,0,1,0,1,0,-0.07795940367441387,0.09283688723030159
Rest of the world,0,0,3.0,0,1,0,0,0,1,-0.09247782409794572,0.09283688723030159
Rest of the world,0,0,3.0,0,0,0,1,0,1,-0.09247786534358583,0.09283688723030159
Rest of the world,0,1,3.0,0,1,0,0,0,1,-0.09247780759969045,0.09283688723030159
Rest of the world,0,1,3.0,0,0,0,1,0,1,-0.09247785511466743,0.09283688723030159
Rest of the world,0,1,3.0,0,0,0,1,0,1,-0.09247784719550434,0.3623195211612331
Rest of the world,0,1,3.0,0,1,0,0,0,1,-0.09247773335753709,0.3623195211612331
Rest of the world,0,0,3.0,0,0,0,1,0,1,-0.09247786204393456,0.3623195211612331
Rest of the world,0,0,3.0,0,1,0,0,0,1,-0.09247781419899379,0.3623195211612331
Rest of the world,0,1,0.0,0,0,1,0,1,0,-0.06938031073829103,0.3623195211612331
Rest of the world,0,1,1.0,0,0,1,0,1,0,-0.07993919435198067,0.09283688723030159
Rest of the world,0,1,1.0,1,0,0,0,1,0,-0.0878583570622479,0.3623195211612331
Rest of the world,0,1,0.0,1,0,0,0,1,0,-0.08389877570711429,0.3623195211612331
Rest of the world,0,2,0.0,1,0,0,0,1,0,-0.0921809000416021,0.3623195211612331
Rest of the world,0,2,0.0,0,0,1,0,1,0,-0.09196642271819903,0.3623195211612331
Rest of the world,0,0,1.0,0,0,1,0,1,0,-0.0924135254462162,0.3623195211612331
Rest of the world,0,0,0.0,1,0,0,0,1,0,-0.09191692795125986,0.3623195211612331
Rest of the world,0,0,0.0,0,0,1,0,1,0,-0.0911992538306419,0.3623195211612331
Rest of the world,0,0,0.0,0,0,1,0,1,0,-0.09140548202622177,0.6318021550921646
Rest of the world,0,0,0.0,1,0,0,0,1,0,-0.09049807796567032,0.6318021550921646
Rest of the world,0,0,1.0,0,0,1,0,1,0,-0.09240857596952229,0.6318021550921646
Rest of the world,0,0,1.0,1,0,0,0,1,0,-0.09247126934097857,0.6318021550921646
Rest of the world,0,2,0.0,0,0,1,0,1,0,-0.091669454116564,0.6318021550921646
Rest of the world,0,2,0.0,1,0,0,0,1,0,-0.09216440178595571,0.6318021550921646
Rest of the world,0,1,0.0,1,0,0,0,1,0,-0.07267996186756905,0.6318021550921646
Rest of the world,0,1,0.0,1,0,0,0,1,0,-0.0871984268363923,0.6318021550921646
Rest of the world,0,1,0.0,0,0,1,0,1,0,-0.07432978743220806,0.6318021550921646
Rest of the world,0,1,2.0,0,0,1,0,1,0,-0.09247126934097857,0.6318021550921646
Rest of the world,0,1,0.0,0,0,1,0,1,0,-0.05123222952726196,0.6318021550921646
Rest of the world,0,1,2.0,1,0,0,0,1,0,-0.09176844365044234,0.6318021550921646
Rest of the world,0,0,3.0,0,1,0,0,0,1,-0.0924776211693926,0.6318021550921646
Rest of the world,0,0,3.0,0,0,0,1,0,1,-0.09247785709445781,0.6318021550921646
Rest of the world,0,1,3.0,0,1,0,0,0,1,-0.09247757167462368,0.6318021550921646
Rest of the world,0,1,3.0,0,0,0,1,0,1,-0.09247758817288819,0.6318021550921646
Rest of the world,0,1,3.0,0,0,0,1,0,1,-0.09247780924951936,0.9012847890230962
Rest of the world,0,1,3.0,0,1,0,0,0,1,-0.09247740669207706,0.9012847890230962
Rest of the world,0,0,3.0,0,0,0,1,0,1,-0.09247785049515601,0.9012847890230962
Rest of the world,0,0,3.0,0,1,0,0,0,1,-0.09247645804234789,0.9012847890230962
Rest of the world,0,1,0.0,0,0,1,0,1,0,-0.01658589266984282,0.9012847890230962
Rest of the world,0,1,2.0,0,0,1,0,1,0,-0.09247126934097857,0.9012847890230962
Rest of the world,0,1,1.0,0,0,1,0,1,0,-0.06608065960901302,0.9012847890230962
Rest of the world,0,1,1.0,1,0,0,0,1,0,-0.08274389781186699,0.9012847890230962
Rest of the world,0,1,0.0,1,0,0,0,1,0,-0.057831531785817986,0.9012847890230962
Rest of the world,0,2,0.0,1,0,0,0,1,0,-0.09160346109397845,0.9012847890230962
Rest of the world,0,2,0.0,0,0,1,0,1,0,-0.0911992538306419,0.9012847890230962
Rest of the world,0,0,1.0,1,0,0,0,1,0,-0.09176844365044234,0.9012847890230962
Rest of the world,0,0,1.0,0,0,1,0,1,0,-0.09240692614395765,0.9012847890230962
Rest of the world,0,0,3.0,1,0,0,0,1,0,-0.09096002912376924,0.9012847890230962
Rest of the world,0,0,2.0,1,0,0,0,1,0,-0.09247291916654321,0.9012847890230962
Rest of the world,0,0,2.0,0,0,1,0,1,0,-0.09247291916654321,0.9012847890230962
Rest of the world,0,0,0.0,0,0,1,0,1,0,-0.09082804307859811,0.9012847890230962
Rest of the world,0,0,0.0,0,0,1,0,1,0,-0.0911992538306419,1.1707674229540277
Rest of the world,0,0,2.0,0,0,1,0,1,0,-0.09247291916654321,1.1707674229540277
Rest of the world,0,0,0.0,1,0,0,0,1,0,-0.09176844365044234,1.1707674229540277
Rest of the world,0,0,1.0,0,0,1,0,1,0,-0.0911992538306419,1.1707674229540277
Rest of the world,0,0,1.0,1,0,0,0,1,0,-0.09176844365044234,1.1707674229540277
Rest of the world,0,2,0.0,0,0,1,0,1,0,-0.08950818262688691,1.1707674229540277
Rest of the world,0,2,0.0,1,0,0,0,1,0,-0.09176844365044234,1.1707674229540277
Rest of the world,0,1,0.0,1,0,0,0,1,0,-0.09176844365044234,1.1707674229540277
Rest of the world,0,1,1.0,1,0,0,0,1,0,-0.07944424668258897,1.1707674229540277
Rest of the world,0,1,1.0,0,0,1,0,1,0,-0.05288205509190096,1.1707674229540277
Rest of the world,0,1,2.0,0,0,1,0,1,0,-0.09246961951541392,1.1707674229540277
Rest of the world,0,1,0.0,0,0,1,0,1,0,0.06095590886819049,1.1707674229540277
Rest of the world,0,1,0.0,1,0,0,0,1,0,-0.09176844365044234,1.1707674229540277
Rest of the world,0,0,3.0,0,1,0,0,0,1,-0.09247745618684597,1.1707674229540277
Rest of the world,0,0,3.0,0,0,0,1,0,1,-0.09247781584881655,1.1707674229540277
Rest of the world,0,1,3.0,0,1,0,0,0,1,-0.09247676326008128,1.1707674229540277
Rest of the world,0,1,3.0,0,0,0,1,0,1,-0.09247775645509262,1.1707674229540277
Rest of the world,0,1,3.0,0,0,0,1,0,1,-0.0924776376676571,1.4402500568849592
Rest of the world,0,1,3.0,0,1,0,0,0,1,-0.09247645804234789,1.4402500568849592
Rest of the world,0,0,3.0,0,0,0,1,0,1,-0.09247780430003877,1.4402500568849592
Rest of the world,0,0,3.0,0,1,0,0,0,1,-0.09247645804234789,1.4402500568849592
Rest of the world,0,1,0.0,0,0,1,0,1,0,0.2209889886381741,1.4402500568849592
Rest of the world,0,1,2.0,0,0,1,0,1,0,-0.09246961951541392,1.4402500568849592
Rest of the world,0,1,1.0,0,0,1,0,1,0,-0.011636415975925801,1.4402500568849592
Rest of the world,0,1,1.0,1,0,0,0,1,0,-0.04958240396262295,1.4402500568849592
Rest of the world,0,1,0.0,1,0,0,0,1,0,0.07250468782066354,1.4402500568849592
Rest of the world,0,2,0.0,1,0,0,0,1,0,-0.09066306052213421,1.4402500568849592
Rest of the world,0,2,0.0,0,0,1,0,1,0,-0.087693374505784,1.4402500568849592
Rest of the world,0,2,0.0,1,0,0,0,1,0,-0.09247621881767248,1.4402500568849592
Rest of the world,0,2,2.0,0,0,1,0,1,0,-0.09247621881767248,1.4402500568849592
Rest of the world,0,0,1.0,0,0,1,0,1,0,-0.09240197666726373,1.4402500568849592
Rest of the world,0,0,0.0,1,0,0,0,1,0,-0.09082804307859811,1.4402500568849592
Rest of the world,0,0,2.0,0,0,1,0,1,0,-0.09247143432337769,1.4402500568849592
Rest of the world,0,0,2.0,1,0,0,0,1,0,-0.09247621881767248,1.4402500568849592
Rest of the world,0,0,3.0,0,0,1,0,1,0,-0.0865384966105367,1.4402500568849592
Romania,0,1,3.0,0,1,0,0,0,1,-0.09247645804234789,-0.715611014562493
Romania,0,1,0.0,1,0,0,0,1,0,-0.0924382728296858,-0.715611014562493
Romania,0,1,0.0,1,0,0,0,1,0,-0.09235578155145384,-0.44612838063156146
Romania,0,1,3.0,0,1,0,0,0,1,-0.0924777366571949,-0.44612838063156146
Romania,0,1,3.0,0,1,0,0,0,1,-0.09247757167462368,-0.17664574670062994
Romania,0,1,0.0,1,0,0,0,1,0,-0.09216440178595571,-0.17664574670062994
Romania,0,1,0.0,1,0,0,0,1,0,-0.09148797330445373,0.09283688723030159
Romania,0,1,3.0,0,1,0,0,0,1,-0.09247710972346362,0.09283688723030159
Romania,0,1,3.0,0,1,0,0,0,1,-0.09247633430545021,0.3623195211612331
Romania,0,1,0.0,1,0,0,0,1,0,-0.09000313029627861,0.3623195211612331
Romania,0,1,0.0,1,0,0,0,1,0,-0.09176844365044234,0.6318021550921646
Romania,0,1,1.0,1,0,0,0,1,0,-0.09176844365044234,0.6318021550921646
Romania,0,1,3.0,0,1,0,0,0,1,-0.09247275418414408,0.6318021550921646
Romania,0,1,3.0,0,1,0,0,0,1,-0.09246928955061567,0.9012847890230962
Romania,0,1,0.0,1,0,0,0,1,0,-0.08208396758601139,0.9012847890230962
Romania,0,1,0.0,1,0,0,0,1,0,-0.09176844365044234,1.1707674229540277
Romania,0,1,3.0,0,1,0,0,0,1,-0.09246302021315538,1.1707674229540277
Romania,0,1,3.0,0,1,0,0,0,1,-0.0924597205620261,1.4402500568849592
Romania,0,1,0.0,1,0,0,0,1,0,-0.06773048517365203,1.4402500568849592
Seychelles,0,1,3.0,0,1,0,0,0,1,-0.0924776211693926,-0.715611014562493
Seychelles,0,1,0.0,1,0,0,0,1,0,-0.09247291916654321,-0.715611014562493
Seychelles,0,1,0.0,1,0,0,0,1,0,-0.09245807073646145,-0.44612838063156146
Seychelles,0,1,3.0,0,1,0,0,0,1,-0.09247682925313927,-0.44612838063156146
Seychelles,0,1,0.0,0,1,0,0,0,1,-0.09247456899210785,-0.17664574670062994
Seychelles,0,1,0.0,1,0,0,0,1,0,-0.09242837387629796,-0.17664574670062994
Seychelles,0,1,0.0,1,0,0,0,1,0,-0.09242507422516867,0.09283688723030159
Seychelles,0,1,3.0,0,1,0,0,0,1,-0.09247407404451713,0.09283688723030159
Seychelles,0,1,3.0,0,1,0,0,0,1,-0.0924735790969264,0.3623195211612331
Seychelles,0,1,0.0,1,0,0,0,1,0,-0.09241682509734549,0.3623195211612331
Seychelles,0,1,0.0,1,0,0,0,1,0,-0.0924349731785565,0.6318021550921646
Seychelles,0,1,3.0,0,1,0,0,0,1,-0.09247242421895248,0.6318021550921646
Seychelles,0,1,3.0,0,1,0,0,0,1,-0.09247093937618032,0.9012847890230962
Seychelles,0,1,0.0,1,0,0,0,1,0,-0.09237722928379415,0.9012847890230962
Seychelles,0,1,0.0,1,0,0,0,1,0,-0.09241682509734549,1.1707674229540277
Seychelles,0,1,3.0,0,1,0,0,0,1,-0.09247506393969857,1.1707674229540277
Seychelles,0,1,3.0,0,1,0,0,0,1,-0.09246961951541392,1.4402500568849592
Seychelles,0,1,0.0,1,0,0,0,1,0,-0.09231288608677322,1.4402500568849592
Slovakia,0,1,3.0,0,1,0,0,0,1,-0.09247775315544711,-0.715611014562493
Slovakia,0,1,0.0,1,0,0,0,1,0,-0.09239207771387589,-0.715611014562493
Slovakia,0,1,0.0,1,0,0,0,1,0,-0.09176844365044234,-0.44612838063156146
Slovakia,0,1,3.0,0,1,0,0,0,1,-0.09247775315544711,-0.44612838063156146
Slovakia,0,1,0.0,0,1,0,0,0,1,-0.09247750568161486,-0.17664574670062994
Slovakia,0,1,0.0,1,0,0,0,1,0,-0.09213140527466293,-0.17664574670062994
Slovakia,0,1,0.0,1,0,0,0,1,0,-0.09199941922949181,0.09283688723030159
Slovakia,0,1,3.0,0,1,0,0,0,1,-0.09247737369554807,0.09283688723030159
Slovakia,0,1,3.0,0,1,0,0,0,1,-0.09247727470601025,0.3623195211612331
Slovakia,0,1,0.0,1,0,0,0,1,0,-0.09221389655289489,0.3623195211612331
Slovakia,0,1,1.0,1,0,0,0,1,0,-0.09214790353030933,0.3623195211612331
Slovakia,0,1,1.0,1,0,0,0,1,0,-0.09105901865764758,0.6318021550921646
Slovakia,0,1,0.0,1,0,0,0,1,0,-0.09096002912376924,0.6318021550921646
Slovakia,0,1,3.0,0,1,0,0,0,1,-0.09247645804234789,0.6318021550921646
Slovakia,0,1,3.0,0,1,0,0,0,1,-0.09247645804234789,0.9012847890230962
Slovakia,0,1,0.0,1,0,0,0,1,0,-0.09066306052213421,0.9012847890230962
Slovakia,0,1,1.0,1,0,0,0,1,0,-0.09049807796567032,0.9012847890230962
Slovakia,0,1,1.0,1,0,0,0,1,0,-0.08983814773981472,1.1707674229540277
Slovakia,0,1,0.0,1,0,0,0,1,0,-0.09176844365044234,1.1707674229540277
Slovakia,0,1,3.0,0,1,0,0,0,1,-0.09247176428856929,1.1707674229540277
Slovakia,0,1,3.0,0,1,0,0,0,1,-0.09246780470745017,1.4402500568849592
Slovakia,0,1,0.0,1,0,0,0,1,0,-0.08868326984456741,1.4402500568849592
Slovakia,0,1,0.0,1,0,0,0,1,0,-0.0875283919493201,1.4402500568849592
Slovenia,0,1,1.0,1,0,0,0,1,0,-0.09240197666726373,-0.44612838063156146
Slovenia,0,1,0.0,1,0,0,0,1,0,-0.09224689306418767,-0.44612838063156146
Slovenia,0,1,3.0,0,1,0,0,0,1,-0.09247734069906824,-0.44612838063156146
Slovenia,0,1,0.0,1,0,0,0,1,0,-0.09199941922949181,0.09283688723030159
Slovenia,0,1,0.0,0,1,0,0,0,1,-0.09247681275489936,-0.17664574670062994
Slovenia,0,1,1.0,1,0,0,0,1,0,-0.09219739829724849,-0.17664574670062994
Slovenia,0,1,1.0,1,0,0,0,1,0,-0.09216440178595571,0.09283688723030159
Slovenia,0,1,3.0,0,1,0,0,0,1,-0.09247636730193004,0.09283688723030159
Slovenia,0,1,0.0,1,0,0,0,1,0,-0.09170245062785679,0.09283688723030159
Slovenia,0,1,0.0,1,0,0,0,1,0,-0.09216440178595571,0.3623195211612331
Slovenia,0,1,3.0,0,1,0,0,0,1,-0.09247739019383715,0.3623195211612331
Slovenia,0,1,1.0,1,0,0,0,1,0,-0.09243167352742723,0.09283688723030159
Slovenia,0,1,1.0,1,0,0,0,1,0,-0.0924135254462162,0.6318021550921646
Slovenia,0,1,3.0,0,1,0,0,0,1,-0.09247275418414408,0.6318021550921646
Slovenia,0,1,0.0,1,0,0,0,1,0,-0.08983814773981472,0.6318021550921646
Slovenia,0,1,0.0,1,0,0,0,1,0,-0.09176844365044234,0.9012847890230962
Slovenia,0,1,3.0,0,1,0,0,0,1,-0.09247159930617016,0.9012847890230962
Slovenia,0,1,1.0,1,0,0,0,1,0,-0.09196642271819903,0.9012847890230962
Slovenia,0,1,1.0,1,0,0,0,1,0,-0.09150447156010011,1.1707674229540277
Slovenia,0,1,3.0,0,1,0,0,0,1,-0.09246763972505104,1.1707674229540277
Slovenia,0,1,0.0,1,0,0,0,1,0,-0.08868326984456741,1.1707674229540277
Slovenia,0,1,0.0,1,0,0,0,1,0,-0.08538361871528939,1.4402500568849592
Slovenia,0,1,3.0,0,1,0,0,0,1,-0.0924597205620261,1.4402500568849592
Slovenia,0,1,1.0,1,0,0,0,1,0,-0.09082804307859811,1.4402500568849592
South Africa,0,1,0.0,0,0,0,1,0,1,-0.09247786778532782,-1.254576282424356
South Africa,0,1,3.0,0,1,0,0,0,1,-0.09247785626954566,-1.254576282424356
South Africa,0,1,0.0,1,0,0,0,1,0,-0.0924217745740394,-1.254576282424356
South Africa,0,1,0.0,0,0,1,0,1,0,-0.0924217745740394,-1.254576282424356
South Africa,0,1,0.0,0,0,1,0,1,0,-0.09239867701613445,0.09283688723030159
South Africa,0,1,0.0,1,0,0,0,1,0,-0.09245477108533218,-0.9850936484934245
South Africa,0,1,1.0,0,0,1,0,1,0,-0.09247621881767248,-0.9850936484934245
South Africa,0,1,1.0,1,0,0,0,1,0,-0.09247621881767248,-0.9850936484934245
South Africa,0,1,3.0,0,1,0,0,0,1,-0.09247786303383013,-0.9850936484934245
South Africa,0,1,3.0,0,0,0,1,0,1,-0.0924778674553627,-0.9850936484934245
South Africa,0,1,3.0,0,0,0,1,0,1,-0.09247786187895228,-0.715611014562493
South Africa,0,1,3.0,0,1,0,0,0,1,-0.09247777295335713,-0.715611014562493
South Africa,0,1,1.0,1,0,0,0,1,0,-0.09227988957548044,-0.715611014562493
South Africa,0,1,1.0,0,0,1,0,1,0,-0.0911992538306419,-0.715611014562493
South Africa,0,1,0.0,1,0,0,0,1,0,-0.09227988957548044,-0.715611014562493
South Africa,0,1,0.0,0,0,1,0,1,0,-0.09221389655289489,-0.715611014562493
South Africa,0,1,0.0,0,0,1,0,1,0,-0.09204891399643098,-0.44612838063156146
South Africa,0,1,0.0,1,0,0,0,1,0,-0.09231288608677322,-0.44612838063156146
South Africa,0,1,1.0,0,0,1,0,1,0,-0.09181793841738152,-0.44612838063156146
South Africa,0,1,1.0,1,0,0,0,1,0,-0.09176844365044234,-0.44612838063156146
South Africa,0,1,3.0,0,1,0,0,0,1,-0.0924777036606782,-0.44612838063156146
South Africa,0,1,3.0,0,0,0,1,0,1,-0.09247785329985932,-0.44612838063156146
South Africa,0,1,3.0,0,0,0,1,0,1,-0.09247784884533018,-0.17664574670062994
South Africa,0,1,3.0,0,1,0,0,0,1,-0.09247778120248323,-0.17664574670062994
South Africa,0,1,1.0,1,0,0,0,1,0,-0.09226339131983405,-0.17664574670062994
South Africa,0,1,1.0,0,0,1,0,1,0,-0.09160346109397845,-0.17664574670062994
South Africa,0,1,0.0,1,0,0,0,1,0,-0.09236568050484167,-0.17664574670062994
South Africa,0,1,0.0,0,0,1,0,1,0,-0.09193342620690625,-0.17664574670062994
South Africa,0,1,0.0,0,0,1,0,1,0,-0.09181793841738152,0.09283688723030159
South Africa,0,1,0.0,1,0,0,0,1,0,-0.09176844365044234,0.09283688723030159
South Africa,0,1,1.0,0,0,1,0,1,0,-0.09147147504880733,0.09283688723030159
South Africa,0,1,1.0,1,0,0,0,1,0,-0.09234258294693673,0.09283688723030159
South Africa,0,1,3.0,0,1,0,0,0,1,-0.09247645804234789,0.09283688723030159
South Africa,0,1,3.0,0,0,0,1,0,1,-0.0924778455456785,0.09283688723030159
South Africa,0,1,3.0,0,0,0,1,0,1,-0.09247784224602684,0.3623195211612331
South Africa,0,1,3.0,0,1,0,0,0,1,-0.09247776305439598,0.09283688723030159
South Africa,0,1,1.0,1,0,0,0,1,0,-0.09235908120258311,0.3623195211612331
South Africa,0,1,1.0,0,0,1,0,1,0,-0.0913559872592826,0.3623195211612331
South Africa,0,1,0.0,0,0,1,0,1,0,-0.09155396632703929,0.3623195211612331
South Africa,0,1,0.0,1,0,0,0,1,0,-0.09221389655289489,0.3623195211612331
South Africa,0,1,0.0,1,0,0,0,1,0,-0.09232608469129033,0.6318021550921646
South Africa,0,1,0.0,0,0,1,0,1,0,-0.09142198028186815,0.6318021550921646
South Africa,0,1,1.0,0,0,1,0,1,0,-0.09110851342458674,0.6318021550921646
South Africa,0,1,0.0,1,0,0,0,1,0,-0.09223039480854127,0.6318021550921646
South Africa,0,1,3.0,0,1,0,0,0,1,-0.09247770696033601,0.6318021550921646
South Africa,0,1,3.0,0,0,0,1,0,1,-0.0924778372965524,0.6318021550921646
South Africa,0,1,3.0,0,0,0,1,0,1,-0.09247783069724906,0.9012847890230962
South Africa,0,1,3.0,0,1,0,0,0,1,-0.09247645804234789,0.9012847890230962
South Africa,0,1,1.0,1,0,0,0,1,0,-0.09239372753944053,0.9012847890230962
South Africa,0,1,2.0,1,0,0,0,1,0,-0.09247621881767248,0.9012847890230962
South Africa,0,1,1.0,0,0,1,0,1,0,-0.0911992538306419,0.9012847890230962
South Africa,0,1,0.0,0,0,1,0,1,0,-0.09105901865764758,0.9012847890230962
South Africa,0,1,2.0,0,0,1,0,1,0,-0.09247621881767248,0.9012847890230962
South Africa,0,1,0.0,1,0,0,0,1,0,-0.09211490701901655,0.9012847890230962
South Africa,0,1,0.0,1,0,0,0,1,0,-0.09165295586091762,1.1707674229540277
South Africa,0,1,2.0,0,0,1,0,1,0,-0.09247291916654321,1.1707674229540277
South Africa,0,1,0.0,0,0,1,0,1,0,-0.09016811285274251,1.1707674229540277
South Africa,0,1,1.0,0,0,1,0,1,0,-0.0911992538306419,1.1707674229540277
South Africa,0,1,2.0,1,0,0,0,1,0,-0.09247456899210785,1.1707674229540277
South Africa,0,1,1.0,1,0,0,0,1,0,-0.09227988957548044,1.1707674229540277
South Africa,0,1,3.0,0,1,0,0,0,1,-0.09247758817288819,1.1707674229540277
South Africa,0,1,3.0,0,0,0,1,0,1,-0.09247782244811989,1.1707674229540277
South Africa,0,1,3.0,0,0,0,1,0,1,-0.09247779605091268,1.4402500568849592
South Africa,0,1,3.0,0,1,0,0,0,1,-0.09247739019383715,1.4402500568849592
South Africa,0,1,0.0,1,0,0,0,1,0,-0.09203241574078459,1.4402500568849592
South Africa,0,1,1.0,0,0,1,0,1,0,-0.09033309540920642,1.4402500568849592
South Africa,0,1,0.0,0,0,1,0,1,0,-0.08884825240103131,1.4402500568849592
South Africa,0,1,0.0,0,0,1,0,1,0,-0.09247291916654321,1.4402500568849592
South Africa,0,1,0.0,1,0,0,0,1,0,-0.09114150993587952,1.4402500568849592
Spain,0,1,0.0,1,0,0,0,1,0,-0.09235248190032457,-2.063024184217151
Spain,0,1,0.0,0,0,1,0,1,0,-0.09235248190032457,-2.063024184217151
Spain,0,1,3.0,0,1,0,0,0,1,-0.09247785593958034,-2.063024184217151
Spain,0,1,3.0,0,0,0,1,0,1,-0.09247786808229644,-2.063024184217151
Spain,0,1,0.0,0,0,0,1,0,1,-0.09247786517860355,-1.793541550286219
Spain,0,1,3.0,0,1,0,0,0,1,-0.09247778780178657,-1.793541550286219
Spain,0,2,3.0,0,1,0,0,0,1,-0.09247783069724906,-1.793541550286219
Spain,0,1,0.0,0,0,1,0,1,0,-0.09171894888350318,-1.793541550286219
Spain,0,1,0.0,1,0,0,0,1,0,-0.09183443667302792,-1.793541550286219
Spain,0,2,0.0,1,0,0,0,1,0,-0.0924382728296858,-1.793541550286219
Spain,0,1,1.0,1,0,0,0,1,0,-0.09246467003872001,-1.793541550286219
Spain,0,1,1.0,0,0,1,0,1,0,-0.09246467003872001,-1.793541550286219
Spain,0,1,1.0,0,0,1,0,1,0,-0.0911992538306419,-1.5240589163552876
Spain,0,1,1.0,1,0,0,0,1,0,-0.09176844365044234,-1.5240589163552876
Spain,0,2,0.0,1,0,0,0,1,0,-0.09214790353030933,-1.5240589163552876
Spain,0,1,0.0,1,0,0,0,1,0,-0.09176844365044234,-1.5240589163552876
Spain,0,1,0.0,0,0,1,0,1,0,-0.0910095238907084,-1.5240589163552876
Spain,0,2,3.0,0,1,0,0,0,1,-0.09247645804234789,-1.5240589163552876
Spain,0,1,3.0,0,1,0,0,0,1,-0.09247645804234789,-1.5240589163552876
Spain,0,1,3.0,0,0,0,1,0,1,-0.0924778612190224,-1.5240589163552876
Spain,0,1,3.0,0,0,0,1,0,1,-0.09247785445473679,-1.254576282424356
Spain,0,1,3.0,0,1,0,0,0,1,-0.0924776706641738,-1.254576282424356
Spain,0,2,3.0,0,1,0,0,0,1,-0.09247773005789156,-1.254576282424356
Spain,0,1,0.0,1,0,0,0,1,0,-0.09114150993587952,-1.254576282424356
Spain,0,2,0.0,1,0,0,0,1,0,-0.09176844365044234,-1.254576282424356
Spain,0,1,1.0,1,0,0,0,1,0,-0.09235908120258311,-1.254576282424356
Spain,0,1,1.0,0,0,1,0,1,0,-0.0911992538306419,-1.254576282424356
Spain,0,1,0.0,0,0,1,0,1,0,-0.0896731651833508,-1.254576282424356
Spain,0,1,0.0,0,0,1,0,1,0,-0.08736340939285621,-0.9850936484934245
Spain,0,1,1.0,0,0,1,0,1,0,-0.09161995934962484,-0.9850936484934245
Spain,0,1,1.0,1,0,0,0,1,0,-0.09193342620690625,-0.9850936484934245
Spain,0,2,0.0,1,0,0,0,1,0,-0.09188393143996708,-0.9850936484934245
Spain,0,1,0.0,1,0,0,0,1,0,-0.09016811285274251,-0.9850936484934245
Spain,0,0,0.0,1,0,0,0,1,0,-0.0924597205620261,-0.9850936484934245
Spain,0,2,3.0,0,1,0,0,0,1,-0.09247735719730815,-0.9850936484934245
Spain,0,0,3.0,0,1,0,0,0,1,-0.09247719221476153,-0.9850936484934245
Spain,0,1,3.0,0,1,0,0,0,1,-0.09247753867811928,-0.9850936484934245
Spain,0,1,3.0,0,0,0,1,0,1,-0.09247784224602684,-0.9850936484934245
Spain,0,1,3.0,0,0,0,1,0,1,-0.09247782574777155,-0.715611014562493
Spain,0,1,3.0,0,1,0,0,0,1,-0.09247753867811928,-0.715611014562493
Spain,0,2,3.0,0,0,0,1,0,1,-0.09247782904742323,-0.715611014562493
Spain,0,0,3.0,0,1,0,0,0,1,-0.09247777130352822,-0.715611014562493
Spain,0,2,3.0,0,1,0,0,0,1,-0.09247725820777034,-0.715611014562493
Spain,0,0,0.0,1,0,0,0,1,0,-0.09247456899210785,-0.715611014562493
Spain,0,1,0.0,1,0,0,0,1,0,-0.09033309540920642,-0.715611014562493
Spain,0,2,0.0,1,0,0,0,1,0,-0.09158696283833206,-0.715611014562493
Spain,0,2,0.0,0,0,1,0,1,0,-0.09066306052213421,-0.715611014562493
Spain,0,1,1.0,1,0,0,0,1,0,-0.0911910047028187,-0.715611014562493
Spain,0,1,1.0,0,0,1,0,1,0,-0.09033309540920642,-0.715611014562493
Spain,0,1,0.0,0,0,1,0,1,0,-0.0911992538306419,-0.715611014562493
Spain,0,1,0.0,0,0,1,0,1,0,-0.08175400247308358,-0.44612838063156146
Spain,0,1,1.0,0,0,1,0,1,0,-0.0911992538306419,-0.44612838063156146
Spain,0,1,1.0,1,0,0,0,1,0,-0.09000313029627861,-0.44612838063156146
Spain,0,2,0.0,0,0,1,0,1,0,-0.0890132349574952,-0.44612838063156146
Spain,0,2,0.0,1,0,0,0,1,0,-0.09128999423669704,-0.44612838063156146
Spain,0,1,0.0,1,0,0,0,1,0,-0.08917821751395912,-0.44612838063156146
Spain,0,0,0.0,1,0,0,0,1,0,-0.09243332335299187,-0.44612838063156146
Spain,0,2,0.0,0,1,0,0,0,1,-0.09247645804234789,-0.44612838063156146
Spain,0,0,3.0,0,1,0,0,0,1,-0.09247679625665944,-0.44612838063156146
Spain,0,2,3.0,0,0,0,1,0,1,-0.09247776800387655,-0.44612838063156146
Spain,0,1,3.0,0,1,0,0,0,1,-0.09247735719730815,-0.44612838063156146
Spain,0,1,0.0,0,0,0,1,0,1,-0.09247780265021602,0.09283688723030159
Spain,0,0,3.0,0,0,0,1,0,1,-0.09247748918335037,-0.17664574670062994
Spain,0,1,0.0,0,0,0,1,0,1,-0.0924777515056182,-0.17664574670062994
Spain,0,1,3.0,0,1,0,0,0,1,-0.09247645804234789,-0.17664574670062994
Spain,0,2,3.0,0,0,0,1,0,1,-0.09247773005789156,-0.17664574670062994
Spain,0,0,3.0,0,1,0,0,0,1,-0.09247737369554807,-0.17664574670062994
Spain,0,2,3.0,0,1,0,0,0,1,-0.09247645804234789,-0.17664574670062994
Spain,0,0,0.0,1,0,0,0,1,0,-0.09246467003872001,-0.17664574670062994
Spain,0,1,0.0,1,0,0,0,1,0,-0.08604354894114499,-0.17664574670062994
Spain,0,2,0.0,1,0,0,0,1,0,-0.09109201516894036,-0.17664574670062994
Spain,0,2,0.0,0,0,1,0,1,0,-0.0911992538306419,-0.17664574670062994
Spain,0,0,0.0,0,0,1,0,1,0,-0.09231288608677322,-0.17664574670062994
Spain,0,0,1.0,1,0,0,0,1,0,-0.09246961951541392,-0.17664574670062994
Spain,0,0,1.0,0,0,1,0,1,0,-0.09240857596952229,-0.17664574670062994
Spain,0,1,1.0,1,0,0,0,1,0,-0.0867034791670006,-0.17664574670062994
Spain,0,1,1.0,0,0,1,0,1,0,-0.08208396758601139,-0.17664574670062994
Spain,0,1,0.0,0,0,1,0,1,0,-0.07597961299684705,-0.17664574670062994
Spain,0,1,0.0,0,0,1,0,1,0,-0.06608065960901302,0.09283688723030159
Spain,0,1,2.0,1,0,0,0,1,0,-0.09247621881767248,0.09283688723030159
Spain,0,1,1.0,0,0,1,0,1,0,-0.07267996186756905,0.09283688723030159
Spain,0,1,1.0,1,0,0,0,1,0,-0.08323884548125869,0.09283688723030159
Spain,0,1,2.0,0,0,1,0,1,0,-0.09247621881767248,0.09283688723030159
Spain,0,0,1.0,0,0,1,0,1,0,-0.09239537736500518,0.09283688723030159
Spain,0,0,1.0,1,0,0,0,1,0,-0.09246467003872001,0.09283688723030159
Spain,0,0,0.0,0,0,1,0,1,0,-0.09226339131983405,0.09283688723030159
Spain,0,2,0.0,0,0,1,0,1,0,-0.0845587059329699,0.09283688723030159
Spain,0,2,0.0,1,0,0,0,1,0,-0.08950818262688691,0.09283688723030159
Spain,0,1,0.0,1,0,0,0,1,0,-0.08257891525540309,0.09283688723030159
Spain,0,0,0.0,1,0,0,0,1,0,-0.09242837387629796,0.09283688723030159
Spain,0,2,3.0,0,1,0,0,0,1,-0.09247628481073047,0.09283688723030159
Spain,0,0,3.0,0,1,0,0,0,1,-0.09247636730193004,0.09283688723030159
Spain,0,2,3.0,0,0,0,1,0,1,-0.09247765416592159,0.09283688723030159
Spain,0,1,3.0,0,1,0,0,0,1,-0.0924764167967481,0.09283688723030159
Spain,0,1,0.0,0,0,0,1,0,1,-0.0924776706641738,0.09283688723030159
Spain,0,0,3.0,0,0,0,1,0,1,-0.09247739019383715,0.09283688723030159
Spain,0,0,3.0,0,0,0,1,0,1,-0.09247710972346362,0.3623195211612331
Spain,0,1,3.0,0,0,0,1,0,1,-0.09247755517638377,0.3623195211612331
Spain,0,1,3.0,0,1,0,0,0,1,-0.09247555888748596,0.3623195211612331
Spain,0,2,3.0,0,0,0,1,0,1,-0.09247758817288819,0.3623195211612331
Spain,0,0,3.0,0,1,0,0,0,1,-0.09247341411413393,0.09283688723030159
Spain,0,2,3.0,0,1,0,0,0,1,-0.09247605383507669,0.3623195211612331
Spain,0,1,0.0,1,0,0,0,1,0,-0.07597961299684705,0.3623195211612331
Spain,0,2,1.0,0,0,1,0,1,0,-0.09246467003872001,0.3623195211612331
Spain,0,2,0.0,1,0,0,0,1,0,-0.08934320007042301,0.3623195211612331
Spain,0,2,0.0,0,0,1,0,1,0,-0.08208396758601139,0.3623195211612331
Spain,0,0,0.0,0,0,1,0,1,0,-0.09208191050772377,0.3623195211612331
Spain,0,0,1.0,1,0,0,0,1,0,-0.09246796968984929,0.3623195211612331
Spain,0,0,1.0,0,0,1,0,1,0,-0.0911992538306419,0.3623195211612331
Spain,0,0,0.0,1,0,0,0,1,0,-0.09231288608677322,0.3623195211612331
Spain,0,1,2.0,0,0,1,0,1,0,-0.09247456899210785,0.3623195211612331
Spain,0,1,1.0,1,0,0,0,1,0,-0.08026915946490848,0.3623195211612331
Spain,0,1,1.0,0,0,1,0,1,0,-0.061131182915096,0.3623195211612331
Spain,0,1,2.0,1,0,0,0,1,0,-0.09247621881767248,0.3623195211612331
Spain,0,1,0.0,0,0,1,0,1,0,-0.04958240396262295,0.3623195211612331
Spain,0,1,0.0,0,0,1,0,1,0,-0.018235718234481828,0.6318021550921646
Spain,0,1,2.0,1,0,0,0,1,0,-0.09246631986428465,0.6318021550921646
Spain,0,1,1.0,0,0,1,0,1,0,-0.02153536936375984,0.6318021550921646
Spain,0,1,1.0,1,0,0,0,1,0,-0.05288205509190096,0.6318021550921646
Spain,0,1,2.0,0,0,1,0,1,0,-0.09246302021315538,0.6318021550921646
Spain,0,0,0.0,1,0,0,0,1,0,-0.09239372753944053,0.6318021550921646
Spain,0,0,1.0,0,0,1,0,1,0,-0.0911992538306419,0.6318021550921646
Spain,0,0,1.0,1,0,0,0,1,0,-0.09246631986428465,0.6318021550921646
Spain,0,0,0.0,0,0,1,0,1,0,-0.09208191050772377,0.6318021550921646
Spain,0,2,0.0,0,0,1,0,1,0,-0.07944424668258897,0.6318021550921646
Spain,0,2,0.0,1,0,0,0,1,0,-0.08917821751395912,0.09283688723030159
Spain,0,2,0.0,0,0,1,0,1,0,-0.09246467003872001,0.6318021550921646
Spain,0,1,0.0,1,0,0,0,1,0,-0.062781008479735,0.6318021550921646
Spain,0,2,3.0,0,1,0,0,0,1,-0.09247539390489017,0.6318021550921646
Spain,0,0,3.0,0,1,0,0,0,1,-0.09247456899210785,0.6318021550921646
Spain,0,2,3.0,0,0,0,1,0,1,-0.09247752217987937,0.6318021550921646
Spain,0,1,3.0,0,1,0,0,0,1,-0.09246978449781305,0.6318021550921646
Spain,0,1,3.0,0,0,0,1,0,1,-0.09247727470601025,0.6318021550921646
Spain,0,0,3.0,0,0,0,1,0,1,-0.09247706022869472,0.6318021550921646
Spain,0,0,3.0,0,0,0,1,0,1,-0.09247666427054346,0.9012847890230962
Spain,0,1,0.0,0,0,0,1,0,1,-0.09247684575137918,0.9012847890230962
Spain,0,1,0.0,0,1,0,0,0,1,-0.09246500000351826,0.9012847890230962
Spain,0,2,3.0,0,0,0,1,0,1,-0.09247742319031697,0.9012847890230962
Spain,0,0,3.0,0,1,0,0,0,1,-0.09247645804234789,0.9012847890230962
Spain,0,2,3.0,0,1,0,0,0,1,-0.09247645804234789,0.9012847890230962
Spain,0,1,0.0,1,0,0,0,1,0,-0.05288205509190096,0.9012847890230962
Spain,0,2,1.0,0,0,1,0,1,0,-0.09240197666726373,0.9012847890230962
Spain,0,2,1.0,1,0,0,0,1,0,-0.09240197666726373,0.9012847890230962
Spain,0,2,0.0,1,0,0,0,1,0,-0.08868326984456741,0.9012847890230962
Spain,0,2,0.0,0,0,1,0,1,0,-0.07597961299684705,0.9012847890230962
Spain,0,0,0.0,0,0,1,0,1,0,-0.09190042969561348,0.9012847890230962
Spain,0,0,1.0,1,0,0,0,1,0,-0.0924514714342029,0.9012847890230962
Spain,0,0,1.0,0,0,1,0,1,0,-0.09231288608677322,0.9012847890230962
Spain,0,0,0.0,1,0,0,0,1,0,-0.09223039480854127,0.9012847890230962
Spain,0,1,2.0,0,0,1,0,1,0,-0.09244652195750898,0.9012847890230962
Spain,0,1,1.0,1,0,0,0,1,0,-0.02153536936375984,0.9012847890230962
Spain,0,1,0.0,0,0,1,0,1,0,0.04940712991571745,0.9012847890230962
Spain,0,1,2.0,1,0,0,0,1,0,-0.09246137038759074,0.9012847890230962
Spain,0,1,0.0,0,0,1,0,1,0,0.021360095316854334,0.9012847890230962
Spain,0,1,0.0,0,0,1,0,1,0,0.06590538556210751,1.1707674229540277
Spain,0,1,0.0,1,0,0,0,1,0,-0.09247126934097857,1.1707674229540277
Spain,0,1,1.0,0,0,1,0,1,0,-0.0911992538306419,1.1707674229540277
Spain,0,1,1.0,1,0,0,0,1,0,-0.011636415975925801,1.1707674229540277
Spain,0,1,2.0,0,0,1,0,1,0,-0.0911992538306419,1.1707674229540277
Spain,0,0,0.0,1,0,0,0,1,0,-0.09206541225207737,1.1707674229540277
Spain,0,0,1.0,0,0,1,0,1,0,-0.09231288608677322,1.1707674229540277
Spain,0,0,1.0,1,0,0,0,1,0,-0.09247621881767248,1.1707674229540277
Spain,0,0,0.0,0,0,1,0,1,0,-0.09147147504880733,1.1707674229540277
Spain,0,0,3.0,1,0,0,0,1,0,-0.09176844365044234,1.1707674229540277
Spain,0,0,2.0,0,0,1,0,1,0,-0.09246796968984929,1.1707674229540277
Spain,0,2,0.0,0,0,1,0,1,0,-0.06938031073829103,1.1707674229540277
Spain,0,2,0.0,1,0,0,0,1,0,-0.0867034791670006,1.1707674229540277
Spain,0,2,1.0,1,0,0,0,1,0,-0.09232278504016106,1.1707674229540277
Spain,0,2,1.0,0,0,1,0,1,0,-0.09214790353030933,1.1707674229540277
Spain,0,1,0.0,1,0,0,0,1,0,-0.09176844365044234,1.1707674229540277
Spain,0,2,3.0,0,1,0,0,0,1,-0.09247275418414408,1.1707674229540277
Spain,0,0,3.0,0,1,0,0,0,1,-0.09246269024835713,1.1707674229540277
Spain,0,2,3.0,0,0,0,1,0,1,-0.09247725820777034,1.1707674229540277
Spain,0,1,3.0,0,1,0,0,0,1,-0.0924631851963412,1.1707674229540277
Spain,0,1,3.0,0,0,0,1,0,1,-0.0924763178072103,1.1707674229540277
Spain,0,0,3.0,0,0,0,1,0,1,-0.09247605383507669,1.1707674229540277
Spain,0,0,3.0,0,0,0,1,0,1,-0.09247489895729945,1.4402500568849592
Spain,0,1,3.0,0,0,0,1,0,1,-0.09247539390489017,1.4402500568849592
Spain,0,1,3.0,0,1,0,0,0,1,-0.09245807073646145,1.4402500568849592
Spain,0,2,3.0,0,0,0,1,0,1,-0.09247674676184137,1.4402500568849592
Spain,0,0,3.0,0,1,0,0,0,1,-0.09245642091089681,1.4402500568849592
Spain,0,2,3.0,0,1,0,0,0,1,-0.0924659898994864,1.4402500568849592
Spain,0,1,0.0,1,0,0,0,1,0,0.0015621885411862527,1.4402500568849592
Spain,0,2,0.0,0,0,1,0,1,0,-0.09213140527466293,1.4402500568849592
Spain,0,2,0.0,1,0,0,0,1,0,-0.09246961951541392,1.4402500568849592
Spain,0,2,0.0,1,0,0,0,1,0,-0.07597961299684705,1.4402500568849592
Spain,0,2,0.0,0,0,1,0,1,0,-0.05288205509190096,1.4402500568849592
Spain,0,0,2.0,0,0,1,0,1,0,-0.0911992538306419,1.4402500568849592
Spain,0,0,2.0,1,0,0,0,1,0,-0.09245642091089681,1.4402500568849592
Spain,0,0,0.0,0,0,1,0,1,0,-0.09049807796567032,1.4402500568849592
Spain,0,0,1.0,1,0,0,0,1,0,-0.0924300237018626,1.4402500568849592
Spain,0,0,1.0,0,0,1,0,1,0,-0.09235908120258311,1.4402500568849592
Spain,0,0,0.0,1,0,0,0,1,0,-0.09161995934962484,1.4402500568849592
Spain,0,1,2.0,0,0,1,0,1,0,-0.09243332335299187,1.4402500568849592
Spain,0,1,1.0,1,0,0,0,1,0,0.014760793058298305,1.4402500568849592
Spain,0,1,1.0,0,0,1,0,1,0,0.23748724428456416,1.4402500568849592
Spain,0,1,2.0,1,0,0,0,1,0,-0.09247126934097857,1.4402500568849592
Spain,0,1,0.0,0,0,1,0,1,0,-0.0911992538306419,1.4402500568849592
Sweden,0,1,0.0,1,0,0,0,1,0,-0.09247126934097857,-2.063024184217151
Sweden,0,1,0.0,0,0,1,0,1,0,-0.0911992538306419,-2.063024184217151
Sweden,0,1,0.0,0,1,0,0,0,1,-0.09247786649846389,-2.063024184217151
Sweden,0,1,3.0,0,0,0,1,0,1,-0.09247786849145317,-2.063024184217151
Sweden,0,1,3.0,0,0,0,1,0,1,-0.09247786187895228,-1.793541550286219
Sweden,0,1,3.0,0,1,0,0,0,1,-0.09247777955265432,-1.793541550286219
Sweden,0,2,3.0,0,1,0,0,0,1,-0.0924778372965524,-1.793541550286219
Sweden,0,2,3.0,0,0,0,1,0,1,-0.0924778655085685,-1.793541550286219
Sweden,0,1,0.0,0,0,1,0,1,0,-0.0921809000416021,-1.793541550286219
Sweden,0,1,0.0,1,0,0,0,1,0,-0.0921809000416021,-1.793541550286219
Sweden,0,2,0.0,1,0,0,0,1,0,-0.09246302021315538,-1.793541550286219
Sweden,0,2,0.0,0,0,1,0,1,0,-0.09246302021315538,-1.793541550286219
Sweden,0,2,0.0,0,0,1,0,1,0,-0.0918674331843207,-1.5240589163552876
Sweden,0,2,0.0,1,0,0,0,1,0,-0.0920159174851382,-1.5240589163552876
Sweden,0,1,0.0,1,0,0,0,1,0,-0.09203241574078459,-1.5240589163552876
Sweden,0,0,0.0,0,0,1,0,1,0,-0.09246796968984929,-1.5240589163552876
Sweden,0,1,0.0,0,0,1,0,1,0,-0.09148797330445373,-1.5240589163552876
Sweden,0,1,1.0,0,0,1,0,1,0,-0.09140548202622177,-1.5240589163552876
Sweden,0,1,1.0,1,0,0,0,1,0,-0.09138898377057537,-1.5240589163552876
Sweden,0,2,3.0,0,0,0,1,0,1,-0.09247774325649824,-1.5240589163552876
Sweden,0,2,3.0,0,1,0,0,0,1,-0.09247671376536154,-1.5240589163552876
Sweden,0,0,3.0,0,0,0,1,0,1,-0.09247778945160934,-1.5240589163552876
Sweden,0,1,0.0,0,1,0,0,0,1,-0.09247735719730815,-1.5240589163552876
Sweden,0,1,3.0,0,0,0,1,0,1,-0.09247782244811989,-1.5240589163552876
Sweden,0,1,3.0,0,0,0,1,0,1,-0.09247777295335713,-1.254576282424356
Sweden,0,1,3.0,0,1,0,0,0,1,-0.09247699423573506,-1.254576282424356
Sweden,0,0,3.0,0,0,0,1,0,1,-0.09247776800387655,-1.254576282424356
Sweden,0,2,0.0,0,1,0,0,0,1,-0.0924769612391569,-1.254576282424356
Sweden,0,2,3.0,0,0,0,1,0,1,-0.09247758817288819,-1.254576282424356
Sweden,0,1,1.0,1,0,0,0,1,0,-0.09066306052213421,-1.254576282424356
Sweden,0,1,2.0,0,0,1,0,1,0,-0.09247291916654321,-1.254576282424356
Sweden,0,1,1.0,0,0,1,0,1,0,-0.08983814773981472,-1.254576282424356
Sweden,0,1,0.0,0,0,1,0,1,0,-0.09082804307859811,-1.254576282424356
Sweden,0,1,2.0,1,0,0,0,1,0,-0.09247291916654321,-1.254576282424356
Sweden,0,0,0.0,0,0,1,0,1,0,-0.09246467003872001,-1.254576282424356
Sweden,0,1,0.0,1,0,0,0,1,0,-0.09176844365044234,-1.254576282424356
Sweden,0,2,0.0,1,0,0,0,1,0,-0.09213140527466293,-1.254576282424356
Sweden,0,2,0.0,0,0,1,0,1,0,-0.09157046458268567,-1.254576282424356
Sweden,0,2,0.0,0,0,1,0,1,0,-0.09110851342458674,-0.9850936484934245
Sweden,0,2,0.0,1,0,0,0,1,0,-0.0920159174851382,-0.9850936484934245
Sweden,0,1,0.0,1,0,0,0,1,0,-0.09049807796567032,-0.9850936484934245
Sweden,0,0,0.0,0,0,1,0,1,0,-0.0911992538306419,-0.9850936484934245
Sweden,0,1,0.0,0,0,1,0,1,0,-0.08884825240103131,-0.9850936484934245
Sweden,0,1,1.0,0,0,1,0,1,0,-0.084393723376506,-0.9850936484934245
Sweden,0,1,2.0,0,0,1,0,1,0,-0.09247291916654321,-0.9850936484934245
Sweden,0,1,1.0,1,0,0,0,1,0,-0.09176844365044234,-0.9850936484934245
Sweden,0,2,3.0,0,0,0,1,0,1,-0.09247760467115268,-0.9850936484934245
Sweden,0,2,0.0,0,1,0,0,0,1,-0.09247677975832119,-0.9850936484934245
Sweden,0,0,3.0,0,0,0,1,0,1,-0.09247773005789156,-0.9850936484934245
Sweden,0,1,3.0,0,1,0,0,0,1,-0.09247555888748596,-0.9850936484934245
Sweden,0,1,3.0,0,0,0,1,0,1,-0.0924776211693926,-0.9850936484934245
Sweden,0,1,3.0,0,0,0,1,0,1,-0.09247735719730815,-0.715611014562493
Sweden,0,1,0.0,0,1,0,0,0,1,-0.09247645804234789,-0.715611014562493
Sweden,0,0,3.0,0,0,0,1,0,1,-0.09247755517638377,-0.715611014562493
Sweden,0,0,3.0,0,1,0,0,0,1,-0.09247645804234789,-0.715611014562493
Sweden,0,2,3.0,0,1,0,0,0,1,-0.09247668076878338,-0.715611014562493
Sweden,0,2,3.0,0,0,0,1,0,1,-0.09247747268511046,-0.715611014562493
Sweden,0,1,1.0,1,0,0,0,1,0,-0.08307386292479478,-0.715611014562493
Sweden,0,1,2.0,0,0,1,0,1,0,-0.09247126934097857,-0.715611014562493
Sweden,0,1,1.0,0,0,1,0,1,0,-0.07630957810977486,-0.715611014562493
Sweden,0,1,0.0,0,0,1,0,1,0,-0.0845587059329699,-0.715611014562493
Sweden,0,1,2.0,1,0,0,0,1,0,-0.09247621881767248,-0.715611014562493
Sweden,0,0,0.0,0,0,1,0,1,0,-0.0911992538306419,-0.715611014562493
Sweden,0,0,0.0,1,0,0,0,1,0,-0.09246302021315538,-0.715611014562493
Sweden,0,1,0.0,1,0,0,0,1,0,-0.0875283919493201,-0.715611014562493
Sweden,0,2,1.0,0,0,1,0,1,0,-0.09246631986428465,-0.715611014562493
Sweden,0,2,0.0,1,0,0,0,1,0,-0.09194992446255264,-0.715611014562493
Sweden,0,2,0.0,0,0,1,0,1,0,-0.0911992538306419,-0.715611014562493
Sweden,0,0,1.0,0,0,1,0,1,0,-0.09246961951541392,-0.715611014562493
Sweden,0,0,1.0,1,0,0,0,1,0,-0.09246961951541392,-0.715611014562493
Sweden,0,2,0.0,1,0,0,0,1,0,-0.09246631986428465,-0.715611014562493
Sweden,0,0,1.0,1,0,0,0,1,0,-0.09244982160863827,0.09283688723030159
Sweden,0,0,1.0,0,0,1,0,1,0,-0.0911992538306419,-0.44612838063156146
Sweden,0,2,0.0,0,0,1,0,1,0,-0.0911992538306419,0.09283688723030159
Sweden,0,2,0.0,1,0,0,0,1,0,-0.09176844365044234,-0.44612838063156146
Sweden,0,2,1.0,0,0,1,0,1,0,-0.09246631986428465,-0.44612838063156146
Sweden,0,1,0.0,1,0,0,0,1,0,-0.087693374505784,-0.44612838063156146
Sweden,0,0,0.0,1,0,0,0,1,0,-0.09242342439960403,-0.44612838063156146
Sweden,0,0,0.0,0,0,1,0,1,0,-0.09240857596952229,-0.44612838063156146
Sweden,0,1,2.0,1,0,0,0,1,0,-0.09247291916654321,-0.44612838063156146
Sweden,0,1,0.0,0,0,1,0,1,0,-0.08010417690844457,-0.44612838063156146
Sweden,0,1,1.0,0,0,1,0,1,0,-0.061131182915096,-0.44612838063156146
Sweden,0,1,2.0,0,0,1,0,1,0,-0.09246631986428465,-0.44612838063156146
Sweden,0,1,1.0,1,0,0,0,1,0,-0.09176844365044234,-0.44612838063156146
Sweden,0,2,3.0,0,0,0,1,0,1,-0.09247739019383715,-0.44612838063156146
Sweden,0,2,3.0,0,1,0,0,0,1,-0.09247773005789156,-0.44612838063156146
Sweden,0,0,3.0,0,1,0,0,0,1,-0.09247159930617016,-0.44612838063156146
Sweden,0,0,3.0,0,0,0,1,0,1,-0.0924770437304548,-0.44612838063156146
Sweden,0,1,3.0,0,1,0,0,0,1,-0.09247225923616001,-0.44612838063156146
Sweden,0,1,3.0,0,0,0,1,0,1,-0.0924769612391569,-0.44612838063156146
Sweden,0,1,3.0,0,0,0,1,0,1,-0.09247640029850819,-0.17664574670062994
Sweden,0,1,3.0,0,1,0,0,0,1,-0.0924694545330148,-0.17664574670062994
Sweden,0,0,3.0,0,0,0,1,0,1,-0.09247758817288819,-0.17664574670062994
Sweden,0,0,3.0,0,1,0,0,0,1,-0.09247636730193004,-0.17664574670062994
Sweden,0,2,3.0,0,1,0,0,0,1,-0.09247730770253924,-0.17664574670062994
Sweden,0,2,3.0,0,0,0,1,0,1,-0.09247729120429933,-0.17664574670062994
Sweden,0,1,1.0,1,0,0,0,1,0,-0.06608065960901302,-0.17664574670062994
Sweden,0,1,2.0,0,0,1,0,1,0,-0.0924432223063797,-0.17664574670062994
Sweden,0,1,1.0,0,0,1,0,1,0,-0.0911992538306419,-0.17664574670062994
Sweden,0,1,0.0,0,0,1,0,1,0,-0.07432978743220806,-0.17664574670062994
Sweden,0,1,2.0,1,0,0,0,1,0,-0.09245477108533218,-0.17664574670062994
Sweden,0,0,0.0,1,0,0,0,1,0,-0.09245807073646145,-0.17664574670062994
Sweden,0,1,0.0,1,0,0,0,1,0,-0.0852186361588255,-0.17664574670062994
Sweden,0,2,1.0,0,0,1,0,1,0,-0.09246631986428465,-0.17664574670062994
Sweden,0,2,0.0,1,0,0,0,1,0,-0.09214790353030933,-0.17664574670062994
Sweden,0,2,0.0,0,0,1,0,1,0,-0.08934320007042301,-0.17664574670062994
Sweden,0,0,1.0,0,0,1,0,1,0,-0.09242507422516867,-0.17664574670062994
Sweden,0,0,0.0,0,0,1,0,1,0,-0.0911992538306419,-0.17664574670062994
Sweden,0,0,0.0,0,0,1,0,1,0,-0.09232938434241961,0.09283688723030159
Sweden,0,0,1.0,0,0,1,0,1,0,-0.0923244348657257,0.09283688723030159
Sweden,0,2,0.0,0,0,1,0,1,0,-0.08802333961871181,0.09283688723030159
Sweden,0,2,0.0,1,0,0,0,1,0,-0.09122400121411148,0.09283688723030159
Sweden,0,2,1.0,0,0,1,0,1,0,-0.0911992538306419,0.09283688723030159
Sweden,0,1,0.0,1,0,0,0,1,0,-0.08076410713430018,0.09283688723030159
Sweden,0,0,0.0,1,0,0,0,1,0,-0.09241847492291012,0.09283688723030159
Sweden,0,2,1.0,1,0,0,0,1,0,-0.09246302021315538,0.09283688723030159
Sweden,0,1,0.0,0,0,1,0,1,0,-0.06443083404437401,0.09283688723030159
Sweden,0,1,1.0,0,0,1,0,1,0,-0.011636415975925801,0.09283688723030159
Sweden,0,1,2.0,0,0,1,0,1,0,-0.0924432223063797,0.09283688723030159
Sweden,0,1,1.0,1,0,0,0,1,0,-0.09176844365044234,0.09283688723030159
Sweden,0,2,3.0,0,0,0,1,0,1,-0.09247709322522371,0.09283688723030159
Sweden,0,2,3.0,0,1,0,0,0,1,-0.09247572387008177,0.09283688723030159
Sweden,0,0,3.0,0,1,0,0,0,1,-0.09247110435857944,0.09283688723030159
Sweden,0,0,3.0,0,0,0,1,0,1,-0.09247555888748596,0.09283688723030159
Sweden,0,1,3.0,0,1,0,0,0,1,-0.09246532996910321,0.09283688723030159
Sweden,0,1,3.0,0,0,0,1,0,1,-0.09247572387008177,0.09283688723030159
Sweden,0,1,3.0,0,0,0,1,0,1,-0.09247456899210785,0.3623195211612331
Sweden,0,1,3.0,0,1,0,0,0,1,-0.0924597205620261,0.3623195211612331
Sweden,0,0,3.0,0,0,0,1,0,1,-0.09247440400970872,0.3623195211612331
Sweden,0,0,3.0,0,1,0,0,0,1,-0.09246565993390146,0.3623195211612331
Sweden,0,2,3.0,0,1,0,0,0,1,-0.09247374407932553,0.3623195211612331
Sweden,0,2,3.0,0,0,0,1,0,1,-0.09247758817288819,0.3623195211612331
Sweden,0,1,1.0,1,0,0,0,1,0,-0.05123222952726196,0.3623195211612331
Sweden,0,1,2.0,0,0,1,0,1,0,-0.09240857596952229,0.3623195211612331
Sweden,0,1,1.0,0,0,1,0,1,0,0.018060444187576317,0.3623195211612331
Sweden,0,1,0.0,0,0,1,0,1,0,-0.042983101704066926,0.3623195211612331
Sweden,0,1,2.0,1,0,0,0,1,0,-0.09247456899210785,0.09283688723030159
Sweden,0,0,0.0,1,0,0,0,1,0,-0.09176844365044234,0.3623195211612331
Sweden,0,1,0.0,1,0,0,0,1,0,-0.06608065960901302,0.3623195211612331
Sweden,0,2,1.0,0,0,1,0,1,0,-0.09247126934097857,0.3623195211612331
Sweden,0,2,0.0,1,0,0,0,1,0,-0.09016811285274251,0.3623195211612331
Sweden,0,2,0.0,0,0,1,0,1,0,-0.08604354894114499,0.3623195211612331
Sweden,0,0,1.0,0,0,1,0,1,0,-0.0923244348657257,0.3623195211612331
Sweden,0,0,0.0,0,0,1,0,1,0,-0.09216440178595571,0.3623195211612331
Sweden,0,0,3.0,0,0,1,0,1,0,-0.09190042969561348,0.6318021550921646
Sweden,0,0,1.0,0,0,1,0,1,0,-0.0923244348657257,0.6318021550921646
Sweden,0,2,0.0,0,0,1,0,1,0,-0.08274389781186699,0.6318021550921646
Sweden,0,2,0.0,1,0,0,0,1,0,-0.09176844365044234,0.6318021550921646
Sweden,0,2,1.0,0,0,1,0,1,0,-0.0910260221463548,0.6318021550921646
Sweden,0,1,0.0,1,0,0,0,1,0,-0.04628275283334494,0.6318021550921646
Sweden,0,0,0.0,1,0,0,0,1,0,-0.09221389655289489,0.09283688723030159
Sweden,0,1,0.0,1,0,0,0,1,0,-0.09176844365044234,0.6318021550921646
Sweden,0,1,0.0,0,0,1,0,1,0,-8.763702345275387e-05,0.6318021550921646
Sweden,0,1,1.0,0,0,1,0,1,0,0.10550119911344367,0.6318021550921646
Sweden,0,1,2.0,0,0,1,0,1,0,-0.09240032684169909,0.6318021550921646
Sweden,0,1,1.0,1,0,0,0,1,0,0.01641061862293731,0.6318021550921646
Sweden,0,2,3.0,0,0,0,1,0,1,-0.09247758817288819,0.6318021550921646
Sweden,0,2,0.0,0,1,0,0,0,1,-0.09246780470745017,0.6318021550921646
Sweden,0,0,3.0,0,1,0,0,0,1,-0.09246153537077656,0.6318021550921646
Sweden,0,0,3.0,0,0,0,1,0,1,-0.09247176428856929,0.6318021550921646
Sweden,0,1,3.0,0,1,0,0,0,1,-0.09242507422516867,0.6318021550921646
Sweden,0,1,3.0,0,0,0,1,0,1,-0.09247192927136176,0.6318021550921646
Sweden,0,1,3.0,0,0,0,1,0,1,-0.09247758817288819,0.9012847890230962
Sweden,0,1,3.0,0,1,0,0,0,1,-0.09240692614395765,0.9012847890230962
Sweden,0,0,3.0,0,0,0,1,0,1,-0.09246928955061567,0.9012847890230962
Sweden,0,0,3.0,0,1,0,0,0,1,-0.09247645804234789,0.9012847890230962
Sweden,0,2,3.0,0,1,0,0,0,1,-0.09247645804234789,0.9012847890230962
Sweden,0,2,3.0,0,0,0,1,0,1,-0.09247555888748596,0.9012847890230962
Sweden,0,1,1.0,1,0,0,0,1,0,0.03620852539860539,0.9012847890230962
Sweden,0,1,2.0,0,0,1,0,1,0,-0.09237392963266487,0.9012847890230962
Sweden,0,1,1.0,0,0,1,0,1,0,0.2209889886381741,0.9012847890230962
Sweden,0,1,0.0,0,0,1,0,1,0,0.0890029434670536,0.9012847890230962
Sweden,0,1,2.0,1,0,0,0,1,0,-0.0924514714342029,0.9012847890230962
Sweden,0,0,0.0,1,0,0,0,1,0,-0.09176844365044234,0.9012847890230962
Sweden,0,1,0.0,1,0,0,0,1,0,0.0015621885411862527,0.9012847890230962
Sweden,0,2,1.0,0,0,1,0,1,0,-0.09221389655289489,0.9012847890230962
Sweden,0,2,0.0,1,0,0,0,1,0,-0.0881883221751757,0.9012847890230962
Sweden,0,2,0.0,0,0,1,0,1,0,-0.07861933390026947,0.9012847890230962
Sweden,0,0,1.0,0,0,1,0,1,0,-0.0923244348657257,0.9012847890230962
Sweden,0,0,0.0,0,0,1,0,1,0,-0.09160346109397845,0.9012847890230962
Sweden,0,0,2.0,1,0,0,0,1,0,-0.09247456899210785,0.9012847890230962
Sweden,0,0,2.0,0,0,1,0,1,0,-0.09247456899210785,0.9012847890230962
Sweden,0,0,2.0,0,0,1,0,1,0,-0.09247456899210785,1.1707674229540277
Sweden,0,0,0.0,0,0,1,0,1,0,-0.09096002912376924,0.09283688723030159
Sweden,0,0,1.0,0,0,1,0,1,0,-0.0923244348657257,1.1707674229540277
Sweden,0,2,0.0,0,0,1,0,1,0,-0.07103013630293004,1.1707674229540277
Sweden,0,2,0.0,1,0,0,0,1,0,-0.08422874082004209,1.1707674229540277
Sweden,0,2,0.0,0,0,1,0,1,0,-0.09178494190608874,1.1707674229540277
Sweden,0,1,0.0,1,0,0,0,1,0,-0.09176844365044234,1.1707674229540277
Sweden,0,0,0.0,1,0,0,0,1,0,-0.09213140527466293,1.1707674229540277
Sweden,0,1,2.0,1,0,0,0,1,0,-0.09247456899210785,1.1707674229540277
Sweden,0,1,0.0,0,0,1,0,1,0,0.23748724428456416,1.1707674229540277
Sweden,0,1,1.0,0,0,1,0,1,0,0.3034802668701244,0.09283688723030159
Sweden,0,1,2.0,0,0,1,0,1,0,-0.09237062998153558,1.1707674229540277
Sweden,0,1,1.0,1,0,0,0,1,0,0.018060444187576317,1.1707674229540277
Sweden,0,2,3.0,0,0,0,1,0,1,-0.09247758817288819,1.1707674229540277
Sweden,0,2,3.0,0,1,0,0,0,1,-0.09245642091089681,1.1707674229540277
Sweden,0,0,3.0,0,1,0,0,0,1,-0.09244982160863827,1.1707674229540277
Sweden,0,0,3.0,0,0,0,1,0,1,-0.0924638451259377,1.1707674229540277
Sweden,0,1,3.0,0,1,0,0,0,1,-0.09238877806274662,1.1707674229540277
Sweden,0,1,3.0,0,0,0,1,0,1,-0.09246351516113945,1.1707674229540277
Sweden,0,1,3.0,0,0,0,1,0,1,-0.0924597205620261,1.4402500568849592
Sweden,0,1,3.0,0,1,0,0,0,1,-0.09247645804234789,1.4402500568849592
Sweden,0,0,3.0,0,0,0,1,0,1,-0.09246137038759074,1.4402500568849592
Sweden,0,0,3.0,0,1,0,0,0,1,-0.09243662300412114,1.4402500568849592
Sweden,0,2,3.0,0,1,0,0,0,1,-0.09244652195750898,1.4402500568849592
Sweden,0,2,3.0,0,0,0,1,0,1,-0.09247209425376089,1.4402500568849592
Sweden,0,1,1.0,1,0,0,0,1,0,0.00816149079974228,1.4402500568849592
Sweden,0,1,2.0,0,0,1,0,1,0,-0.09239867701613445,1.4402500568849592
Sweden,0,1,1.0,0,0,1,0,1,0,0.3529750338092946,1.4402500568849592
Sweden,0,1,0.0,0,0,1,0,1,0,0.38597154510207476,1.4402500568849592
Sweden,0,1,2.0,1,0,0,0,1,0,-0.09247456899210785,1.4402500568849592
Sweden,0,0,3.0,1,0,0,0,1,0,-0.09196642271819903,1.4402500568849592
Sweden,0,1,0.0,1,0,0,0,1,0,0.0890029434670536,1.4402500568849592
Sweden,0,2,1.0,0,0,1,0,1,0,-0.09176844365044234,1.4402500568849592
Sweden,0,2,0.0,1,0,0,0,1,0,-0.07812438623087777,1.4402500568849592
Sweden,0,2,0.0,0,0,1,0,1,0,-0.057831531785817986,1.4402500568849592
Sweden,0,0,1.0,0,0,1,0,1,0,-0.09244157248081507,1.4402500568849592
Sweden,0,0,0.0,0,0,1,0,1,0,-0.09049807796567032,1.4402500568849592
Sweden,0,0,2.0,0,0,1,0,1,0,-0.09246137038759074,1.4402500568849592
Sweden,0,0,2.0,1,0,0,0,1,0,-0.09246467003872001,1.4402500568849592
Sweden,0,2,1.0,1,0,0,0,1,0,-0.09246961951541392,1.4402500568849592
Switzerland,0,1,0.0,1,0,0,0,1,0,-0.09181793841738152,-1.793541550286219
Switzerland,0,1,0.0,0,0,1,0,1,0,-0.09181793841738152,-1.793541550286219
Switzerland,0,1,1.0,0,0,1,0,1,0,-0.09241022579508693,-1.793541550286219
Switzerland,0,1,1.0,1,0,0,0,1,0,-0.09241022579508693,-1.793541550286219
Switzerland,0,1,0.0,0,1,0,0,0,1,-0.0924776376676571,-1.793541550286219
Switzerland,0,1,3.0,0,0,0,1,0,1,-0.09247785214498185,-1.793541550286219
Switzerland,0,1,3.0,0,0,0,1,0,1,-0.09247782244811989,-1.5240589163552876
Switzerland,0,1,3.0,0,1,0,0,0,1,-0.09247748918335037,-1.5240589163552876
Switzerland,0,2,3.0,0,1,0,0,0,1,-0.09247724170953042,-1.5240589163552876
Switzerland,0,2,3.0,0,0,0,1,0,1,-0.09247780265021602,-1.5240589163552876
Switzerland,0,1,1.0,1,0,0,0,1,0,-0.09181793841738152,-1.5240589163552876
Switzerland,0,1,0.0,0,0,1,0,1,0,-0.09175194539479596,-1.5240589163552876
Switzerland,0,1,0.0,0,0,1,0,1,0,-0.0911992538306419,-1.5240589163552876
Switzerland,0,1,0.0,1,0,0,0,1,0,-0.09191692795125986,-1.5240589163552876
Switzerland,0,2,0.0,0,0,1,0,1,0,-0.09227988957548044,-1.5240589163552876
Switzerland,0,2,0.0,1,0,0,0,1,0,-0.09227988957548044,-1.5240589163552876
Switzerland,0,2,0.0,1,0,0,0,1,0,-0.09229638783112683,-1.254576282424356
Switzerland,0,2,0.0,0,0,1,0,1,0,-0.09209840876337015,-1.254576282424356
Switzerland,0,1,0.0,1,0,0,0,1,0,-0.09049807796567032,-1.254576282424356
Switzerland,0,1,0.0,0,0,1,0,1,0,-0.08934320007042301,-1.254576282424356
Switzerland,0,1,1.0,0,0,1,0,1,0,-0.09148797330445373,-1.254576282424356
Switzerland,0,1,1.0,1,0,0,0,1,0,-0.09219739829724849,-1.254576282424356
Switzerland,0,2,3.0,0,0,0,1,0,1,-0.09247774985580158,-1.254576282424356
Switzerland,0,2,3.0,0,1,0,0,0,1,-0.09247645804234789,-1.254576282424356
Switzerland,0,1,3.0,0,1,0,0,0,1,-0.09247715921823253,-1.254576282424356
Switzerland,0,1,3.0,0,0,0,1,0,1,-0.09247758817288819,-1.254576282424356
Switzerland,0,1,3.0,0,0,0,1,0,1,-0.0924776706641738,-0.9850936484934245
Switzerland,0,1,3.0,0,1,0,0,0,1,-0.09247628481073047,-0.9850936484934245
Switzerland,0,2,3.0,0,1,0,0,0,1,-0.09247757167462368,-0.9850936484934245
Switzerland,0,2,3.0,0,0,0,1,0,1,-0.09247772840806265,-0.9850936484934245
Switzerland,0,1,1.0,1,0,0,0,1,0,-0.09214790353030933,-0.9850936484934245
Switzerland,0,1,1.0,0,0,1,0,1,0,-0.09114150993587952,-0.9850936484934245
Switzerland,0,1,0.0,0,0,1,0,1,0,-0.0911992538306419,-0.9850936484934245
Switzerland,0,1,0.0,1,0,0,0,1,0,-0.08802333961871181,-0.9850936484934245
Switzerland,0,2,0.0,0,0,1,0,1,0,-0.09199941922949181,-0.9850936484934245
Switzerland,0,2,0.0,1,0,0,0,1,0,-0.09239207771387589,-0.9850936484934245
Switzerland,0,2,0.0,1,0,0,0,1,0,-0.09221389655289489,-0.715611014562493
Switzerland,0,0,1.0,0,0,1,0,1,0,-0.0924597205620261,-0.715611014562493
Switzerland,0,2,0.0,0,0,1,0,1,0,-0.09175194539479596,-0.715611014562493
Switzerland,0,1,0.0,1,0,0,0,1,0,-0.0870334442799284,-0.715611014562493
Switzerland,0,1,0.0,0,0,1,0,1,0,-0.07960922923905288,-0.715611014562493
Switzerland,0,1,2.0,1,0,0,0,1,0,-0.09246137038759074,-0.715611014562493
Switzerland,0,1,0.0,0,0,1,0,1,0,-0.0871984268363923,-0.715611014562493
Switzerland,0,1,1.0,1,0,0,0,1,0,-0.09176844365044234,-0.715611014562493
Switzerland,0,1,2.0,0,0,1,0,1,0,-0.09246137038759074,-0.715611014562493
Switzerland,0,2,3.0,0,0,0,1,0,1,-0.09247765416592159,-0.715611014562493
Switzerland,0,2,0.0,0,1,0,0,0,1,-0.09247702723221489,-0.715611014562493
Switzerland,0,1,3.0,0,1,0,0,0,1,-0.09247506393969857,-0.715611014562493
Switzerland,0,1,3.0,0,0,0,1,0,1,-0.09247745618684597,-0.715611014562493
Switzerland,0,0,3.0,0,0,0,1,0,1,-0.09247765416592159,-0.715611014562493
Switzerland,0,0,3.0,0,0,0,1,0,1,-0.09247750568161486,-0.44612838063156146
Switzerland,0,0,3.0,0,1,0,0,0,1,-0.0924768622496191,-0.44612838063156146
Switzerland,0,1,3.0,0,0,0,1,0,1,-0.09247727470601025,-0.44612838063156146
Switzerland,0,1,0.0,0,1,0,0,0,1,-0.09247473397470364,-0.44612838063156146
Switzerland,0,2,3.0,0,1,0,0,0,1,-0.09247740669207706,-0.44612838063156146
Switzerland,0,2,3.0,0,0,0,1,0,1,-0.0924776211693926,-0.44612838063156146
Switzerland,0,1,2.0,0,0,1,0,1,0,-0.09241847492291012,-0.44612838063156146
Switzerland,0,1,1.0,1,0,0,0,1,0,-0.09176844365044234,-0.44612838063156146
Switzerland,0,1,1.0,0,0,1,0,1,0,-0.08422874082004209,-0.44612838063156146
Switzerland,0,1,2.0,1,0,0,0,1,0,-0.0924349731785565,-0.44612838063156146
Switzerland,0,1,0.0,0,0,1,0,1,0,-0.07432978743220806,-0.44612838063156146
Switzerland,0,1,0.0,1,0,0,0,1,0,-0.0870334442799284,-0.44612838063156146
Switzerland,0,2,0.0,0,0,1,0,1,0,-0.09158696283833206,-0.44612838063156146
Switzerland,0,0,1.0,0,0,1,0,1,0,-0.09245477108533218,-0.44612838063156146
Switzerland,0,2,0.0,1,0,0,0,1,0,-0.0923376334702428,-0.44612838063156146
Switzerland,0,0,2.0,1,0,0,0,1,0,-0.09246961951541392,-0.44612838063156146
Switzerland,0,0,2.0,0,0,1,0,1,0,-0.09247126934097857,-0.44612838063156146
Switzerland,0,0,0.0,1,0,0,0,1,0,-0.09246961951541392,-0.44612838063156146
Switzerland,0,0,0.0,0,0,1,0,1,0,-0.09246961951541392,-0.44612838063156146
Switzerland,0,0,0.0,0,0,1,0,1,0,-0.09246631986428465,-0.17664574670062994
Switzerland,0,0,0.0,1,0,0,0,1,0,-0.09247456899210785,-0.17664574670062994
Switzerland,0,0,2.0,0,0,1,0,1,0,-0.09246137038759074,-0.17664574670062994
Switzerland,0,2,0.0,1,0,0,0,1,0,-0.09176844365044234,-0.17664574670062994
Switzerland,0,0,1.0,0,0,1,0,1,0,-0.09242012474847476,0.09283688723030159
Switzerland,0,2,0.0,0,0,1,0,1,0,-0.09145497679316093,-0.17664574670062994
Switzerland,0,1,0.0,1,0,0,0,1,0,-0.0845587059329699,0.09283688723030159
Switzerland,0,1,0.0,0,0,1,0,1,0,-0.06608065960901302,-0.17664574670062994
Switzerland,0,1,2.0,1,0,0,0,1,0,-0.09247621881767248,-0.17664574670062994
Switzerland,0,1,1.0,0,0,1,0,1,0,-0.07762943856148606,-0.17664574670062994
Switzerland,0,1,0.0,1,0,0,0,1,0,-0.09176844365044234,-0.17664574670062994
Switzerland,0,1,2.0,0,0,1,0,1,0,-0.09241682509734549,-0.17664574670062994
Switzerland,0,2,3.0,0,0,0,1,0,1,-0.09247758817288819,-0.17664574670062994
Switzerland,0,2,3.0,0,1,0,0,0,1,-0.09247676326008128,-0.17664574670062994
Switzerland,0,1,0.0,0,1,0,0,0,1,-0.09247341411413393,-0.17664574670062994
Switzerland,0,1,3.0,0,0,0,1,0,1,-0.09247697773739681,-0.17664574670062994
Switzerland,0,0,3.0,0,1,0,0,0,1,-0.09247745618684597,-0.17664574670062994
Switzerland,0,0,3.0,0,0,0,1,0,1,-0.09247706022869472,-0.17664574670062994
Switzerland,0,0,3.0,0,0,0,1,0,1,-0.09247689524619726,0.09283688723030159
Switzerland,0,0,3.0,0,1,0,0,0,1,-0.09247645804234789,0.09283688723030159
Switzerland,0,1,3.0,0,0,0,1,0,1,-0.09247758817288819,0.09283688723030159
Switzerland,0,1,3.0,0,1,0,0,0,1,-0.09247258920135161,0.09283688723030159
Switzerland,0,2,0.0,0,1,0,0,0,1,-0.09247638380026828,0.09283688723030159
Switzerland,0,2,3.0,0,0,0,1,0,1,-0.09247743968860606,0.09283688723030159
Switzerland,0,1,2.0,0,0,1,0,1,0,-0.09238052893492342,0.09283688723030159
Switzerland,0,1,1.0,1,0,0,0,1,0,-0.0852186361588255,0.09283688723030159
Switzerland,0,1,1.0,0,0,1,0,1,0,-0.06938031073829103,0.09283688723030159
Switzerland,0,1,2.0,1,0,0,0,1,0,-0.09244157248081507,0.09283688723030159
Switzerland,0,1,0.0,0,0,1,0,1,0,-0.057831531785817986,0.09283688723030159
Switzerland,0,1,0.0,1,0,0,0,1,0,-0.08406375826357819,0.09283688723030159
Switzerland,0,2,0.0,0,0,1,0,1,0,-0.09082804307859811,0.09283688723030159
Switzerland,0,0,1.0,0,0,1,0,1,0,-0.09242012474847476,0.09283688723030159
Switzerland,0,2,0.0,1,0,0,0,1,0,-0.09198292097384542,0.09283688723030159
Switzerland,0,0,2.0,0,0,1,0,1,0,-0.09244487213194434,0.09283688723030159
Switzerland,0,0,2.0,1,0,0,0,1,0,-0.09246137038759074,0.09283688723030159
Switzerland,0,0,0.0,1,0,0,0,1,0,-0.09244817178307362,0.09283688723030159
Switzerland,0,0,0.0,0,0,1,0,1,0,-0.09244982160863827,0.09283688723030159
Switzerland,0,0,0.0,0,0,1,0,1,0,-0.0911992538306419,0.3623195211612331
Switzerland,0,0,0.0,1,0,0,0,1,0,-0.09246137038759074,0.3623195211612331
Switzerland,0,0,2.0,0,0,1,0,1,0,-0.09244487213194434,0.3623195211612331
Switzerland,0,2,0.0,1,0,0,0,1,0,-0.0915209698157465,0.3623195211612331
Switzerland,0,0,1.0,0,0,1,0,1,0,-0.0911992538306419,0.3623195211612331
Switzerland,0,2,0.0,0,0,1,0,1,0,-0.08983814773981472,0.3623195211612331
Switzerland,0,1,0.0,1,0,0,0,1,0,-0.07103013630293004,0.3623195211612331
Switzerland,0,1,0.0,0,0,1,0,1,0,-0.0363837994455109,0.3623195211612331
Switzerland,0,1,2.0,1,0,0,0,1,0,-0.09243662300412114,0.3623195211612331
Switzerland,0,1,1.0,0,0,1,0,1,0,-0.06608065960901302,0.3623195211612331
Switzerland,0,1,1.0,1,0,0,0,1,0,-0.08538361871528939,0.3623195211612331
Switzerland,0,1,2.0,0,0,1,0,1,0,-0.09233928329580744,0.09283688723030159
Switzerland,0,2,3.0,0,0,0,1,0,1,-0.09247719221476153,0.3623195211612331
Switzerland,0,2,3.0,0,1,0,0,0,1,-0.09247645804234789,0.3623195211612331
Switzerland,0,1,3.0,0,1,0,0,0,1,-0.09247645804234789,0.3623195211612331
Switzerland,0,1,3.0,0,0,0,1,0,1,-0.09247605383507669,0.3623195211612331
Switzerland,0,0,3.0,0,1,0,0,0,1,-0.09247572387008177,0.3623195211612331
Switzerland,0,0,3.0,0,0,0,1,0,1,-0.09247674676184137,0.3623195211612331
Switzerland,0,0,3.0,0,0,0,1,0,1,-0.09247621881767248,0.6318021550921646
Switzerland,0,0,3.0,0,1,0,0,0,1,-0.09247242421895248,0.6318021550921646
Switzerland,0,1,0.0,0,0,0,1,0,1,-0.09247489895729945,0.6318021550921646
Switzerland,0,1,3.0,0,1,0,0,0,1,-0.09245477108533218,0.6318021550921646
Switzerland,0,2,3.0,0,1,0,0,0,1,-0.09247324913173481,0.6318021550921646
Switzerland,0,2,3.0,0,0,0,1,0,1,-0.09247691174443717,0.6318021550921646
Switzerland,0,1,2.0,0,0,1,0,1,0,-0.09233928329580744,0.6318021550921646
Switzerland,0,1,1.0,1,0,0,0,1,0,-0.06938031073829103,0.6318021550921646
Switzerland,0,1,1.0,0,0,1,0,1,0,-0.0911992538306419,0.6318021550921646
Switzerland,0,1,0.0,0,0,1,0,1,0,-0.0033872881527307673,0.6318021550921646
Switzerland,0,1,0.0,1,0,0,0,1,0,-0.05948135735045699,0.6318021550921646
Switzerland,0,2,0.0,0,0,1,0,1,0,-0.08851828728810351,0.6318021550921646
Switzerland,0,0,1.0,0,0,1,0,1,0,-0.09242012474847476,0.6318021550921646
Switzerland,0,2,0.0,1,0,0,0,1,0,-0.0911910047028187,0.6318021550921646
Switzerland,0,2,1.0,0,0,1,0,1,0,-0.09246302021315538,0.6318021550921646
Switzerland,0,2,1.0,1,0,0,0,1,0,-0.09246302021315538,0.6318021550921646
Switzerland,0,0,2.0,0,0,1,0,1,0,-0.09244487213194434,0.6318021550921646
Switzerland,0,0,0.0,1,0,0,0,1,0,-0.09244157248081507,0.6318021550921646
Switzerland,0,0,0.0,0,0,1,0,1,0,-0.09239867701613445,0.6318021550921646
Switzerland,0,0,0.0,0,0,1,0,1,0,-0.09232773451685497,0.9012847890230962
Switzerland,0,0,0.0,1,0,0,0,1,0,-0.09238712823718198,0.9012847890230962
Switzerland,0,0,2.0,0,0,1,0,1,0,-0.09244487213194434,0.9012847890230962
Switzerland,0,2,1.0,1,0,0,0,1,0,-0.09219739829724849,0.9012847890230962
Switzerland,0,2,1.0,0,0,1,0,1,0,-0.0911992538306419,0.9012847890230962
Switzerland,0,2,0.0,1,0,0,0,1,0,-0.09176844365044234,0.09283688723030159
Switzerland,0,0,1.0,0,0,1,0,1,0,-0.09242012474847476,0.09283688723030159
Switzerland,0,2,0.0,0,0,1,0,1,0,-0.0863735140540728,0.9012847890230962
Switzerland,0,1,0.0,1,0,0,0,1,0,-0.03968345057478891,0.9012847890230962
Switzerland,0,1,0.0,0,0,1,0,1,0,0.04940712991571745,0.9012847890230962
Switzerland,0,1,0.0,1,0,0,0,1,0,-0.09238547841161734,0.9012847890230962
Switzerland,0,1,0.0,0,0,1,0,1,0,-0.005037113717369774,0.9012847890230962
Switzerland,0,1,1.0,1,0,0,0,1,0,-0.056181706221178976,0.9012847890230962
Switzerland,0,1,2.0,0,0,1,0,1,0,-0.09224689306418767,0.9012847890230962
Switzerland,0,2,3.0,0,0,0,1,0,1,-0.09247635080369013,0.9012847890230962
Switzerland,0,2,3.0,0,1,0,0,0,1,-0.09247143432337769,0.9012847890230962
Switzerland,0,1,3.0,0,1,0,0,0,1,-0.09243992265525043,0.9012847890230962
Switzerland,0,1,3.0,0,0,0,1,0,1,-0.09247308414894233,0.9012847890230962
Switzerland,0,0,3.0,0,1,0,0,0,1,-0.0924666498290829,0.9012847890230962
Switzerland,0,0,3.0,0,0,0,1,0,1,-0.09247758817288819,0.9012847890230962
Switzerland,0,0,3.0,0,0,0,1,0,1,-0.09247758817288819,1.1707674229540277
Switzerland,0,0,3.0,0,1,0,0,0,1,-0.09243992265525043,1.1707674229540277
Switzerland,0,1,3.0,0,0,0,1,0,1,-0.09247093937618032,1.1707674229540277
Switzerland,0,1,3.0,0,1,0,0,0,1,-0.0924349731785565,1.1707674229540277
Switzerland,0,2,3.0,0,1,0,0,0,1,-0.09247645804234789,1.1707674229540277
Switzerland,0,2,3.0,0,0,0,1,0,1,-0.09247522892229437,1.1707674229540277
Switzerland,0,1,2.0,0,0,1,0,1,0,-0.09213140527466293,1.1707674229540277
Switzerland,0,1,0.0,1,0,0,0,1,0,-0.061131182915096,1.1707674229540277
Switzerland,0,1,1.0,0,0,1,0,1,0,0.024659746446132346,1.1707674229540277
Switzerland,0,1,2.0,1,0,0,0,1,0,-0.09235908120258311,1.1707674229540277
Switzerland,0,1,0.0,0,0,1,0,1,0,0.12199945475983373,0.09283688723030159
Switzerland,0,1,0.0,1,0,0,0,1,0,-0.02648484605767686,1.1707674229540277
Switzerland,0,2,0.0,0,0,1,0,1,0,-0.08175400247308358,1.1707674229540277
Switzerland,0,0,1.0,0,0,1,0,1,0,-0.09242012474847476,1.1707674229540277
Switzerland,0,2,0.0,1,0,0,0,1,0,-0.08851828728810351,1.1707674229540277
Switzerland,0,2,1.0,0,0,1,0,1,0,-0.09216440178595571,1.1707674229540277
Switzerland,0,2,1.0,1,0,0,0,1,0,-0.09247126934097857,1.1707674229540277
Switzerland,0,2,2.0,0,0,1,0,1,0,-0.09246137038759074,1.1707674229540277
Switzerland,0,0,2.0,0,0,1,0,1,0,-0.09244487213194434,1.1707674229540277
Switzerland,0,0,1.0,1,0,0,0,1,0,-0.09247621881767248,1.1707674229540277
Switzerland,0,0,0.0,1,0,0,0,1,0,-0.09229638783112683,1.1707674229540277
Switzerland,0,0,0.0,0,0,1,0,1,0,-0.09223039480854127,1.1707674229540277
Switzerland,0,0,0.0,0,0,1,0,1,0,-0.09211490701901655,1.4402500568849592
Switzerland,0,0,0.0,1,0,0,0,1,0,-0.0912075029584651,1.4402500568849592
Switzerland,0,0,2.0,0,0,1,0,1,0,-0.09245312125976754,1.4402500568849592
Switzerland,0,2,1.0,0,0,1,0,1,0,-0.09216440178595571,1.4402500568849592
Switzerland,0,2,0.0,1,0,0,0,1,0,-0.08604354894114499,1.4402500568849592
Switzerland,0,0,3.0,0,0,1,0,1,0,-0.09242012474847476,1.4402500568849592
Switzerland,0,2,0.0,0,0,1,0,1,0,-0.07597961299684705,1.4402500568849592
Switzerland,0,1,0.0,1,0,0,0,1,0,-0.005037113717369774,1.4402500568849592
Switzerland,0,1,0.0,0,0,1,0,1,0,0.20449073299178405,1.4402500568849592
Switzerland,0,1,2.0,1,0,0,0,1,0,-0.09243332335299187,1.4402500568849592
Switzerland,0,1,1.0,0,0,1,0,1,0,0.06590538556210751,1.4402500568849592
Switzerland,0,1,1.0,1,0,0,0,1,0,-0.05453188065653997,1.4402500568849592
Switzerland,0,1,2.0,0,0,1,0,1,0,-0.09208191050772377,1.4402500568849592
Switzerland,0,2,3.0,0,0,0,1,0,1,-0.09247407404451713,1.4402500568849592
Switzerland,0,2,3.0,0,1,0,0,0,1,-0.09245642091089681,1.4402500568849592
Switzerland,0,1,3.0,0,1,0,0,0,1,-0.09242837387629796,1.4402500568849592
Switzerland,0,1,3.0,0,0,0,1,0,1,-0.09246829965464753,1.4402500568849592
Switzerland,0,0,3.0,0,1,0,0,0,1,-0.09237062998153558,1.4402500568849592
Switzerland,0,0,3.0,0,0,0,1,0,1,-0.09247374407932553,1.4402500568849592
Turkiye,0,1,0.0,1,0,0,0,1,0,-0.09232608469129033,-1.5240589163552876
Turkiye,0,1,3.0,0,1,0,0,0,1,-0.09247784224602684,-1.5240589163552876
Turkiye,0,1,3.0,0,1,0,0,0,1,-0.09247786844525806,-1.254576282424356
Turkiye,0,1,3.0,0,0,0,1,0,1,-0.0924778645186733,-1.254576282424356
Turkiye,0,1,0.0,0,0,1,0,1,0,-0.09209840876337015,-1.254576282424356
Turkiye,0,1,1.0,1,0,0,0,1,0,-0.09176844365044234,-1.254576282424356
Turkiye,0,1,1.0,1,0,0,0,1,0,-0.09244157248081507,-0.9850936484934245
Turkiye,0,1,0.0,0,0,1,0,1,0,-0.09204891399643098,-0.9850936484934245
Turkiye,0,1,0.0,1,0,0,0,1,0,-0.09240197666726373,-0.9850936484934245
Turkiye,0,1,3.0,0,0,0,1,0,1,-0.09247786418870799,-0.9850936484934245
Turkiye,0,1,3.0,0,1,0,0,0,1,-0.09247784884533018,-0.9850936484934245
Turkiye,0,1,3.0,0,1,0,0,0,1,-0.09247781749864546,-0.715611014562493
Turkiye,0,1,0.0,0,0,0,1,0,1,-0.09247786237389988,-0.715611014562493
Turkiye,0,1,0.0,0,0,1,0,1,0,-0.0918674331843207,-0.715611014562493
Turkiye,0,1,1.0,1,0,0,0,1,0,-0.09229638783112683,-0.715611014562493
Turkiye,0,1,0.0,1,0,0,0,1,0,-0.09227988957548044,-0.715611014562493
Turkiye,0,1,0.0,1,0,0,0,1,0,-0.09176844365044234,-0.44612838063156146
Turkiye,0,1,1.0,1,0,0,0,1,0,-0.09234093312137209,-0.44612838063156146
Turkiye,0,1,0.0,0,0,1,0,1,0,-0.09178494190608874,-0.44612838063156146
Turkiye,0,1,1.0,0,0,1,0,1,0,-0.09213140527466293,-0.44612838063156146
Turkiye,0,1,3.0,0,0,0,1,0,1,-0.09247785874428364,-0.44612838063156146
Turkiye,0,1,3.0,0,1,0,0,0,1,-0.09247645804234789,-0.44612838063156146
Turkiye,0,1,3.0,0,1,0,0,0,1,-0.09247785049515601,-0.17664574670062994
Turkiye,0,1,3.0,0,0,0,1,0,1,-0.09247785775438845,-0.17664574670062994
Turkiye,0,1,1.0,0,0,1,0,1,0,-0.09208191050772377,-0.17664574670062994
Turkiye,0,1,0.0,0,0,1,0,1,0,-0.09165295586091762,-0.17664574670062994
Turkiye,0,1,1.0,1,0,0,0,1,0,-0.0924217745740394,-0.17664574670062994
Turkiye,0,1,0.0,1,0,0,0,1,0,-0.09235083207475991,-0.17664574670062994
Turkiye,0,1,0.0,1,0,0,0,1,0,-0.09216440178595571,0.09283688723030159
Turkiye,0,1,1.0,1,0,0,0,1,0,-0.09240362649282836,0.09283688723030159
Turkiye,0,1,0.0,0,0,1,0,1,0,-0.09140548202622177,0.09283688723030159
Turkiye,0,1,1.0,0,0,1,0,1,0,-0.0911992538306419,0.09283688723030159
Turkiye,0,1,3.0,0,0,0,1,0,1,-0.09247785511466743,0.09283688723030159
Turkiye,0,1,3.0,0,1,0,0,0,1,-0.09247779605091268,0.09283688723030159
Turkiye,0,1,3.0,0,1,0,0,0,1,-0.09247775810492154,0.3623195211612331
Turkiye,0,1,3.0,0,0,0,1,0,1,-0.09247784224602684,0.3623195211612331
Turkiye,0,1,1.0,0,0,1,0,1,0,-0.09158696283833206,0.3623195211612331
Turkiye,0,1,0.0,0,0,1,0,1,0,-0.09033309540920642,0.3623195211612331
Turkiye,0,1,1.0,1,0,0,0,1,0,-0.09232278504016106,0.3623195211612331
Turkiye,0,1,0.0,1,0,0,0,1,0,-0.09209840876337015,0.3623195211612331
Turkiye,0,1,0.0,1,0,0,0,1,0,-0.0910095238907084,0.6318021550921646
Turkiye,0,1,1.0,1,0,0,0,1,0,-0.09181793841738152,0.6318021550921646
Turkiye,0,1,0.0,0,0,1,0,1,0,-0.087693374505784,0.6318021550921646
Turkiye,0,1,1.0,0,0,1,0,1,0,-0.0911992538306419,0.6318021550921646
Turkiye,0,1,3.0,0,0,0,1,0,1,-0.09247781419899379,0.6318021550921646
Turkiye,0,1,3.0,0,1,0,0,0,1,-0.09247758817288819,0.6318021550921646
Turkiye,0,1,3.0,0,1,0,0,0,1,-0.0924769612391569,0.9012847890230962
Turkiye,0,1,3.0,0,0,0,1,0,1,-0.09247775480527602,0.9012847890230962
Turkiye,0,1,1.0,0,0,1,0,1,0,-0.0911992538306419,0.9012847890230962
Turkiye,0,1,0.0,0,0,1,0,1,0,-0.08125905480369187,0.9012847890230962
Turkiye,0,1,1.0,1,0,0,0,1,0,-0.09096002912376924,0.9012847890230962
Turkiye,0,1,0.0,1,0,0,0,1,0,-0.0875283919493201,0.9012847890230962
Turkiye,0,1,0.0,1,0,0,0,1,0,-0.08092908969076408,1.1707674229540277
Turkiye,0,1,1.0,1,0,0,0,1,0,-0.09158696283833206,1.1707674229540277
Turkiye,0,1,0.0,0,0,1,0,1,0,-0.06938031073829103,1.1707674229540277
Turkiye,0,1,1.0,0,0,1,0,1,0,-0.0911992538306419,1.1707674229540277
Turkiye,0,1,3.0,0,0,0,1,0,1,-0.09247765416592159,1.1707674229540277
Turkiye,0,1,3.0,0,1,0,0,0,1,-0.09247605383507669,1.1707674229540277
Turkiye,0,1,3.0,0,1,0,0,0,1,-0.09246137038759074,1.4402500568849592
Turkiye,0,1,3.0,0,0,0,1,0,1,-0.09247682925313927,1.4402500568849592
Turkiye,0,1,1.0,0,0,1,0,1,0,-0.084393723376506,1.4402500568849592
Turkiye,0,1,0.0,0,0,1,0,1,0,0.03455869983396639,1.4402500568849592
Turkiye,0,1,1.0,1,0,0,0,1,0,-0.08802333961871181,1.4402500568849592
Turkiye,0,1,0.0,1,0,0,0,1,0,0.01641061862293731,1.4402500568849592
United Arab Emirates,0,1,1.0,1,0,0,0,1,0,-0.09237887910935878,0.09283688723030159
United Arab Emirates,0,1,3.0,0,1,0,0,0,1,-0.0924778273975974,0.09283688723030159
United Arab Emirates,0,1,0.0,1,0,0,0,1,0,-0.09238052893492342,0.09283688723030159
United Arab Emirates,0,1,0.0,1,0,0,0,1,0,-0.09242342439960403,0.3623195211612331
United Arab Emirates,0,1,3.0,0,1,0,0,0,1,-0.09247645804234789,0.3623195211612331
United Arab Emirates,0,1,1.0,1,0,0,0,1,0,-0.09237722928379415,0.3623195211612331
United Arab Emirates,0,1,1.0,1,0,0,0,1,0,-0.09237722928379415,0.6318021550921646
United Arab Emirates,0,1,0.0,0,1,0,0,0,1,-0.09247699423573506,0.6318021550921646
United Arab Emirates,0,1,0.0,1,0,0,0,1,0,-0.09143847853751455,0.6318021550921646
United Arab Emirates,0,1,0.0,1,0,0,0,1,0,-0.0890132349574952,0.9012847890230962
United Arab Emirates,0,1,0.0,0,1,0,0,0,1,-0.0924735790969264,0.9012847890230962
United Arab Emirates,0,1,1.0,1,0,0,0,1,0,-0.08917821751395912,0.9012847890230962
United Arab Emirates,0,1,1.0,1,0,0,0,1,0,-0.08604354894114499,0.09283688723030159
United Arab Emirates,0,1,3.0,0,1,0,0,0,1,-0.09247645804234789,1.1707674229540277
United Arab Emirates,0,1,0.0,1,0,0,0,1,0,-0.06773048517365203,1.1707674229540277
United Arab Emirates,0,1,3.0,0,1,0,0,0,1,-0.09245642091089681,1.4402500568849592
United Arab Emirates,0,1,1.0,1,0,0,0,1,0,-0.08274389781186699,1.4402500568849592
United Arab Emirates,0,1,0.0,1,0,0,0,1,0,-0.05453188065653997,1.4402500568849592
United Kingdom,0,2,0.0,1,0,0,0,1,0,-0.09176844365044234,-2.063024184217151
United Kingdom,0,2,0.0,0,0,1,0,1,0,-0.0863735140540728,-2.063024184217151
United Kingdom,0,2,2.0,0,0,1,0,1,0,-0.0911992538306419,-2.063024184217151
United Kingdom,0,1,0.0,1,0,0,0,1,0,-0.09208191050772377,-2.063024184217151
United Kingdom,0,1,0.0,0,0,1,0,1,0,-0.0911992538306419,-2.063024184217151
United Kingdom,0,1,1.0,1,0,0,0,1,0,-0.0924432223063797,-2.063024184217151
United Kingdom,0,1,1.0,0,0,1,0,1,0,-0.0924432223063797,-2.063024184217151
United Kingdom,0,0,0.0,1,0,0,0,1,0,-0.09247126934097857,-2.063024184217151
United Kingdom,0,0,0.0,0,0,1,0,1,0,-0.092345882598066,-2.063024184217151
United Kingdom,0,1,3.0,0,0,0,1,0,1,-0.09247758817288819,-2.063024184217151
United Kingdom,0,2,3.0,0,0,0,1,0,1,-0.09247768716242599,-2.063024184217151
United Kingdom,0,1,3.0,0,1,0,0,0,1,-0.09247784719550434,-2.063024184217151
United Kingdom,0,0,3.0,0,1,0,0,0,1,-0.09247779935056434,-2.063024184217151
United Kingdom,0,2,3.0,0,1,0,0,0,1,-0.09247645804234789,-2.063024184217151
United Kingdom,0,0,3.0,0,0,0,1,0,1,-0.09247774985580158,-2.063024184217151
United Kingdom,0,0,3.0,0,0,0,1,0,1,-0.0924777366571949,-1.793541550286219
United Kingdom,0,2,3.0,0,1,0,0,0,1,-0.09247772840806265,-1.793541550286219
United Kingdom,0,0,3.0,0,1,0,0,0,1,-0.09247782574777155,0.09283688723030159
United Kingdom,0,1,3.0,0,1,0,0,0,1,-0.09247776635405379,-1.793541550286219
United Kingdom,0,2,3.0,0,0,0,1,0,1,-0.09247770531050711,-1.793541550286219
United Kingdom,0,1,3.0,0,0,0,1,0,1,-0.09247785379480768,-1.793541550286219
United Kingdom,0,0,0.0,0,0,1,0,1,0,-0.0923326839935489,-1.793541550286219
United Kingdom,0,0,0.0,1,0,0,0,1,0,-0.09247456899210785,-1.793541550286219
United Kingdom,0,1,0.0,0,0,1,0,1,0,-0.09243167352742723,-1.793541550286219
United Kingdom,0,1,1.0,1,0,0,0,1,0,-0.09246631986428465,-1.793541550286219
United Kingdom,0,1,0.0,0,0,1,0,1,0,-0.0881883221751757,-1.793541550286219
United Kingdom,0,1,0.0,1,0,0,0,1,0,-0.09176844365044234,-1.793541550286219
United Kingdom,0,2,2.0,0,0,1,0,1,0,-0.09247126934097857,-1.793541550286219
United Kingdom,0,2,0.0,0,0,1,0,1,0,-0.0865384966105367,-1.793541550286219
United Kingdom,0,2,0.0,1,0,0,0,1,0,-0.09211490701901655,0.09283688723030159
United Kingdom,0,2,0.0,1,0,0,0,1,0,-0.09180144016173514,-1.5240589163552876
United Kingdom,0,2,0.0,0,0,1,0,1,0,-0.0863735140540728,-1.5240589163552876
United Kingdom,0,2,2.0,0,0,1,0,1,0,-0.09247126934097857,-1.5240589163552876
United Kingdom,0,1,0.0,1,0,0,0,1,0,-0.08983814773981472,-1.5240589163552876
United Kingdom,0,1,0.0,0,0,1,0,1,0,-0.0857135838282172,-1.5240589163552876
United Kingdom,0,1,1.0,1,0,0,0,1,0,-0.09087753784553729,-1.5240589163552876
United Kingdom,0,1,1.0,0,0,1,0,1,0,-0.09084454133424451,-1.5240589163552876
United Kingdom,0,0,0.0,1,0,0,0,1,0,-0.09245477108533218,-1.5240589163552876
United Kingdom,0,0,0.0,0,0,1,0,1,0,-0.0911992538306419,-1.5240589163552876
United Kingdom,0,1,3.0,0,0,0,1,0,1,-0.092477840596201,-1.5240589163552876
United Kingdom,0,2,3.0,0,0,0,1,0,1,-0.0924777036606782,-1.5240589163552876
United Kingdom,0,1,3.0,0,1,0,0,0,1,-0.09247765416592159,-1.5240589163552876
United Kingdom,0,0,3.0,0,1,0,0,0,1,-0.09247645804234789,-1.5240589163552876
United Kingdom,0,2,3.0,0,1,0,0,0,1,-0.09247645804234789,-1.5240589163552876
United Kingdom,0,0,3.0,0,0,0,1,0,1,-0.0924777185091138,-1.5240589163552876
United Kingdom,0,0,3.0,0,0,0,1,0,1,-0.09247768716242599,-1.254576282424356
United Kingdom,0,2,3.0,0,1,0,0,0,1,-0.09247768716242599,-1.254576282424356
United Kingdom,0,0,3.0,0,1,0,0,0,1,-0.09247743968860606,-1.254576282424356
United Kingdom,0,1,3.0,0,1,0,0,0,1,-0.09247645804234789,-1.254576282424356
United Kingdom,0,2,3.0,0,0,0,1,0,1,-0.09247770861015263,-1.254576282424356
United Kingdom,0,1,3.0,0,0,0,1,0,1,-0.09247782409794572,-1.254576282424356
United Kingdom,0,0,0.0,0,0,1,0,1,0,-0.09227988957548044,-1.254576282424356
United Kingdom,0,0,0.0,1,0,0,0,1,0,-0.09243992265525043,-1.254576282424356
United Kingdom,0,1,1.0,0,0,1,0,1,0,-0.08917821751395912,-1.254576282424356
United Kingdom,0,1,1.0,1,0,0,0,1,0,-0.09066306052213421,-1.254576282424356
United Kingdom,0,1,0.0,0,0,1,0,1,0,-0.08224895014247528,-1.254576282424356
United Kingdom,0,1,0.0,1,0,0,0,1,0,-0.0881883221751757,-1.254576282424356
United Kingdom,0,2,2.0,0,0,1,0,1,0,-0.09247126934097857,-1.254576282424356
United Kingdom,0,2,0.0,0,0,1,0,1,0,-0.0865384966105367,-1.254576282424356
United Kingdom,0,2,0.0,1,0,0,0,1,0,-0.09199941922949181,-1.254576282424356
United Kingdom,0,2,0.0,1,0,0,0,1,0,-0.0911745064471723,-0.9850936484934245
United Kingdom,0,2,0.0,0,0,1,0,1,0,-0.0857135838282172,-0.9850936484934245
United Kingdom,0,2,2.0,0,0,1,0,1,0,-0.09247126934097857,-0.9850936484934245
United Kingdom,0,2,1.0,1,0,0,0,1,0,-0.09247126934097857,-0.9850936484934245
United Kingdom,0,1,0.0,1,0,0,0,1,0,-0.08142403736015578,-0.9850936484934245
United Kingdom,0,2,1.0,0,0,1,0,1,0,-0.0911992538306419,-0.9850936484934245
United Kingdom,0,1,0.0,0,0,1,0,1,0,-0.07267996186756905,-0.9850936484934245
United Kingdom,0,1,1.0,1,0,0,0,1,0,-0.07960922923905288,-0.9850936484934245
United Kingdom,0,1,1.0,0,0,1,0,1,0,-0.07647456066623876,-0.9850936484934245
United Kingdom,0,0,0.0,1,0,0,0,1,0,-0.09240032684169909,-0.9850936484934245
United Kingdom,0,0,0.0,0,0,1,0,1,0,-0.09219739829724849,-0.9850936484934245
United Kingdom,0,1,3.0,0,0,0,1,0,1,-0.09247774985580158,-0.9850936484934245
United Kingdom,0,2,3.0,0,0,0,1,0,1,-0.09247768716242599,-0.9850936484934245
United Kingdom,0,1,3.0,0,1,0,0,0,1,-0.09247689524619726,-0.9850936484934245
United Kingdom,0,0,3.0,0,1,0,0,0,1,-0.09247697773739681,-0.9850936484934245
United Kingdom,0,2,3.0,0,1,0,0,0,1,-0.09247745618684597,-0.9850936484934245
United Kingdom,0,0,3.0,0,0,0,1,0,1,-0.0924776211693926,-0.9850936484934245
United Kingdom,0,0,3.0,0,0,0,1,0,1,-0.09247758817288819,-0.715611014562493
United Kingdom,0,2,3.0,0,1,0,0,0,1,-0.09247740669207706,-0.715611014562493
United Kingdom,0,0,3.0,0,1,0,0,0,1,-0.0924776376676571,-0.715611014562493
United Kingdom,0,1,3.0,0,1,0,0,0,1,-0.09247605383507669,-0.715611014562493
United Kingdom,0,2,3.0,0,0,0,1,0,1,-0.0924776706641738,-0.715611014562493
United Kingdom,0,1,3.0,0,0,0,1,0,1,-0.09247760467115268,-0.715611014562493
United Kingdom,0,0,0.0,0,0,1,0,1,0,-0.09214790353030933,0.09283688723030159
United Kingdom,0,0,0.0,1,0,0,0,1,0,-0.0924382728296858,-0.715611014562493
United Kingdom,0,1,1.0,0,0,1,0,1,0,-0.04793257839798395,-0.715611014562493
United Kingdom,0,1,0.0,1,0,0,0,1,0,-0.061131182915096,-0.715611014562493
United Kingdom,0,1,0.0,0,0,1,0,1,0,-0.0911992538306419,-0.715611014562493
United Kingdom,0,1,2.0,1,0,0,0,1,0,-0.0924597205620261,-0.715611014562493
United Kingdom,0,2,1.0,0,0,1,0,1,0,-0.09231288608677322,-0.715611014562493
United Kingdom,0,1,0.0,1,0,0,0,1,0,-0.07597961299684705,-0.715611014562493
United Kingdom,0,2,1.0,1,0,0,0,1,0,-0.0923161857379025,-0.715611014562493
United Kingdom,0,2,2.0,0,0,1,0,1,0,-0.09247126934097857,-0.715611014562493
United Kingdom,0,2,0.0,0,0,1,0,1,0,-0.08488867104589769,-0.715611014562493
United Kingdom,0,2,0.0,1,0,0,0,1,0,-0.09176844365044234,-0.715611014562493
United Kingdom,0,2,0.0,1,0,0,0,1,0,-0.09082804307859811,-0.44612838063156146
United Kingdom,0,2,0.0,0,0,1,0,1,0,-0.08373379315065038,-0.44612838063156146
United Kingdom,0,0,1.0,1,0,0,0,1,0,-0.09224689306418767,-0.44612838063156146
United Kingdom,0,0,1.0,0,0,1,0,1,0,-0.09224689306418767,-0.44612838063156146
United Kingdom,0,2,2.0,0,0,1,0,1,0,-0.09247291916654321,-0.44612838063156146
United Kingdom,0,2,0.0,1,0,0,0,1,0,-0.09234918224919528,-0.44612838063156146
United Kingdom,0,1,0.0,1,0,0,0,1,0,-0.07597961299684705,-0.44612838063156146
United Kingdom,0,2,1.0,0,0,1,0,1,0,-0.0921809000416021,-0.44612838063156146
United Kingdom,0,1,2.0,1,0,0,0,1,0,-0.09246137038759074,-0.44612838063156146
United Kingdom,0,1,0.0,0,0,1,0,1,0,-0.042983101704066926,-0.44612838063156146
United Kingdom,0,1,1.0,1,0,0,0,1,0,-0.044632927268705935,-0.44612838063156146
United Kingdom,0,1,1.0,0,0,1,0,1,0,-0.0017374625880917606,-0.44612838063156146
United Kingdom,0,0,0.0,1,0,0,0,1,0,-0.09238052893492342,-0.44612838063156146
United Kingdom,0,0,0.0,0,0,1,0,1,0,-0.0911992538306419,-0.44612838063156146
United Kingdom,0,0,2.0,1,0,0,0,1,0,-0.09244487213194434,-0.44612838063156146
United Kingdom,0,1,3.0,0,0,0,1,0,1,-0.09247742319031697,-0.44612838063156146
United Kingdom,0,2,3.0,0,0,0,1,0,1,-0.09247765416592159,-0.44612838063156146
United Kingdom,0,1,3.0,0,1,0,0,0,1,-0.09247555888748596,-0.44612838063156146
United Kingdom,0,0,3.0,0,1,0,0,0,1,-0.09247588885248088,-0.44612838063156146
United Kingdom,0,2,3.0,0,1,0,0,0,1,-0.09247739019383715,-0.44612838063156146
United Kingdom,0,0,3.0,0,0,0,1,0,1,-0.09247758817288819,-0.44612838063156146
United Kingdom,0,0,3.0,0,0,0,1,0,1,-0.09247719221476153,-0.17664574670062994
United Kingdom,0,0,3.0,0,1,0,0,0,1,-0.09247709322522371,-0.17664574670062994
United Kingdom,0,1,3.0,0,1,0,0,0,1,-0.09247473397470364,-0.17664574670062994
United Kingdom,0,2,3.0,0,0,0,1,0,1,-0.0924776211693926,-0.17664574670062994
United Kingdom,0,2,3.0,0,1,0,0,0,1,-0.09247725820777034,-0.17664574670062994
United Kingdom,0,1,3.0,0,0,0,1,0,1,-0.09247720871300144,-0.17664574670062994
United Kingdom,0,0,2.0,1,0,0,0,1,0,-0.09246961951541392,-0.17664574670062994
United Kingdom,0,0,0.0,0,0,1,0,1,0,-0.09198292097384542,-0.17664574670062994
United Kingdom,0,0,0.0,1,0,0,0,1,0,-0.0924135254462162,-0.17664574670062994
United Kingdom,0,1,1.0,0,0,1,0,1,0,0.05105695548035645,-0.17664574670062994
United Kingdom,0,1,1.0,1,0,0,0,1,0,-0.09176844365044234,-0.17664574670062994
United Kingdom,0,1,0.0,0,0,1,0,1,0,-0.023185194928398847,-0.17664574670062994
United Kingdom,0,1,2.0,1,0,0,0,1,0,-0.0924217745740394,-0.17664574670062994
United Kingdom,0,2,1.0,0,0,1,0,1,0,-0.09211490701901655,-0.17664574670062994
United Kingdom,0,1,0.0,1,0,0,0,1,0,-0.06938031073829103,-0.17664574670062994
United Kingdom,0,2,1.0,1,0,0,0,1,0,-0.09232278504016106,-0.17664574670062994
United Kingdom,0,2,2.0,0,0,1,0,1,0,-0.09247126934097857,-0.17664574670062994
United Kingdom,0,1,2.0,0,0,1,0,1,0,-0.0924217745740394,-0.17664574670062994
United Kingdom,0,0,1.0,0,0,1,0,1,0,-0.09223039480854127,-0.17664574670062994
United Kingdom,0,0,1.0,1,0,0,0,1,0,-0.09244817178307362,-0.17664574670062994
United Kingdom,0,2,0.0,0,0,1,0,1,0,-0.08208396758601139,-0.17664574670062994
United Kingdom,0,2,0.0,1,0,0,0,1,0,-0.09033309540920642,-0.17664574670062994
United Kingdom,0,2,0.0,1,0,0,0,1,0,-0.09000313029627861,0.09283688723030159
United Kingdom,0,2,0.0,0,0,1,0,1,0,-0.0911992538306419,0.09283688723030159
United Kingdom,0,0,1.0,1,0,0,0,1,0,-0.09176844365044234,0.09283688723030159
United Kingdom,0,0,2.0,0,0,1,0,1,0,-0.0911992538306419,0.09283688723030159
United Kingdom,0,0,1.0,0,0,1,0,1,0,-0.09211490701901655,0.09283688723030159
United Kingdom,0,1,2.0,0,0,1,0,1,0,-0.09236238085371239,0.09283688723030159
United Kingdom,0,2,2.0,0,0,1,0,1,0,-0.09247291916654321,0.09283688723030159
United Kingdom,0,2,1.0,1,0,0,0,1,0,-0.09223039480854127,0.09283688723030159
United Kingdom,0,1,0.0,1,0,0,0,1,0,-0.06608065960901302,0.09283688723030159
United Kingdom,0,2,1.0,0,0,1,0,1,0,-0.09180144016173514,0.09283688723030159
United Kingdom,0,1,2.0,1,0,0,0,1,0,-0.09241847492291012,0.09283688723030159
United Kingdom,0,1,0.0,0,0,1,0,1,0,-8.763702345275387e-05,0.09283688723030159
United Kingdom,0,1,1.0,1,0,0,0,1,0,-0.01658589266984282,0.09283688723030159
United Kingdom,0,1,1.0,0,0,1,0,1,0,0.12199945475983373,0.09283688723030159
United Kingdom,0,0,0.0,1,0,0,0,1,0,-0.09176844365044234,0.09283688723030159
United Kingdom,0,0,0.0,0,0,1,0,1,0,-0.0911992538306419,0.09283688723030159
United Kingdom,0,0,2.0,1,0,0,0,1,0,-0.09176844365044234,0.09283688723030159
United Kingdom,0,1,3.0,0,0,0,1,0,1,-0.09247692824267709,0.09283688723030159
United Kingdom,0,2,3.0,0,1,0,0,0,1,-0.0924771262217527,0.09283688723030159
United Kingdom,0,2,3.0,0,0,0,1,0,1,-0.09247757167462368,0.09283688723030159
United Kingdom,0,1,3.0,0,1,0,0,0,1,-0.0924735790969264,0.09283688723030159
United Kingdom,0,0,3.0,0,1,0,0,0,1,-0.09247621881767248,0.09283688723030159
United Kingdom,0,0,3.0,0,0,0,1,0,1,-0.09247694474091699,0.09283688723030159
United Kingdom,0,0,3.0,0,0,0,1,0,1,-0.09247758817288819,0.3623195211612331
United Kingdom,0,0,3.0,0,1,0,0,0,1,-0.09247555888748596,0.3623195211612331
United Kingdom,0,1,3.0,0,1,0,0,0,1,-0.09247242421895248,0.3623195211612331
United Kingdom,0,2,3.0,0,0,0,1,0,1,-0.09247747268511046,0.3623195211612331
United Kingdom,0,2,3.0,0,1,0,0,0,1,-0.09247626831239222,0.3623195211612331
United Kingdom,0,1,3.0,0,0,0,1,0,1,-0.09247661477582374,0.3623195211612331
United Kingdom,0,0,0.0,0,0,1,0,1,0,-0.09163645760527123,0.3623195211612331
United Kingdom,0,0,0.0,1,0,0,0,1,0,-0.09227988957548044,0.3623195211612331
United Kingdom,0,1,1.0,0,0,1,0,1,0,0.17149422169900394,0.3623195211612331
United Kingdom,0,1,1.0,1,0,0,0,1,0,-0.03143432275159388,0.3623195211612331
United Kingdom,0,1,0.0,0,0,1,0,1,0,-0.0911992538306419,0.3623195211612331
United Kingdom,0,1,0.0,1,0,0,0,1,0,-0.09176844365044234,0.3623195211612331
United Kingdom,0,2,1.0,0,0,1,0,1,0,-0.09150447156010011,0.3623195211612331
United Kingdom,0,1,0.0,1,0,0,0,1,0,-0.09176844365044234,0.3623195211612331
United Kingdom,0,2,0.0,1,0,0,0,1,0,-0.09213140527466293,0.3623195211612331
United Kingdom,0,2,2.0,0,0,1,0,1,0,-0.09247126934097857,0.3623195211612331
United Kingdom,0,1,2.0,0,0,1,0,1,0,-0.09219739829724849,0.3623195211612331
United Kingdom,0,0,1.0,0,0,1,0,1,0,-0.09211490701901655,0.3623195211612331
United Kingdom,0,2,0.0,0,0,1,0,1,0,-0.07597961299684705,0.3623195211612331
United Kingdom,0,2,0.0,1,0,0,0,1,0,-0.0867034791670006,0.3623195211612331
United Kingdom,0,2,0.0,1,0,0,0,1,0,-0.08307386292479478,0.6318021550921646
United Kingdom,0,2,0.0,0,0,1,0,1,0,-0.06608065960901302,0.6318021550921646
United Kingdom,0,0,1.0,0,0,1,0,1,0,-0.09211490701901655,0.6318021550921646
United Kingdom,0,1,2.0,0,0,1,0,1,0,-0.09209840876337015,0.6318021550921646
United Kingdom,0,2,2.0,0,0,1,0,1,0,-0.09247126934097857,0.6318021550921646
United Kingdom,0,2,1.0,1,0,0,0,1,0,-0.09155396632703929,0.6318021550921646
United Kingdom,0,1,0.0,1,0,0,0,1,0,-0.09176844365044234,0.6318021550921646
United Kingdom,0,2,1.0,0,0,1,0,1,0,-0.09066306052213421,0.6318021550921646
United Kingdom,0,1,2.0,1,0,0,0,1,0,-0.09176844365044234,0.6318021550921646
United Kingdom,0,1,0.0,0,0,1,0,1,0,0.2209889886381741,0.6318021550921646
United Kingdom,0,1,0.0,1,0,0,0,1,0,-0.09176844365044234,0.6318021550921646
United Kingdom,0,1,1.0,0,0,1,0,1,0,0.27048375557734433,0.09283688723030159
United Kingdom,0,0,0.0,1,0,0,0,1,0,-0.09198292097384542,0.6318021550921646
United Kingdom,0,0,0.0,0,0,1,0,1,0,-0.09112501168023314,0.6318021550921646
United Kingdom,0,0,2.0,1,0,0,0,1,0,-0.09244817178307362,0.6318021550921646
United Kingdom,0,1,3.0,0,0,0,1,0,1,-0.09247572387008177,0.6318021550921646
United Kingdom,0,2,3.0,0,1,0,0,0,1,-0.09247440400970872,0.6318021550921646
United Kingdom,0,2,3.0,0,0,0,1,0,1,-0.09247734069906824,0.6318021550921646
United Kingdom,0,1,3.0,0,1,0,0,0,1,-0.0924597205620261,0.6318021550921646
United Kingdom,0,0,3.0,0,1,0,0,0,1,-0.0924597205620261,0.6318021550921646
United Kingdom,0,0,3.0,0,0,0,1,0,1,-0.09247758817288819,0.6318021550921646
United Kingdom,0,0,3.0,0,0,0,1,0,1,-0.09247456899210785,0.9012847890230962
United Kingdom,0,0,3.0,0,1,0,0,0,1,-0.09247645804234789,0.9012847890230962
United Kingdom,0,1,3.0,0,1,0,0,0,1,-0.09244652195750898,0.9012847890230962
United Kingdom,0,2,3.0,0,0,0,1,0,1,-0.09247694474091699,0.9012847890230962
United Kingdom,0,2,3.0,0,1,0,0,0,1,-0.09247159930617016,0.9012847890230962
United Kingdom,0,1,3.0,0,0,0,1,0,1,-0.09247440400970872,0.9012847890230962
United Kingdom,0,0,2.0,1,0,0,0,1,0,-0.09245312125976754,0.9012847890230962
United Kingdom,0,0,0.0,0,0,1,0,1,0,-0.09016811285274251,0.9012847890230962
United Kingdom,0,0,3.0,1,0,0,0,1,0,-0.09158696283833206,0.9012847890230962
United Kingdom,0,1,1.0,0,0,1,0,1,0,0.45196456768763504,0.9012847890230962
United Kingdom,0,1,1.0,1,0,0,0,1,0,0.10550119911344367,0.9012847890230962
United Kingdom,0,1,0.0,0,0,1,0,1,0,0.5344558459195854,0.9012847890230962
United Kingdom,0,1,2.0,1,0,0,0,1,0,-0.09245807073646145,0.09283688723030159
United Kingdom,0,2,0.0,0,0,1,0,1,0,-0.08868326984456741,0.9012847890230962
United Kingdom,0,1,0.0,1,0,0,0,1,0,0.2209889886381741,0.9012847890230962
United Kingdom,0,2,1.0,1,0,0,0,1,0,-0.09049807796567032,0.9012847890230962
United Kingdom,0,2,2.0,0,0,1,0,1,0,-0.0911992538306419,0.9012847890230962
United Kingdom,0,1,2.0,0,0,1,0,1,0,-0.09208191050772377,0.9012847890230962
United Kingdom,0,0,1.0,0,0,1,0,1,0,-0.09211490701901655,0.9012847890230962
United Kingdom,0,2,0.0,0,0,1,0,1,0,-0.04628275283334494,0.9012847890230962
United Kingdom,0,2,0.0,1,0,0,0,1,0,-0.07267996186756905,0.9012847890230962
United Kingdom,0,2,0.0,1,0,0,0,1,0,-0.09176844365044234,1.1707674229540277
United Kingdom,0,2,0.0,0,0,1,0,1,0,-0.028134671622315865,1.1707674229540277
United Kingdom,0,0,1.0,0,0,1,0,1,0,-0.09211490701901655,1.1707674229540277
United Kingdom,0,0,2.0,0,0,1,0,1,0,-0.09241682509734549,1.1707674229540277
United Kingdom,0,0,2.0,1,0,0,0,1,0,-0.09237062998153558,1.1707674229540277
United Kingdom,0,1,1.0,0,0,1,0,1,0,-0.0911992538306419,1.1707674229540277
United Kingdom,0,1,2.0,0,0,1,0,1,0,-0.09216440178595571,1.1707674229540277
United Kingdom,0,2,2.0,0,0,1,0,1,0,-0.09246961951541392,1.1707674229540277
United Kingdom,0,2,1.0,1,0,0,0,1,0,-0.09180144016173514,1.1707674229540277
United Kingdom,0,1,0.0,1,0,0,0,1,0,0.3529750338092946,1.1707674229540277
United Kingdom,0,2,0.0,0,0,1,0,1,0,-0.08802333961871181,1.1707674229540277
United Kingdom,0,1,0.0,1,0,0,0,1,0,-0.09246631986428465,1.1707674229540277
United Kingdom,0,1,0.0,0,0,1,0,1,0,0.8149261919082165,1.1707674229540277
United Kingdom,0,1,1.0,1,0,0,0,1,0,0.07250468782066354,1.1707674229540277
United Kingdom,0,0,3.0,1,0,0,0,1,0,-0.09175194539479596,1.1707674229540277
United Kingdom,0,0,0.0,0,0,1,0,1,0,-0.08950818262688691,1.1707674229540277
United Kingdom,0,1,3.0,0,0,0,1,0,1,-0.09247308414894233,1.1707674229540277
United Kingdom,0,2,3.0,0,1,0,0,0,1,-0.09246763972505104,1.1707674229540277
United Kingdom,0,2,3.0,0,0,0,1,0,1,-0.09247658177934391,1.1707674229540277
United Kingdom,0,1,3.0,0,1,0,0,0,1,-0.09243992265525043,0.09283688723030159
United Kingdom,0,0,3.0,0,1,0,0,0,1,-0.09247645804234789,1.1707674229540277
United Kingdom,0,0,3.0,0,0,0,1,0,1,-0.09247341411413393,1.1707674229540277
United Kingdom,0,0,3.0,0,0,0,1,0,1,-0.09247044442819626,1.4402500568849592
United Kingdom,0,0,3.0,0,1,0,0,0,1,-0.09244982160863827,1.4402500568849592
United Kingdom,0,1,3.0,0,1,0,0,0,1,-0.0924382728296858,1.4402500568849592
United Kingdom,0,2,3.0,0,0,0,1,0,1,-0.09247572387008177,1.4402500568849592
United Kingdom,0,2,0.0,0,1,0,0,0,1,-0.09246714477706697,1.4402500568849592
United Kingdom,0,1,0.0,0,0,0,1,0,1,-0.09246961951541392,1.4402500568849592
United Kingdom,0,0,0.0,0,0,1,0,1,0,-0.0875283919493201,1.4402500568849592
United Kingdom,0,0,0.0,1,0,0,0,1,0,-0.09033309540920642,1.4402500568849592
United Kingdom,0,1,1.0,1,0,0,0,1,0,0.1384977104062238,1.4402500568849592
United Kingdom,0,1,0.0,0,0,1,0,1,0,1.5243511847029894,1.4402500568849592
United Kingdom,0,1,2.0,1,0,0,0,1,0,-0.09243662300412114,1.4402500568849592
United Kingdom,0,2,1.0,0,0,1,0,1,0,-0.087693374505784,1.4402500568849592
United Kingdom,0,1,0.0,1,0,0,0,1,0,0.4189680563948549,1.4402500568849592
United Kingdom,0,2,1.0,1,0,0,0,1,0,-0.09229638783112683,1.4402500568849592
United Kingdom,0,1,2.0,0,0,1,0,1,0,-0.09204891399643098,1.4402500568849592
United Kingdom,0,1,0.0,0,0,1,0,1,0,-0.0911992538306419,1.4402500568849592
United Kingdom,0,0,2.0,1,0,0,0,1,0,-0.09240692614395765,1.4402500568849592
United Kingdom,0,0,3.0,0,0,1,0,1,0,-0.0921809000416021,1.4402500568849592
United Kingdom,0,0,1.0,0,0,1,0,1,0,-0.09211490701901655,1.4402500568849592
United Kingdom,0,2,0.0,0,0,1,0,1,0,0.019710269752215324,1.4402500568849592
United Kingdom,0,2,0.0,1,0,0,0,1,0,-0.056181706221178976,1.4402500568849592
USA,0,1,0.0,1,0,0,0,1,0,-0.09049807796567032,-2.063024184217151
USA,0,1,0.0,0,0,1,0,1,0,-0.0862085314976089,-2.063024184217151
USA,0,1,3.0,0,0,0,1,0,1,-0.09247758817288819,-2.063024184217151
USA,0,1,3.0,0,1,0,0,0,1,-0.09247784884533018,-2.063024184217151
USA,0,1,3.0,0,1,0,0,0,1,-0.0924776211693926,-1.793541550286219
USA,0,0,3.0,0,0,0,1,0,1,-0.09247782079829713,-1.793541550286219
USA,0,1,0.0,0,0,0,1,0,1,-0.09247758817288819,-1.793541550286219
USA,0,0,3.0,0,1,0,0,0,1,-0.09247747268511046,-1.793541550286219
USA,0,1,0.0,0,0,1,0,1,0,-0.06938031073829103,-1.793541550286219
USA,0,1,0.0,1,0,0,0,1,0,-0.07630957810977486,-1.793541550286219
USA,0,1,1.0,0,0,1,0,1,0,-0.07927926412612507,-1.793541550286219
USA,0,1,0.0,1,0,0,0,1,0,-0.07927926412612507,-1.793541550286219
USA,0,0,0.0,1,0,0,0,1,0,-0.09216440178595571,-1.793541550286219
USA,0,0,0.0,0,0,1,0,1,0,-0.09216440178595571,-1.793541550286219
USA,0,0,0.0,0,0,1,0,1,0,-0.09214790353030933,-1.5240589163552876
USA,0,0,0.0,1,0,0,0,1,0,-0.09246714477706697,-1.5240589163552876
USA,0,1,1.0,1,0,0,0,1,0,-0.028134671622315865,-1.5240589163552876
USA,0,1,1.0,0,0,1,0,1,0,-0.014936067105203813,-1.5240589163552876
USA,0,1,0.0,1,0,0,0,1,0,-0.06773048517365203,-1.5240589163552876
USA,0,1,0.0,0,0,1,0,1,0,-0.04628275283334494,-1.5240589163552876
USA,0,0,3.0,0,1,0,0,0,1,-0.09247645804234789,-1.5240589163552876
USA,0,1,3.0,0,0,0,1,0,1,-0.09247781254916487,-1.5240589163552876
USA,0,0,3.0,0,0,0,1,0,1,-0.09247782574777155,-1.5240589163552876
USA,0,1,3.0,0,1,0,0,0,1,-0.09247717571652161,-1.5240589163552876
USA,0,1,3.0,0,1,0,0,0,1,-0.09247669726712163,-1.254576282424356
USA,0,0,3.0,0,0,0,1,0,1,-0.09247758817288819,0.09283688723030159
USA,0,1,3.0,0,0,0,1,0,1,-0.09247773995684043,-1.254576282424356
USA,0,0,3.0,0,1,0,0,0,1,-0.09247786303383013,-1.254576282424356
USA,0,1,0.0,0,0,1,0,1,0,0.03290887426932738,-1.254576282424356
USA,0,1,0.0,1,0,0,0,1,0,-0.013286241540564807,-1.254576282424356
USA,0,1,1.0,0,0,1,0,1,0,0.06590538556210751,-1.254576282424356
USA,0,1,1.0,1,0,0,0,1,0,-0.011636415975925801,-1.254576282424356
USA,0,0,3.0,1,0,0,0,1,0,-0.09246351516113945,-1.254576282424356
USA,0,0,3.0,0,0,1,0,1,0,-0.09213140527466293,-1.254576282424356
USA,0,0,0.0,0,0,1,0,1,0,-0.09209840876337015,-0.9850936484934245
USA,0,0,0.0,1,0,0,0,1,0,-0.0924349731785565,0.09283688723030159
USA,0,1,1.0,1,0,0,0,1,0,-0.0017374625880917606,-0.9850936484934245
USA,0,1,2.0,0,0,1,0,1,0,-0.09238712823718198,-0.9850936484934245
USA,0,1,2.0,1,0,0,0,1,0,-0.09238712823718198,0.09283688723030159
USA,0,1,1.0,0,0,1,0,1,0,0.15499596605261387,-0.9850936484934245
USA,0,1,0.0,1,0,0,0,1,0,0.011461141929020292,-0.9850936484934245
USA,0,1,0.0,0,0,1,0,1,0,0.1384977104062238,-0.9850936484934245
USA,0,0,3.0,0,1,0,0,0,1,-0.09247783564672657,-0.9850936484934245
USA,0,1,3.0,0,0,0,1,0,1,-0.0924776376676571,-0.9850936484934245
USA,0,0,3.0,0,0,0,1,0,1,-0.09247782409794572,-0.9850936484934245
USA,0,1,3.0,0,1,0,0,0,1,-0.09247659827758382,-0.9850936484934245
USA,0,1,3.0,0,1,0,0,0,1,-0.09247671376536154,-0.715611014562493
USA,0,0,3.0,0,0,0,1,0,1,-0.09247770861015263,-0.715611014562493
USA,0,1,3.0,0,0,0,1,0,1,-0.09247755517638377,-0.715611014562493
USA,0,0,3.0,0,1,0,0,0,1,-0.09247714271999262,-0.715611014562493
USA,0,0,1.0,1,0,0,0,1,0,-0.09176844365044234,-0.715611014562493
USA,0,0,1.0,0,0,1,0,1,0,-0.09157046458268567,-0.715611014562493
USA,0,1,0.0,0,0,1,0,1,0,0.25398549993095426,-0.715611014562493
USA,0,1,0.0,1,0,0,0,1,0,0.024659746446132346,-0.715611014562493
USA,0,1,1.0,0,0,1,0,1,0,0.2209889886381741,-0.715611014562493
USA,0,1,2.0,1,0,0,0,1,0,-0.09231288608677322,-0.715611014562493
USA,0,1,2.0,0,0,1,0,1,0,-0.09221389655289489,-0.715611014562493
USA,0,1,1.0,1,0,0,0,1,0,-0.02153536936375984,-0.715611014562493
USA,0,0,0.0,1,0,0,0,1,0,-0.09234423277250137,-0.715611014562493
USA,0,0,0.0,0,0,1,0,1,0,-0.09196642271819903,-0.715611014562493
USA,0,0,2.0,0,0,1,0,1,0,-0.0924382728296858,-0.715611014562493
USA,0,0,3.0,0,0,1,0,1,0,-0.0924432223063797,-0.44612838063156146
USA,0,0,0.0,0,0,1,0,1,0,-0.09112501168023314,-0.44612838063156146
USA,0,0,0.0,1,0,0,0,1,0,-0.09165295586091762,-0.44612838063156146
USA,0,1,0.0,1,0,0,0,1,0,0.02795939757541036,-0.44612838063156146
USA,0,1,2.0,0,0,1,0,1,0,-0.09049807796567032,-0.44612838063156146
USA,0,1,2.0,1,0,0,0,1,0,-0.09066306052213421,-0.44612838063156146
USA,0,1,1.0,0,0,1,0,1,0,0.3529750338092946,0.09283688723030159
USA,0,1,0.0,1,0,0,0,1,0,0.05105695548035645,-0.44612838063156146
USA,0,1,0.0,0,0,1,0,1,0,0.40246980074846483,-0.44612838063156146
USA,0,0,1.0,0,0,1,0,1,0,-0.09157046458268567,-0.44612838063156146
USA,0,0,3.0,0,1,0,0,0,1,-0.09247757167462368,-0.44612838063156146
USA,0,1,3.0,0,0,0,1,0,1,-0.09247758817288819,-0.44612838063156146
USA,0,0,3.0,0,0,0,1,0,1,-0.0924776376676571,0.09283688723030159
USA,0,1,3.0,0,1,0,0,0,1,-0.0924762353159124,-0.44612838063156146
USA,0,1,3.0,0,1,0,0,0,1,-0.09247572387008177,-0.17664574670062994
USA,0,0,3.0,0,0,0,1,0,1,-0.09247760467115268,-0.17664574670062994
USA,0,1,3.0,0,0,0,1,0,1,-0.09247758817288819,-0.17664574670062994
USA,0,0,3.0,0,1,0,0,0,1,-0.09247768716242599,-0.17664574670062994
USA,0,0,1.0,0,0,1,0,1,0,-0.09157046458268567,-0.17664574670062994
USA,0,1,0.0,0,0,1,0,1,0,0.5674523572123655,-0.17664574670062994
USA,0,1,0.0,1,0,0,0,1,0,0.07250468782066354,-0.17664574670062994
USA,0,1,1.0,0,0,1,0,1,0,-0.0911992538306419,-0.17664574670062994
USA,0,1,2.0,1,0,0,0,1,0,-0.09176844365044234,-0.17664574670062994
USA,0,1,2.0,0,0,1,0,1,0,-0.0867034791670006,-0.17664574670062994
USA,0,1,1.0,1,0,0,0,1,0,0.06260573443282949,-0.17664574670062994
USA,0,0,0.0,1,0,0,0,1,0,-0.09216440178595571,-0.17664574670062994
USA,0,0,0.0,0,0,1,0,1,0,-0.09082804307859811,-0.17664574670062994
USA,0,0,2.0,0,0,1,0,1,0,-0.0924349731785565,-0.17664574670062994
USA,0,0,2.0,0,0,1,0,1,0,-0.09242507422516867,0.09283688723030159
USA,0,0,0.0,0,0,1,0,1,0,-0.08983814773981472,0.09283688723030159
USA,0,0,0.0,1,0,0,0,1,0,-0.09145497679316093,0.09283688723030159
USA,0,1,0.0,1,0,0,0,1,0,0.10550119911344367,0.09283688723030159
USA,0,1,2.0,0,0,1,0,1,0,-0.08224895014247528,0.09283688723030159
USA,0,1,2.0,1,0,0,0,1,0,-0.08802333961871181,0.09283688723030159
USA,0,1,1.0,0,0,1,0,1,0,0.699438402383486,0.09283688723030159
USA,0,1,0.0,1,0,0,0,1,0,0.3034802668701244,0.09283688723030159
USA,0,1,0.0,0,0,1,0,1,0,0.9634104927257271,0.09283688723030159
USA,0,0,1.0,0,0,1,0,1,0,-0.0911992538306419,0.09283688723030159
USA,0,0,3.0,0,1,0,0,0,1,-0.09247725820777034,0.09283688723030159
USA,0,1,3.0,0,0,0,1,0,1,-0.0924770767269838,0.09283688723030159
USA,0,0,3.0,0,0,0,1,0,1,-0.09247750568161486,0.09283688723030159
USA,0,1,3.0,0,1,0,0,0,1,-0.09247407404451713,0.09283688723030159
USA,0,1,3.0,0,1,0,0,0,1,-0.09247645804234789,0.3623195211612331
USA,0,0,3.0,0,0,0,1,0,1,-0.09247735719730815,0.3623195211612331
USA,0,1,3.0,0,0,0,1,0,1,-0.09247758817288819,0.3623195211612331
USA,0,0,3.0,0,1,0,0,0,1,-0.09247694474091699,0.3623195211612331
USA,0,0,1.0,0,0,1,0,1,0,-0.09157046458268567,0.3623195211612331
USA,0,1,0.0,0,0,1,0,1,0,1.3593686282390887,0.3623195211612331
USA,0,1,0.0,1,0,0,0,1,0,0.3034802668701244,0.09283688723030159
USA,0,1,1.0,0,0,1,0,1,0,0.8479227032009966,0.3623195211612331
USA,0,1,2.0,1,0,0,0,1,0,-0.08917821751395912,0.3623195211612331
USA,0,1,2.0,0,0,1,0,1,0,-0.07894929901319726,0.3623195211612331
USA,0,1,1.0,1,0,0,0,1,0,-0.09176844365044234,0.3623195211612331
USA,0,0,0.0,1,0,0,0,1,0,-0.09155396632703929,0.3623195211612331
USA,0,0,0.0,0,0,1,0,1,0,-0.08884825240103131,0.3623195211612331
USA,0,0,2.0,0,0,1,0,1,0,-0.09240857596952229,0.3623195211612331
USA,0,0,2.0,0,0,1,0,1,0,-0.09237227980710022,0.6318021550921646
USA,0,0,0.0,0,0,1,0,1,0,-0.08802333961871181,0.6318021550921646
USA,0,0,0.0,1,0,0,0,1,0,-0.09161995934962484,0.6318021550921646
USA,0,1,1.0,1,0,0,0,1,0,0.013110967493659299,0.6318021550921646
USA,0,1,2.0,0,0,1,0,1,0,-0.07729947344855827,0.6318021550921646
USA,0,1,2.0,1,0,0,0,1,0,-0.09049807796567032,0.6318021550921646
USA,0,1,1.0,0,0,1,0,1,0,0.9634104927257271,0.6318021550921646
USA,0,1,0.0,1,0,0,0,1,0,0.28698201122373435,0.6318021550921646
USA,0,1,0.0,0,0,1,0,1,0,1.7223302524596702,0.6318021550921646
USA,0,0,1.0,0,0,1,0,1,0,-0.09157046458268567,0.6318021550921646
USA,0,0,2.0,1,0,0,0,1,0,-0.09244157248081507,0.6318021550921646
USA,0,0,3.0,0,1,0,0,0,1,-0.09247645804234789,0.6318021550921646
USA,0,1,0.0,0,0,0,1,0,1,-0.09247659827758382,0.6318021550921646
USA,0,0,3.0,0,0,0,1,0,1,-0.09247730770253924,0.6318021550921646
USA,0,1,3.0,0,1,0,0,0,1,-0.09247407404451713,0.6318021550921646
USA,0,1,0.0,0,1,0,0,0,1,-0.092470114463398,0.9012847890230962
USA,0,0,3.0,0,0,0,1,0,1,-0.09247710972346362,0.9012847890230962
USA,0,1,3.0,0,0,0,1,0,1,-0.09247630130897039,0.9012847890230962
USA,0,0,3.0,0,1,0,0,0,1,-0.09247645804234789,0.9012847890230962
USA,0,0,2.0,1,0,0,0,1,0,-0.09245312125976754,0.9012847890230962
USA,0,0,1.0,0,0,1,0,1,0,-0.09157046458268567,0.9012847890230962
USA,0,1,0.0,0,0,1,0,1,0,2.3822604783152728,0.9012847890230962
USA,0,1,0.0,1,0,0,0,1,0,0.6829401467370959,0.9012847890230962
USA,0,1,1.0,0,0,1,0,1,0,1.0953965378968475,0.9012847890230962
USA,0,1,2.0,1,0,0,0,1,0,-0.08736340939285621,0.9012847890230962
USA,0,1,2.0,0,0,1,0,1,0,-0.07267996186756905,0.9012847890230962
USA,0,1,1.0,1,0,0,0,1,0,-0.09176844365044234,0.09283688723030159
USA,0,0,3.0,1,0,0,0,1,0,-0.09066306052213421,0.09283688723030159
USA,0,0,0.0,0,0,1,0,1,0,-0.0862085314976089,0.9012847890230962
USA,0,0,3.0,0,0,1,0,1,0,-0.09234753242363064,0.9012847890230962
USA,0,0,2.0,0,0,1,0,1,0,-0.09211490701901655,1.1707674229540277
USA,0,0,0.0,0,0,1,0,1,0,-0.08241393269893918,1.1707674229540277
USA,0,0,0.0,1,0,0,0,1,0,-0.08851828728810351,1.1707674229540277
USA,0,1,1.0,1,0,0,0,1,0,0.2209889886381741,1.1707674229540277
USA,0,1,2.0,0,0,1,0,1,0,-0.06773048517365203,1.1707674229540277
USA,0,1,2.0,1,0,0,0,1,0,-0.08802333961871181,0.09283688723030159
USA,0,1,1.0,0,0,1,0,1,0,1.4088633951782588,1.1707674229540277
USA,0,1,0.0,1,0,0,0,1,0,1.227382583067968,1.1707674229540277
USA,0,1,0.0,0,0,1,0,1,0,3.3721558170986765,1.1707674229540277
USA,0,0,1.0,0,0,1,0,1,0,-0.09157046458268567,1.1707674229540277
USA,0,0,2.0,1,0,0,0,1,0,-0.09176844365044234,1.1707674229540277
USA,0,0,3.0,0,1,0,0,0,1,-0.09247341411413393,1.1707674229540277
USA,0,1,0.0,0,0,0,1,0,1,-0.09247572387008177,1.1707674229540277
USA,0,0,3.0,0,0,0,1,0,1,-0.09247659827758382,1.1707674229540277
USA,0,1,3.0,0,1,0,0,0,1,-0.09246565993390146,1.1707674229540277
USA,0,1,0.0,0,1,0,0,0,1,-0.09246219530037306,1.4402500568849592
USA,0,0,3.0,0,0,0,1,0,1,-0.09247758817288819,1.4402500568849592
USA,0,1,3.0,0,0,0,1,0,1,-0.09247440400970872,1.4402500568849592
USA,0,0,3.0,0,1,0,0,0,1,-0.09247659827758382,1.4402500568849592
USA,0,0,1.0,0,0,1,0,1,0,-0.09157046458268567,1.4402500568849592
USA,0,1,0.0,0,0,1,0,1,0,5.681911607593286,1.4402500568849592
USA,0,1,0.0,1,0,0,0,1,0,1.7223302524596702,1.4402500568849592
USA,0,1,1.0,0,0,1,0,1,0,2.0522953653874714,1.4402500568849592
USA,0,1,2.0,1,0,0,0,1,0,-0.0875283919493201,1.4402500568849592
USA,0,1,2.0,0,0,1,0,1,0,-0.062781008479735,1.4402500568849592
USA,0,1,0.0,1,0,0,0,1,0,0.38597154510207476,1.4402500568849592
USA,0,0,0.0,1,0,0,0,1,0,-0.09124049946975787,1.4402500568849592
USA,0,0,0.0,0,0,1,0,1,0,-0.08109407224722798,1.4402500568849592
USA,0,0,2.0,0,0,1,0,1,0,-0.0911992538306419,1.4402500568849592
World,0,1,3.0,0,1,0,0,0,1,-0.09247785049515601,-2.063024184217151
World,0,1,3.0,0,0,0,1,0,1,-0.09247786484863824,-2.063024184217151
World,0,2,0.0,1,0,0,0,1,0,-0.0896731651833508,-2.063024184217151
World,0,2,0.0,0,0,1,0,1,0,-0.08076410713430018,-2.063024184217151
World,0,2,2.0,1,0,0,0,1,0,-0.09247456899210785,-2.063024184217151
World,0,2,2.0,0,0,1,0,1,0,-0.09246796968984929,-2.063024184217151
World,0,2,1.0,0,0,1,0,1,0,-0.09213140527466293,-2.063024184217151
World,0,1,2.0,0,0,1,0,1,0,-0.09240362649282836,-2.063024184217151
World,0,1,2.0,1,0,0,0,1,0,-0.0924300237018626,-2.063024184217151
World,0,1,0.0,1,0,0,0,1,0,-0.08092908969076408,0.09283688723030159
World,0,1,0.0,0,0,1,0,1,0,-0.05948135735045699,-2.063024184217151
World,0,0,3.0,0,1,0,0,0,1,-0.092477782852306,-2.063024184217151
World,0,0,3.0,0,0,0,1,0,1,-0.09247778780178657,-2.063024184217151
World,0,1,1.0,1,0,0,0,1,0,-0.09173544713914956,-2.063024184217151
World,0,1,1.0,0,0,1,0,1,0,-0.0911992538306419,-2.063024184217151
World,0,2,3.0,0,0,0,1,0,1,-0.09247785841431833,-2.063024184217151
World,0,2,3.0,0,1,0,0,0,1,-0.0924778372965524,-2.063024184217151
World,0,0,0.0,1,0,0,0,1,0,-0.09066306052213421,-2.063024184217151
World,0,0,2.0,0,0,1,0,1,0,-0.0911992538306419,-2.063024184217151
World,0,0,0.0,0,0,1,0,1,0,-0.07845435134380557,-2.063024184217151
World,0,0,0.0,0,0,1,0,1,0,-0.0911992538306419,-1.793541550286219
World,0,0,0.0,1,0,0,0,1,0,-0.0913559872592826,-1.793541550286219
World,0,2,3.0,0,1,0,0,0,1,-0.0924778010003871,-1.793541550286219
World,0,2,0.0,0,0,0,1,0,1,-0.09247785412477223,-1.793541550286219
World,0,1,1.0,0,0,1,0,1,0,-0.07680452577916656,-1.793541550286219
World,0,1,1.0,1,0,0,0,1,0,-0.09176844365044234,-1.793541550286219
World,0,0,3.0,0,0,0,1,0,1,-0.09247776635405379,-1.793541550286219
World,0,0,3.0,0,1,0,0,0,1,-0.09247778945160934,-1.793541550286219
World,0,1,0.0,0,0,1,0,1,0,0.003212014105825259,-1.793541550286219
World,0,1,0.0,1,0,0,0,1,0,-0.02648484605767686,-1.793541550286219
World,0,1,2.0,1,0,0,0,1,0,-0.09241517527178084,-1.793541550286219
World,0,1,0.0,0,0,1,0,1,0,-0.09234093312137209,-1.793541550286219
World,0,2,1.0,0,0,1,0,1,0,-0.09204891399643098,-1.793541550286219
World,0,2,2.0,0,0,1,0,1,0,-0.09246796968984929,-1.793541550286219
World,0,2,0.0,0,0,1,0,1,0,-0.07597961299684705,-1.793541550286219
World,0,2,0.0,1,0,0,0,1,0,-0.09176844365044234,-1.793541550286219
World,0,0,1.0,0,0,1,0,1,0,-0.09221389655289489,0.09283688723030159
World,0,0,1.0,1,0,0,0,1,0,-0.09221389655289489,-1.793541550286219
World,0,1,3.0,0,0,0,1,0,1,-0.09247785626954566,-1.793541550286219
World,0,1,3.0,0,1,0,0,0,1,-0.09247775645509262,-1.793541550286219
World,0,1,3.0,0,1,0,0,0,1,-0.09247760467115268,-1.5240589163552876
World,0,1,3.0,0,0,0,1,0,1,-0.09247783564672657,-1.5240589163552876
World,0,0,1.0,1,0,0,0,1,0,-0.09176844365044234,-1.5240589163552876
World,0,0,1.0,0,0,1,0,1,0,-0.0913559872592826,0.09283688723030159
World,0,2,0.0,1,0,0,0,1,0,-0.09176844365044234,-1.5240589163552876
World,0,2,0.0,0,0,1,0,1,0,-0.057831531785817986,-1.5240589163552876
World,0,2,2.0,0,0,1,0,1,0,-0.09246631986428465,-1.5240589163552876
World,0,2,1.0,0,0,1,0,1,0,-0.09196642271819903,-1.5240589163552876
World,0,2,1.0,1,0,0,0,1,0,-0.0924597205620261,-1.5240589163552876
World,0,1,2.0,0,0,1,0,1,0,-0.09229638783112683,-1.5240589163552876
World,0,1,2.0,1,0,0,0,1,0,-0.09242837387629796,-1.5240589163552876
World,0,1,0.0,1,0,0,0,1,0,0.004861839670464266,-1.5240589163552876
World,0,1,0.0,0,0,1,0,1,0,0.10550119911344367,-1.5240589163552876
World,0,0,3.0,0,1,0,0,0,1,-0.09247768716242599,-1.5240589163552876
World,0,0,3.0,0,0,0,1,0,1,-0.09247758817288819,-1.5240589163552876
World,0,1,1.0,1,0,0,0,1,0,0.00816149079974228,-1.5240589163552876
World,0,1,1.0,0,0,1,0,1,0,0.02300992088149334,-1.5240589163552876
World,0,2,3.0,0,0,0,1,0,1,-0.092477840596201,-1.5240589163552876
World,0,2,3.0,0,1,0,0,0,1,-0.0924776706641738,-1.5240589163552876
World,0,0,0.0,1,0,0,0,1,0,-0.09000313029627861,-1.5240589163552876
World,0,0,0.0,0,0,1,0,1,0,-0.0911992538306419,-1.5240589163552876
World,0,0,3.0,0,0,1,0,1,0,-0.07103013630293004,-1.254576282424356
World,0,0,2.0,0,0,1,0,1,0,-0.09245807073646145,-1.254576282424356
World,0,0,0.0,1,0,0,0,1,0,-0.0890132349574952,-1.254576282424356
World,0,2,0.0,0,1,0,0,0,1,-0.09247765416592159,-1.254576282424356
World,0,1,1.0,0,0,1,0,1,0,0.17149422169900394,-1.254576282424356
World,0,1,1.0,1,0,0,0,1,0,0.057656257738912475,-1.254576282424356
World,0,0,3.0,0,0,0,1,0,1,-0.09247773335753709,-1.254576282424356
World,0,0,3.0,0,1,0,0,0,1,-0.09247752217987937,-1.254576282424356
World,0,1,0.0,0,0,1,0,1,0,0.28698201122373435,-1.254576282424356
World,0,1,0.0,1,0,0,0,1,0,0.0890029434670536,-1.254576282424356
World,0,1,2.0,1,0,0,0,1,0,-0.09240197666726373,-1.254576282424356
World,0,1,2.0,0,0,1,0,1,0,-0.09224689306418767,-1.254576282424356
World,0,2,1.0,1,0,0,0,1,0,-0.09246961951541392,-1.254576282424356
World,0,2,1.0,0,0,1,0,1,0,-0.0911992538306419,-1.254576282424356
World,0,2,2.0,0,0,1,0,1,0,-0.09238547841161734,-1.254576282424356
World,0,2,2.0,1,0,0,0,1,0,-0.09239537736500518,-1.254576282424356
World,0,2,0.0,0,0,1,0,1,0,-0.041333276139427916,-1.254576282424356
World,0,2,0.0,1,0,0,0,1,0,-0.09176844365044234,-1.254576282424356
World,0,0,1.0,0,0,1,0,1,0,-0.08851828728810351,-1.254576282424356
World,0,0,1.0,1,0,0,0,1,0,-0.09176844365044234,0.09283688723030159
World,0,1,3.0,0,0,0,1,0,1,-0.09247758817288819,-1.254576282424356
World,0,1,3.0,0,1,0,0,0,1,-0.09247742319031697,-1.254576282424356
World,0,2,3.0,0,0,0,1,0,1,-0.0924778273975974,-1.254576282424356
World,0,2,3.0,0,0,0,1,0,1,-0.09247781419899379,-0.9850936484934245
World,0,1,3.0,0,1,0,0,0,1,-0.09247719221476153,-0.9850936484934245
World,0,1,3.0,0,0,0,1,0,1,-0.0924777515056182,-0.9850936484934245
World,0,0,1.0,1,0,0,0,1,0,-0.09176844365044234,-0.9850936484934245
World,0,0,1.0,0,0,1,0,1,0,-0.07845435134380557,-0.9850936484934245
World,0,2,0.0,1,0,0,0,1,0,-0.07432978743220806,-0.9850936484934245
World,0,2,0.0,0,0,1,0,1,0,-0.02153536936375984,-0.9850936484934245
World,0,2,2.0,1,0,0,0,1,0,-0.0923376334702428,-0.9850936484934245
World,0,2,2.0,0,0,1,0,1,0,-0.09233103416798426,-0.9850936484934245
World,0,2,1.0,0,0,1,0,1,0,-0.09171894888350318,-0.9850936484934245
World,0,2,1.0,1,0,0,0,1,0,-0.09244487213194434,-0.9850936484934245
World,0,1,2.0,0,0,1,0,1,0,-0.09213140527466293,-0.9850936484934245
World,0,1,2.0,1,0,0,0,1,0,-0.09232278504016106,-0.9850936484934245
World,0,1,0.0,1,0,0,0,1,0,0.23748724428456416,-0.9850936484934245
World,0,1,0.0,0,0,1,0,1,0,0.5839506128587556,-0.9850936484934245
World,0,0,3.0,0,1,0,0,0,1,-0.09247702723221489,-0.9850936484934245
World,0,0,3.0,0,0,0,1,0,1,-0.09247757167462368,-0.9850936484934245
World,0,1,1.0,1,0,0,0,1,0,-0.09176844365044234,-0.9850936484934245
World,0,1,1.0,0,0,1,0,1,0,0.40246980074846483,-0.9850936484934245
World,0,2,3.0,0,1,0,0,0,1,-0.09247645804234789,-0.9850936484934245
World,0,0,0.0,1,0,0,0,1,0,-0.08538361871528939,-0.9850936484934245
World,0,0,2.0,0,0,1,0,1,0,-0.09237722928379415,-0.9850936484934245
World,0,0,0.0,0,0,1,0,1,0,-0.04793257839798395,-0.9850936484934245
World,0,0,2.0,1,0,0,0,1,0,-0.09247621881767248,-0.9850936484934245
World,0,0,0.0,0,0,1,0,1,0,0.07250468782066354,-0.715611014562493
World,0,0,2.0,0,0,1,0,1,0,-0.09216440178595571,-0.715611014562493
World,0,0,0.0,1,0,0,0,1,0,-0.09176844365044234,-0.715611014562493
World,0,2,3.0,0,1,0,0,0,1,-0.09247645804234789,-0.715611014562493
World,0,1,0.0,0,0,1,0,1,0,0.7654314249690463,-0.715611014562493
World,0,1,1.0,1,0,0,0,1,0,0.27048375557734433,-0.715611014562493
World,0,0,3.0,0,0,0,1,0,1,-0.09247682925313927,-0.715611014562493
World,0,0,3.0,0,1,0,0,0,1,-0.09247324913173481,-0.715611014562493
World,0,1,0.0,0,0,1,0,1,0,1.1118947935432377,-0.715611014562493
World,0,1,0.0,1,0,0,0,1,0,0.45196456768763504,-0.715611014562493
World,0,1,2.0,1,0,0,0,1,0,-0.09130649249234343,-0.715611014562493
World,0,1,2.0,0,0,1,0,1,0,-0.09097652737941563,-0.715611014562493
World,0,2,1.0,1,0,0,0,1,0,-0.0911910047028187,-0.715611014562493
World,0,2,1.0,0,0,1,0,1,0,-0.09000313029627861,-0.715611014562493
World,0,2,2.0,0,0,1,0,1,0,-0.0911992538306419,-0.715611014562493
World,0,2,2.0,1,0,0,0,1,0,-0.09224689306418767,-0.715611014562493
World,0,2,0.0,0,0,1,0,1,0,0.018060444187576317,-0.715611014562493
World,0,2,0.0,1,0,0,0,1,0,-0.04793257839798395,-0.715611014562493
World,0,0,1.0,0,0,1,0,1,0,-0.056181706221178976,-0.715611014562493
World,0,0,1.0,1,0,0,0,1,0,-0.06938031073829103,-0.715611014562493
World,0,1,3.0,0,0,0,1,0,1,-0.0924776706641738,-0.715611014562493
World,0,1,3.0,0,1,0,0,0,1,-0.09247674676184137,-0.715611014562493
World,0,2,3.0,0,0,0,1,0,1,-0.09247758817288819,-0.715611014562493
World,0,2,3.0,0,0,0,1,0,1,-0.09247772180875931,-0.44612838063156146
World,0,1,3.0,0,1,0,0,0,1,-0.09247638380026828,-0.44612838063156146
World,0,1,3.0,0,0,0,1,0,1,-0.09247755517638377,-0.44612838063156146
World,0,0,1.0,1,0,0,0,1,0,-0.09176844365044234,-0.44612838063156146
World,0,0,1.0,0,0,1,0,1,0,-0.042983101704066926,-0.44612838063156146
World,0,2,0.0,1,0,0,0,1,0,-0.05453188065653997,-0.44612838063156146
World,0,2,0.0,0,0,1,0,1,0,0.10550119911344367,-0.44612838063156146
World,0,2,2.0,1,0,0,0,1,0,-0.09231453591233786,-0.44612838063156146
World,0,2,2.0,0,0,1,0,1,0,-0.09206541225207737,-0.44612838063156146
World,0,2,1.0,0,0,1,0,1,0,-0.08917821751395912,-0.44612838063156146
World,0,2,1.0,1,0,0,0,1,0,-0.09219739829724849,-0.44612838063156146
World,0,1,2.0,1,0,0,0,1,0,-0.08851828728810351,-0.44612838063156146
World,0,1,0.0,1,0,0,0,1,0,0.6829401467370959,-0.44612838063156146
World,0,1,0.0,0,0,1,0,1,0,1.8873128089235707,-0.44612838063156146
World,0,0,3.0,0,1,0,0,0,1,-0.09247126934097857,-0.44612838063156146
World,0,0,3.0,0,0,0,1,0,1,-0.09247605383507669,-0.44612838063156146
World,0,1,1.0,1,0,0,0,1,0,0.38597154510207476,-0.44612838063156146
World,0,1,1.0,0,0,1,0,1,0,-0.0911992538306419,-0.44612838063156146
World,0,1,2.0,0,0,1,0,1,0,-0.0911992538306419,-0.44612838063156146
World,0,2,3.0,0,1,0,0,0,1,-0.09247747268511046,-0.44612838063156146
World,0,0,0.0,1,0,0,0,1,0,-0.09176844365044234,-0.44612838063156146
World,0,0,2.0,0,0,1,0,1,0,-0.09188393143996708,-0.44612838063156146
World,0,0,0.0,0,0,1,0,1,0,0.2209889886381741,-0.44612838063156146
World,0,0,2.0,1,0,0,0,1,0,-0.09239207771387589,0.09283688723030159
World,0,0,2.0,1,0,0,0,1,0,-0.09183443667302792,-0.17664574670062994
World,0,0,3.0,0,0,1,0,1,0,0.3694732894556847,-0.17664574670062994
World,0,0,2.0,0,0,1,0,1,0,-0.09107551691329396,-0.17664574670062994
World,0,0,0.0,1,0,0,0,1,0,0.05435660660963446,-0.17664574670062994
World,0,2,3.0,0,1,0,0,0,1,-0.09247643329498802,-0.17664574670062994
World,0,1,2.0,0,0,1,0,1,0,-0.0911992538306419,-0.17664574670062994
World,0,1,1.0,0,0,1,0,1,0,1.8873128089235707,-0.17664574670062994
World,0,1,1.0,1,0,0,0,1,0,0.6004488685051457,-0.17664574670062994
World,0,0,3.0,0,0,0,1,0,1,-0.09247539390489017,-0.17664574670062994
World,0,0,3.0,0,1,0,0,0,1,-0.09247645804234789,-0.17664574670062994
World,0,1,0.0,0,0,1,0,1,0,3.0421907041708756,-0.17664574670062994
World,0,1,0.0,1,0,0,0,1,0,1.1613895604824078,-0.17664574670062994
World,0,1,2.0,1,0,0,0,1,0,-0.0867034791670006,-0.17664574670062994
World,0,2,1.0,1,0,0,0,1,0,-0.09224689306418767,-0.17664574670062994
World,0,2,1.0,0,0,1,0,1,0,-0.08802333961871181,-0.17664574670062994
World,0,2,2.0,0,0,1,0,1,0,-0.0920159174851382,-0.17664574670062994
World,0,2,2.0,1,0,0,0,1,0,-0.0924349731785565,-0.17664574670062994
World,0,2,0.0,0,0,1,0,1,0,0.23748724428456416,-0.17664574670062994
World,0,2,0.0,1,0,0,0,1,0,-0.09176844365044234,-0.17664574670062994
World,0,0,1.0,0,0,1,0,1,0,-0.041333276139427916,-0.17664574670062994
World,0,0,1.0,1,0,0,0,1,0,-0.09199941922949181,-0.17664574670062994
World,0,1,3.0,0,0,0,1,0,1,-0.09247740669207706,-0.17664574670062994
World,0,1,3.0,0,1,0,0,0,1,-0.09247555888748596,-0.17664574670062994
World,0,2,3.0,0,0,0,1,0,1,-0.0924776211693926,-0.17664574670062994
World,0,2,3.0,0,0,0,1,0,1,-0.09247748918335037,0.09283688723030159
World,0,1,3.0,0,1,0,0,0,1,-0.09247390906172465,0.09283688723030159
World,0,1,3.0,0,0,0,1,0,1,-0.09247714271999262,0.09283688723030159
World,0,0,1.0,1,0,0,0,1,0,-0.09176844365044234,0.09283688723030159
World,0,0,1.0,0,0,1,0,1,0,-0.03968345057478891,0.09283688723030159
World,0,2,0.0,1,0,0,0,1,0,0.0395081765278834,0.09283688723030159
World,0,2,0.0,0,0,1,0,1,0,0.4189680563948549,0.09283688723030159
World,0,2,2.0,1,0,0,0,1,0,-0.09231948538903179,0.09283688723030159
World,0,2,0.0,0,0,1,0,1,0,-0.0918674331843207,0.09283688723030159
World,0,2,1.0,0,0,1,0,1,0,-0.0862085314976089,0.09283688723030159
World,0,2,1.0,1,0,0,0,1,0,-0.09216440178595571,0.09283688723030159
World,0,1,2.0,1,0,0,0,1,0,-0.09176844365044234,0.09283688723030159
World,0,1,0.0,1,0,0,0,1,0,-0.09176844365044234,0.09283688723030159
World,0,1,0.0,0,0,1,0,1,0,5.351946494665485,0.09283688723030159
World,0,0,3.0,0,1,0,0,0,1,-0.09246961951541392,0.09283688723030159
World,0,0,3.0,0,0,0,1,0,1,-0.09247473397470364,0.09283688723030159
World,0,1,1.0,1,0,0,0,1,0,0.9964070040185072,0.09283688723030159
World,0,1,1.0,0,0,1,0,1,0,3.0421907041708756,0.09283688723030159
World,0,1,2.0,0,0,1,0,1,0,-0.0911992538306419,0.09283688723030159
World,0,2,3.0,0,1,0,0,0,1,-0.09247658177934391,0.09283688723030159
World,0,0,0.0,1,0,0,0,1,0,0.04775730435107844,0.09283688723030159
World,0,0,2.0,0,0,1,0,1,0,-0.08950818262688691,0.09283688723030159
World,0,0,0.0,0,0,1,0,1,0,0.5179575902731953,0.09283688723030159
World,0,0,2.0,1,0,0,0,1,0,-0.09097652737941563,0.09283688723030159
World,0,0,3.0,1,0,0,0,1,0,-0.09066306052213421,0.3623195211612331
World,0,0,0.0,0,0,1,0,1,0,0.6334453797979258,0.3623195211612331
World,0,0,2.0,0,0,1,0,1,0,-0.087693374505784,0.3623195211612331
World,0,0,0.0,1,0,0,0,1,0,0.026309572010771352,0.3623195211612331
World,0,2,3.0,0,1,0,0,0,1,-0.09247694474091699,0.3623195211612331
World,0,1,2.0,0,0,1,0,1,0,-0.061131182915096,0.3623195211612331
World,0,1,1.0,0,0,1,0,1,0,3.8671034864903793,0.3623195211612331
World,0,1,1.0,1,0,0,0,1,0,0.8644209588473867,0.3623195211612331
World,0,0,3.0,0,0,0,1,0,1,-0.09247407404451713,0.3623195211612331
World,0,0,3.0,0,1,0,0,0,1,-0.09247060941059537,0.3623195211612331
World,0,1,0.0,0,0,1,0,1,0,7.826684841623995,0.3623195211612331
World,0,1,0.0,1,0,0,0,1,0,2.3822604783152728,0.3623195211612331
World,0,1,2.0,1,0,0,0,1,0,-0.09176844365044234,0.3623195211612331
World,0,2,1.0,1,0,0,0,1,0,-0.0920159174851382,0.3623195211612331
World,0,2,1.0,0,0,1,0,1,0,-0.08290888036833088,0.3623195211612331
World,0,2,2.0,0,0,1,0,1,0,-0.0918674331843207,0.3623195211612331
World,0,2,2.0,1,0,0,0,1,0,-0.09245312125976754,0.3623195211612331
World,0,2,0.0,0,0,1,0,1,0,0.5509541015659755,0.3623195211612331
World,0,2,0.0,1,0,0,0,1,0,0.004861839670464266,0.3623195211612331
World,0,0,1.0,0,0,1,0,1,0,-0.0363837994455109,0.09283688723030159
World,0,0,1.0,1,0,0,0,1,0,-0.09016811285274251,0.3623195211612331
World,0,1,3.0,0,0,0,1,0,1,-0.09247687874785901,0.3623195211612331
World,0,1,0.0,0,1,0,0,0,1,-0.0924735790969264,0.3623195211612331
World,0,2,3.0,0,0,0,1,0,1,-0.09247742319031697,0.3623195211612331
World,0,2,3.0,0,0,0,1,0,1,-0.09247758817288819,0.6318021550921646
World,0,1,3.0,0,1,0,0,0,1,-0.09247093937618032,0.6318021550921646
World,0,1,0.0,0,0,0,1,0,1,-0.0924764827898061,0.6318021550921646
World,0,0,3.0,1,0,0,0,1,0,-0.08934320007042301,0.6318021550921646
World,0,0,1.0,0,0,1,0,1,0,-0.03473397388087189,0.6318021550921646
World,0,2,0.0,1,0,0,0,1,0,0.04610747878643943,0.6318021550921646
World,0,2,0.0,0,0,1,0,1,0,0.6664418910907058,0.6318021550921646
World,0,2,2.0,1,0,0,0,1,0,-0.09237887910935878,0.6318021550921646
World,0,2,2.0,0,0,1,0,1,0,-0.09181793841738152,0.6318021550921646
World,0,2,1.0,0,0,1,0,1,0,-0.07927926412612507,0.6318021550921646
World,0,2,1.0,1,0,0,0,1,0,-0.0883533047316396,0.6318021550921646
World,0,1,2.0,1,0,0,0,1,0,-0.08026915946490848,0.6318021550921646
World,0,1,0.0,1,0,0,0,1,0,3.207173260634776,0.6318021550921646
World,0,1,0.0,0,0,1,0,1,0,11.126335970902009,0.6318021550921646
World,0,0,3.0,0,1,0,0,0,1,-0.09247027944579712,0.6318021550921646
World,0,1,1.0,1,0,0,0,1,0,1.5243511847029894,0.6318021550921646
World,0,1,0.0,0,0,1,0,1,0,5.516929051129385,0.6318021550921646
World,0,1,2.0,0,0,1,0,1,0,-0.04958240396262295,0.6318021550921646
World,0,2,3.0,0,1,0,0,0,1,-0.09247635080369013,0.6318021550921646
World,0,0,3.0,0,0,0,1,0,1,-0.09247341411413393,0.6318021550921646
World,0,0,3.0,1,0,0,0,1,0,0.009811316364381286,0.6318021550921646
World,0,0,2.0,0,0,1,0,1,0,-0.0858785663846811,0.6318021550921646
World,0,0,0.0,0,0,1,0,1,0,0.7324349136762661,0.6318021550921646
World,0,0,2.0,1,0,0,0,1,0,-0.09176844365044234,0.6318021550921646
World,0,0,2.0,1,0,0,0,1,0,-0.09066306052213421,0.9012847890230962
World,0,0,0.0,0,0,1,0,1,0,0.8149261919082165,0.9012847890230962
World,0,0,2.0,0,0,1,0,1,0,-0.08422874082004209,0.9012847890230962
World,0,0,0.0,1,0,0,0,1,0,-0.009986590411286793,0.9012847890230962
World,0,0,3.0,0,0,0,1,0,1,-0.09247308414894233,0.9012847890230962
World,0,2,3.0,0,1,0,0,0,1,-0.09247506393969857,0.9012847890230962
World,0,1,2.0,0,0,1,0,1,0,-0.023185194928398847,0.9012847890230962
World,0,1,1.0,0,0,1,0,1,0,8.651597623943498,0.9012847890230962
World,0,1,1.0,1,0,0,0,1,0,3.0421907041708756,0.9012847890230962
World,0,0,3.0,0,1,0,0,0,1,-0.09247209425376089,0.9012847890230962
World,0,1,0.0,0,0,1,0,1,0,18.055603342385837,0.9012847890230962
World,0,1,0.0,1,0,0,0,1,0,-0.09176844365044234,0.9012847890230962
World,0,1,2.0,1,0,0,0,1,0,-0.06608065960901302,0.9012847890230962
World,0,2,1.0,1,0,0,0,1,0,-0.08208396758601139,0.9012847890230962
World,0,2,1.0,0,0,1,0,1,0,-0.07960922923905288,0.9012847890230962
World,0,2,2.0,0,0,1,0,1,0,-0.0911992538306419,0.9012847890230962
World,0,2,2.0,1,0,0,0,1,0,-0.09233928329580744,0.9012847890230962
World,0,2,0.0,0,0,1,0,1,0,0.9139157257865569,0.9012847890230962
World,0,2,0.0,1,0,0,0,1,0,0.187992477345394,0.9012847890230962
World,0,0,1.0,0,0,1,0,1,0,-0.03143432275159388,0.09283688723030159
World,0,0,1.0,1,0,0,0,1,0,-0.09082804307859811,0.9012847890230962
World,0,1,3.0,0,0,0,1,0,1,-0.09247572387008177,0.9012847890230962
World,0,1,3.0,0,1,0,0,0,1,-0.0924631851963412,0.9012847890230962
World,0,2,3.0,0,0,0,1,0,1,-0.09247717571652161,0.9012847890230962
World,0,2,3.0,0,0,0,1,0,1,-0.09247687874785901,1.1707674229540277
World,0,1,3.0,0,1,0,0,0,1,-0.09245477108533218,1.1707674229540277
World,0,1,3.0,0,0,0,1,0,1,-0.09247440400970872,1.1707674229540277
World,0,0,1.0,1,0,0,0,1,0,-0.09049807796567032,1.1707674229540277
World,0,0,1.0,0,0,1,0,1,0,-0.029784497186954872,1.1707674229540277
World,0,2,0.0,1,0,0,0,1,0,0.4189680563948549,1.1707674229540277
World,0,2,0.0,0,0,1,0,1,0,1.3758668838854786,1.1707674229540277
World,0,2,2.0,1,0,0,0,1,0,-0.09114150993587952,1.1707674229540277
World,0,2,2.0,0,0,1,0,1,0,-0.09033309540920642,1.1707674229540277
World,0,2,1.0,0,0,1,0,1,0,-0.07432978743220806,1.1707674229540277
World,0,2,1.0,1,0,0,0,1,0,-0.07944424668258897,1.1707674229540277
World,0,1,2.0,1,0,0,0,1,0,-0.06773048517365203,1.1707674229540277
World,0,1,0.0,1,0,0,0,1,0,-0.09176844365044234,1.1707674229540277
World,0,1,0.0,0,0,1,0,1,0,29.60438229485888,1.1707674229540277
World,0,0,3.0,0,1,0,0,0,1,-0.09247159930617016,0.09283688723030159
World,0,1,1.0,1,0,0,0,1,0,4.6920162688098825,1.1707674229540277
World,0,1,1.0,0,0,1,0,1,0,13.106126648468816,1.1707674229540277
World,0,1,2.0,0,0,1,0,1,0,0.0015621885411862527,1.1707674229540277
World,0,2,3.0,0,1,0,0,0,1,-0.09247645804234789,1.1707674229540277
World,0,0,3.0,0,0,0,1,0,1,-0.09247242421895248,1.1707674229540277
World,0,0,0.0,1,0,0,0,1,0,0.003212014105825259,1.1707674229540277
World,0,0,2.0,0,0,1,0,1,0,-0.08158901991661968,1.1707674229540277
World,0,0,0.0,0,0,1,0,1,0,0.9139157257865569,1.1707674229540277
World,0,0,2.0,1,0,0,0,1,0,-0.09176844365044234,1.1707674229540277
World,0,0,2.0,1,0,0,0,1,0,-0.08950818262688691,1.4402500568849592
World,0,0,0.0,0,0,1,0,1,0,0.9799087483721172,1.4402500568849592
World,0,0,2.0,0,0,1,0,1,0,-0.07812438623087777,1.4402500568849592
World,0,0,0.0,1,0,0,0,1,0,-0.09176844365044234,1.4402500568849592
World,0,0,3.0,0,0,0,1,0,1,-0.09247192927136176,1.4402500568849592
World,0,2,3.0,0,1,0,0,0,1,-0.09247645804234789,1.4402500568849592
World,0,1,2.0,0,0,1,0,1,0,0.01641061862293731,1.4402500568849592
World,0,1,0.0,0,0,1,0,1,0,19.705428907024842,1.4402500568849592
World,0,1,1.0,1,0,0,0,1,0,7.001772059304492,1.4402500568849592
World,0,0,3.0,0,1,0,0,0,1,-0.09247275418414408,1.4402500568849592
World,0,1,0.0,0,0,1,0,1,0,46.10263794124894,1.4402500568849592
World,0,1,0.0,1,0,0,0,1,0,15.580864995427326,1.4402500568849592
World,0,1,2.0,1,0,0,0,1,0,-0.07779442111794997,1.4402500568849592
World,0,2,0.0,1,0,0,0,1,0,-0.08158901991661968,1.4402500568849592
World,0,2,1.0,0,0,1,0,1,0,-0.06773048517365203,1.4402500568849592
World,0,2,2.0,0,0,1,0,1,0,-0.0911992538306419,1.4402500568849592
World,0,2,2.0,1,0,0,0,1,0,-0.08917821751395912,1.4402500568849592
World,0,2,0.0,0,0,1,0,1,0,2.0522953653874714,1.4402500568849592
World,0,2,0.0,1,0,0,0,1,0,0.6664418910907058,1.4402500568849592
World,0,0,1.0,0,0,1,0,1,0,-0.0911992538306419,1.4402500568849592
World,0,0,1.0,1,0,0,0,1,0,-0.09016811285274251,0.09283688723030159
World,0,1,3.0,0,0,0,1,0,1,-0.09247258920135161,1.4402500568849592
World,0,1,3.0,0,1,0,0,0,1,-0.09244817178307362,1.4402500568849592
World,0,2,3.0,0,0,0,1,0,1,-0.09247646629146784,1.4402500568849592
