region,category,parameter,mode,powertrain,year,unit,value
Australia,Historical,EV stock share,Cars,EV,2011.0,percent,0.000390000001062
Australia,Historical,EV sales share,Cars,,2011.0,percent,0.00650000013411
Australia,Historical,EV sales,Cars,BEV,2011.0,Vehicles,49.0
Australia,Historical,EV stock,Cars,BEV,2011.0,Vehicles,49.0
Australia,Historical,EV stock,Cars,BEV,2012.0,Vehicles,220.0
Australia,Historical,EV sales,Cars,BEV,2012.0,Vehicles,170.0
Australia,Historical,EV sales share,Cars,EV,2012.0,percent,
Australia,Historical,EV stock share,Cars,EV,2012.0,percent,0.002400000113994
Australia,Historical,EV stock,Cars,,2012.0,Vehicles,80.0
Australia,Historical,EV sales,Cars,PHEV,2012.0,Vehicles,80.0
Australia,Historical,EV sales,Cars,PHEV,2013.0,Vehicles,
Australia,Historical,EV stock,Cars,PHEV,2013.0,Vehicles,180.0
Australia,Historical,EV stock share,Cars,EV,2013.0,percent,0.004600000102073
Australia,Historical,EV sales share,Cars,EV,2013.0,percent,0.034000001847744
Australia,Historical,EV sales,Cars,BEV,2013.0,Vehicles,190.0
Australia,Historical,EV stock,Cars,BEV,2013.0,Vehicles,410.0
Australia,Historical,EV stock,Cars,BEV,2014.0,Vehicles,780.0
Australia,Historical,EV sales,Cars,BEV,2014.0,Vehicles,370.0
Australia,Historical,EV sales share,Cars,EV,2014.0,percent,0.159999996423721
Australia,Historical,EV stock share,Cars,EV,2014.0,percent,0.014000000432134
Australia,Historical,EV stock,Cars,PHEV,2014.0,Vehicles,1100.0
Australia,Historical,EV sales,Cars,PHEV,2014.0,Vehicles,950.0
Australia,Historical,EV sales,Cars,PHEV,2015.0,,1000.0
Australia,Historical,EV stock,Cars,PHEV,2015.0,Vehicles,2100.0
Australia,Historical,EV stock share,Cars,EV,2015.0,percent,0.027000000700355
Australia,Historical,EV sales share,Cars,EV,2015.0,percent,0.200000002980232
Australia,Historical,EV sales,Cars,BEV,2015.0,Vehicles,760.0
Australia,Historical,EV stock,Cars,BEV,2015.0,Vehicles,1500.0
Australia,Historical,EV stock,Cars,BEV,2016.0,Vehicles,2200.0
Australia,Historical,EV sales,Cars,BEV,2016.0,Vehicles,
Australia,Historical,EV sales share,Cars,EV,2016.0,percent,0.150000005960464
Australia,Historical,EV stock share,Cars,EV,2016.0,percent,0.037000000476837
Australia,Historical,EV stock,Cars,PHEV,2016.0,Vehicles,
Australia,Historical,EV sales,Cars,,2016.0,Vehicles,700.0
Australia,Historical,EV sales,Cars,PHEV,2017.0,Vehicles,1100.0
Australia,Historical,EV stock,Cars,PHEV,2017.0,Vehicles,3900.0
Australia,Historical,EV stock share,Cars,EV,2017.0,percent,0.052000001072884
Australia,Historical,EV sales share,Cars,EV,2017.0,percent,
Australia,Historical,EV sales,Cars,BEV,2017.0,Vehicles,1200.0
Australia,Historical,EV stock,Cars,BEV,2017.0,Vehicles,3400.0
Australia,Historical,EV stock,Cars,BEV,2018.0,Vehicles,5200.0
Australia,Historical,EV sales,Cars,BEV,,Vehicles,1800.0
Australia,Historical,EV sales share,Cars,EV,2018.0,percent,
Australia,Historical,EV stock share,Cars,EV,2018.0,percent,0.076999999582768
Australia,Historical,EV stock,Cars,PHEV,2018.0,Vehicles,5700.0
Australia,Historical,EV sales,Cars,PHEV,2018.0,Vehicles,1800.0
Australia,Historical,EV sales,Cars,PHEV,2019.0,Vehicles,2900.0
Australia,Historical,EV stock,Cars,PHEV,2019.0,Vehicles,8600.0
Australia,Historical,EV stock share,Cars,EV,2019.0,percent,0.140000000596046
Australia,Historical,EV sales share,Cars,EV,2019.0,percent,1.20000004768372
Australia,Historical,EV sales,Cars,BEV,2019.0,Vehicles,6300.0
Australia,Historical,EV stock,Cars,BEV,2019.0,Vehicles,12000.0
Australia,Historical,EV stock,Cars,BEV,2020.0,Vehicles,17000.0
Australia,Historical,EV sales,Cars,BEV,2020.0,Vehicles,5200.0
Australia,Historical,EV sales share,Cars,,2020.0,percent,1.10000002384186
Australia,Historical,EV stock share,Cars,EV,2020.0,percent,0.180000007152557
Australia,Historical,EV stock,Cars,PHEV,2020.0,Vehicles,
Australia,Historical,EV sales,Cars,PHEV,2020.0,Vehicles,1700.0
Australia,Historical,EV sales,Cars,PHEV,2021.0,Vehicles,
Australia,Historical,EV stock,Cars,PHEV,2021.0,Vehicles,14000.0
Australia,Historical,EV stock,Cars,FCEV,2021.0,Vehicles,44.0
Australia,Historical,EV stock share,Cars,EV,2021.0,percent,0.319999992847443
Australia,Historical,EV sales share,Cars,EV,2021.0,percent,2.79999995231628
Australia,Historical,EV sales,Cars,BEV,2021.0,Vehicles,17000.0
Australia,Historical,EV stock,Cars,BEV,2021.0,Vehicles,34000.0
Australia,Historical,EV sales,Cars,,2021.0,Vehicles,44.0
Australia,Historical,EV sales,Cars,,2022.0,Vehicles,15.0
Australia,Historical,EV stock,Cars,BEV,2022.0,Vehicles,67000.0
Australia,Historical,EV sales,Cars,BEV,2022.0,Vehicles,
Australia,Historical,EV sales share,Cars,EV,2022.0,percent,5.09999990463257
Australia,Historical,EV stock,Cars,FCEV,2022.0,Vehicles,100.0
Australia,Historical,EV stock,Cars,PHEV,2022.0,Vehicles,21000.0
Australia,Historical,EV sales,Cars,PHEV,2022.0,Vehicles,
Australia,Historical,EV stock share,Cars,EV,2022.0,percent,0.589999973773956
Australia,Historical,EV stock share,Cars,EV,2023.0,percent,1.20000004768372
Australia,Historical,EV sales,Cars,PHEV,2023.0,Vehicles,11000.0
Australia,Historical,EV stock,Cars,PHEV,2023.0,Vehicles,31000.0
Australia,Historical,EV stock,Cars,FCEV,,Vehicles,
Australia,Historical,EV sales share,Cars,EV,2023.0,percent,12.0
Australia,Historical,EV sales,Cars,BEV,2023.0,,
Australia,Historical,EV stock,Cars,BEV,2023.0,Vehicles,150000.0
Australia,Historical,EV sales,Cars,FCEV,2023.0,Vehicles,6.0
Austria,Historical,EV stock,Cars,BEV,2010.0,Vehicles,350.0
Austria,Historical,EV stock share,Cars,EV,2010.0,percent,
Austria,Historical,EV stock share,Cars,EV,2011.0,percent,0.021999999880791
Austria,Historical,EV stock,Cars,BEV,2011.0,Vehicles,990.0
Austria,Historical,EV stock,Cars,BEV,2012.0,Vehicles,1400.0
Austria,Historical,EV stock,Cars,PHEV,2012.0,Vehicles,140.0
Austria,Historical,EV stock share,Cars,EV,2012.0,percent,0.032999999821186
Austria,Historical,EV stock share,Cars,EV,2013.0,percent,0.052999999374151
Austria,Historical,EV sales share,Cars,EV,2013.0,percent,
Austria,Historical,EV stock,Cars,PHEV,2013.0,Vehicles,410.0
Austria,Historical,EV stock,Cars,BEV,2013.0,Vehicles,2100.0
Austria,Historical,EV sales,Cars,BEV,2013.0,,650.0
Austria,Historical,EV sales,Cars,BEV,2014.0,Vehicles,1700.0
Austria,Historical,EV stock,Cars,BEV,2014.0,Vehicles,3400.0
Austria,Historical,EV sales,Cars,FCEV,2014.0,,6.0
Austria,Historical,EV stock,Cars,FCEV,2014.0,Vehicles,3.0
Austria,Historical,EV stock,Cars,PHEV,2014.0,Vehicles,
Austria,Historical,EV sales share,Cars,EV,2014.0,percent,
Austria,Historical,EV stock share,Cars,EV,2014.0,percent,
Austria,Historical,EV stock share,Cars,EV,2015.0,percent,0.140000000596046
Austria,Historical,EV sales share,Cars,EV,2015.0,percent,0.899999976158142
Austria,Historical,EV stock,Cars,,2015.0,Vehicles,1500.0
Austria,Historical,EV stock,Cars,FCEV,2015.0,Vehicles,6.0
Austria,Historical,EV sales,Cars,FCEV,2015.0,Vehicles,4.0
Austria,Historical,EV sales,Cars,PHEV,2015.0,Vehicles,1100.0
Austria,Historical,EV stock,Cars,BEV,2015.0,Vehicles,5000.0
Austria,Historical,EV sales,Cars,,2015.0,Vehicles,1700.0
Austria,Historical,EV sales,Cars,BEV,2016.0,Vehicles,
Austria,Historical,EV stock,Cars,BEV,2016.0,Vehicles,9100.0
Austria,Historical,EV sales,Cars,PHEV,2016.0,Vehicles,1200.0
Austria,Historical,EV stock,Cars,FCEV,2016.0,,13.0
Austria,Historical,EV stock,Cars,PHEV,2016.0,Vehicles,2300.0
Austria,Historical,EV sales share,Cars,,2016.0,percent,1.5
Austria,Historical,EV stock share,Cars,EV,2016.0,percent,0.239999994635582
Austria,Historical,EV stock share,Cars,EV,2017.0,percent,0.379999995231628
Austria,Historical,EV sales share,Cars,,2017.0,percent,2.0
Austria,Historical,EV stock,Cars,PHEV,2017.0,Vehicles,3900.0
Austria,Historical,EV stock,Cars,FCEV,2017.0,Vehicles,19.0
Austria,Historical,EV sales,Cars,FCEV,2017.0,Vehicles,2.0
Austria,Historical,EV sales,Cars,PHEV,2017.0,Vehicles,1700.0
Austria,Historical,EV stock,Cars,BEV,2017.0,Vehicles,15000.0
Austria,Historical,EV sales,Cars,BEV,2017.0,Vehicles,
Austria,Historical,EV sales,Cars,BEV,2018.0,Vehicles,6800.0
Austria,Historical,EV stock,Cars,BEV,2018.0,Vehicles,21000.0
Austria,Historical,EV sales,Cars,PHEV,2018.0,,2300.0
Austria,Historical,EV sales,Cars,FCEV,2018.0,,7.0
Austria,Historical,EV stock,Cars,FCEV,2018.0,Vehicles,
Austria,Historical,EV stock,Cars,PHEV,2018.0,Vehicles,5700.0
Austria,Historical,EV sales share,Cars,EV,,percent,2.59999990463257
Austria,Historical,EV stock share,Cars,EV,2018.0,percent,0.529999971389771
Austria,Historical,EV stock share,Cars,EV,2019.0,percent,
Austria,Historical,EV sales share,Cars,EV,2019.0,percent,3.5
Austria,Historical,EV stock,Cars,PHEV,2019.0,Vehicles,8000.0
Austria,Historical,EV stock,Cars,FCEV,2019.0,,41.0
Austria,Historical,EV sales,Cars,FCEV,2019.0,Vehicles,19.0
Austria,Historical,EV stock,Cars,BEV,2019.0,Vehicles,30000.0
Austria,Historical,EV sales,Cars,BEV,2019.0,Vehicles,9300.0
Austria,Historical,EV sales,Cars,PHEV,2019.0,Vehicles,2200.0
Austria,Historical,EV sales,Cars,PHEV,2020.0,Vehicles,7600.0
Austria,Historical,EV sales,Cars,BEV,2020.0,Vehicles,16000.0
Austria,Historical,EV stock,Cars,BEV,2020.0,Vehicles,45000.0
Austria,Historical,EV sales,Cars,FCEV,2020.0,Vehicles,14.0
Austria,Historical,EV stock,Cars,FCEV,2020.0,Vehicles,45.0
Austria,Historical,EV stock,Cars,PHEV,2020.0,Vehicles,
Austria,Historical,EV sales share,Cars,EV,2020.0,percent,9.5
Austria,Historical,EV stock share,Cars,EV,2020.0,percent,1.20000004768372
Austria,Historical,EV stock share,Cars,EV,2021.0,percent,
Austria,Historical,EV sales share,Cars,EV,2021.0,percent,20.0
Austria,Historical,EV stock,Cars,PHEV,2021.0,Vehicles,29000.0
Austria,Historical,EV stock,Cars,,2021.0,Vehicles,55.0
Austria,Historical,EV sales,Cars,FCEV,2021.0,Vehicles,14.0
Austria,Historical,EV stock,Cars,BEV,,Vehicles,77000.0
Austria,Historical,EV sales,Cars,BEV,2021.0,Vehicles,33000.0
Austria,Historical,EV sales,Cars,PHEV,2021.0,Vehicles,15000.0
Austria,Historical,EV sales,Cars,,2022.0,Vehicles,13000.0
Austria,Historical,EV sales,Cars,BEV,2022.0,Vehicles,34000.0
Austria,Historical,EV stock,Cars,BEV,2022.0,Vehicles,110000.0
Austria,Historical,EV sales,Cars,,2022.0,Vehicles,14.0
Austria,Historical,EV stock,Cars,FCEV,2022.0,,62.0
Austria,Historical,EV stock,Cars,PHEV,2022.0,Vehicles,42000.0
Austria,Historical,EV sales share,Cars,EV,2022.0,percent,22.0
Austria,Historical,EV stock share,Cars,EV,2022.0,percent,3.0
Austria,Historical,EV stock share,Cars,EV,2023.0,percent,
Austria,Historical,EV sales share,Cars,EV,2023.0,percent,26.0
Austria,Historical,EV stock,Cars,PHEV,2023.0,Vehicles,61000.0
Austria,Historical,EV stock,Cars,FCEV,2023.0,Vehicles,89.0
Austria,Historical,EV sales,Cars,FCEV,2023.0,Vehicles,
Austria,Historical,EV stock,Cars,BEV,2023.0,Vehicles,160000.0
Austria,Historical,EV sales,Cars,BEV,2023.0,Vehicles,48000.0
Austria,Historical,EV sales,Cars,PHEV,2023.0,Vehicles,
Belgium,Historical,EV stock,Buses,BEV,2010.0,Vehicles,3.0
Belgium,Historical,EV sales,Vans,BEV,2010.0,Vehicles,7.0
Belgium,Historical,EV stock,Vans,BEV,2010.0,Vehicles,62.0
Belgium,Historical,EV sales,Cars,,2010.0,Vehicles,48.0
Belgium,Historical,EV stock,Cars,BEV,2010.0,Vehicles,61.0
Belgium,Historical,EV sales,Cars,PHEV,2010.0,Vehicles,8.0
Belgium,Historical,EV sales share,Cars,EV,2010.0,percent,0.009999999776483
Belgium,Historical,EV stock,Cars,,2010.0,,1.0
Belgium,Historical,EV stock,Cars,PHEV,2010.0,Vehicles,9.0
Belgium,Historical,EV stock share,Buses,EV,2010.0,percent,
Belgium,Historical,EV sales share,Vans,EV,2010.0,percent,0.013000000268221
Belgium,Historical,EV stock share,Vans,EV,2010.0,percent,0.010999999940395
Belgium,Historical,EV stock share,Cars,EV,2010.0,percent,0.001300000003539
Belgium,Historical,EV stock share,Cars,EV,2011.0,percent,0.00650000013411
Belgium,Historical,EV stock share,Vans,EV,2011.0,percent,0.013000000268221
Belgium,Historical,EV sales share,Vans,EV,2011.0,percent,0.039000000804663
Belgium,Historical,EV stock share,Buses,EV,2011.0,percent,0.018999999389052
Belgium,Historical,EV stock,Cars,PHEV,2011.0,Vehicles,26.0
Belgium,Historical,EV stock,Cars,FCEV,2011.0,Vehicles,
Belgium,Historical,EV sales share,Cars,EV,,percent,0.052000001072884
Belgium,Historical,EV sales,Cars,PHEV,2011.0,Vehicles,16.0
Belgium,Historical,EV stock,Cars,BEV,2011.0,Vehicles,320.0
Belgium,Historical,EV sales,Cars,BEV,2011.0,Vehicles,280.0
Belgium,Historical,EV stock,Vans,BEV,2011.0,Vehicles,79.0
Belgium,Historical,EV sales,Vans,BEV,2011.0,Vehicles,25.0
Belgium,Historical,EV stock,Buses,,2011.0,Vehicles,3.0
Belgium,Historical,EV stock,Buses,BEV,2012.0,Vehicles,3.0
Belgium,Historical,EV sales,Vans,BEV,2012.0,,260.0
Belgium,Historical,EV stock,Vans,BEV,2012.0,Vehicles,330.0
Belgium,Historical,EV sales,Cars,BEV,2012.0,Vehicles,
Belgium,Historical,EV stock,Cars,BEV,2012.0,Vehicles,830.0
Belgium,Historical,EV sales,Cars,,2012.0,Vehicles,340.0
Belgium,Historical,EV sales share,Cars,EV,2012.0,percent,0.189999997615814
Belgium,Historical,EV stock,Cars,FCEV,2012.0,Vehicles,
Belgium,Historical,EV stock,Cars,PHEV,2012.0,Vehicles,
Belgium,Historical,EV stock share,Buses,,2012.0,percent,0.018999999389052
Belgium,Historical,EV sales share,Vans,EV,2012.0,percent,
Belgium,Historical,EV stock share,Vans,EV,2012.0,percent,0.052999999374151
Belgium,Historical,EV stock share,Cars,EV,2012.0,percent,0.021999999880791
Belgium,Historical,EV stock share,Cars,EV,2013.0,percent,0.032999999821186
Belgium,Historical,EV stock share,Vans,EV,2013.0,percent,0.06700000166893
Belgium,Historical,EV sales share,Vans,EV,2013.0,percent,0.189999997615814
Belgium,Historical,EV stock share,Buses,EV,2013.0,percent,0.018999999389052
Belgium,Historical,EV stock,Cars,PHEV,2013.0,Vehicles,590.0
Belgium,Historical,EV stock,Cars,FCEV,2013.0,Vehicles,1.0
Belgium,Historical,EV sales share,Cars,EV,2013.0,percent,0.119999997317791
Belgium,Historical,EV sales,Cars,PHEV,2013.0,Vehicles,60.0
Belgium,Historical,EV stock,Cars,BEV,2013.0,Vehicles,1200.0
Belgium,Historical,EV sales,Cars,BEV,2013.0,Vehicles,500.0
Belgium,Historical,EV stock,Vans,BEV,2013.0,Vehicles,430.0
Belgium,Historical,EV sales,Vans,BEV,2013.0,Vehicles,
Belgium,Historical,EV stock,Buses,BEV,2013.0,Vehicles,3.0
Belgium,Historical,EV stock,Buses,BEV,2014.0,Vehicles,7.0
Belgium,Historical,EV sales,Vans,BEV,2014.0,Vehicles,99.0
Belgium,Historical,EV stock,Buses,,2014.0,Vehicles,32.0
Belgium,Historical,EV stock,Vans,BEV,2014.0,Vehicles,520.0
Belgium,Historical,EV sales,Cars,BEV,2014.0,Vehicles,1300.0
Belgium,Historical,EV stock,Cars,BEV,2014.0,Vehicles,2200.0
Belgium,Historical,EV sales,Buses,BEV,2014.0,Vehicles,3.0
Belgium,Historical,EV sales share,Cars,EV,2014.0,percent,0.409999996423721
Belgium,Historical,EV stock,Cars,FCEV,2014.0,Vehicles,2.0
Belgium,Historical,EV stock,Cars,,2014.0,Vehicles,1500.0
Belgium,Historical,EV sales,Cars,PHEV,2014.0,Vehicles,650.0
Belgium,Historical,EV stock share,Buses,EV,2014.0,percent,0.239999994635582
Belgium,Historical,EV sales share,Vans,EV,2014.0,percent,0.180000007152557
Belgium,Historical,EV stock share,Vans,EV,2014.0,percent,
Belgium,Historical,EV sales share,Buses,EV,2014.0,percent,0.259999990463257
Belgium,Historical,EV stock share,Cars,EV,2014.0,percent,0.06700000166893
Belgium,Historical,EV stock share,Cars,EV,2015.0,percent,0.129999995231628
Belgium,Historical,EV stock share,Vans,EV,2015.0,percent,0.08500000089407
Belgium,Historical,EV sales share,Vans,EV,2015.0,percent,0.109999999403954
Belgium,Historical,EV stock share,Buses,,2015.0,percent,0.529999971389771
Belgium,Historical,EV sales,Cars,PHEV,2015.0,Vehicles,
Belgium,Historical,EV stock,Cars,PHEV,2015.0,Vehicles,3800.0
Belgium,Historical,EV stock,Cars,FCEV,2015.0,Vehicles,8.0
Belgium,Historical,EV sales share,Cars,EV,2015.0,percent,0.769999980926514
Belgium,Historical,EV stock,Cars,BEV,2015.0,Vehicles,3300.0
Belgium,Historical,EV sales,Cars,FCEV,2015.0,Vehicles,2.0
Belgium,Historical,EV sales,Cars,BEV,2015.0,Vehicles,1400.0
Belgium,Historical,EV stock,Vans,BEV,2015.0,Vehicles,570.0
Belgium,Historical,EV stock,Buses,PHEV,2015.0,Vehicles,80.0
Belgium,Historical,EV sales,Vans,BEV,2015.0,Vehicles,68.0
Belgium,Historical,EV stock,Buses,,2015.0,Vehicles,7.0
Belgium,Historical,EV stock,Buses,BEV,2016.0,Vehicles,7.0
Belgium,Historical,EV sales,Vans,BEV,2016.0,Vehicles,140.0
Belgium,Historical,EV stock,Buses,PHEV,2016.0,Vehicles,110.0
Belgium,Historical,EV stock,Vans,BEV,2016.0,Vehicles,690.0
Belgium,Historical,EV sales,Cars,BEV,,Vehicles,
Belgium,Historical,EV stock,Vans,PHEV,2016.0,Vehicles,1.0
Belgium,Historical,EV sales,Cars,,2016.0,Vehicles,7.0
Belgium,Historical,EV stock,Cars,BEV,2016.0,Vehicles,5200.0
Belgium,Historical,EV sales share,Cars,EV,2016.0,percent,1.70000004768372
Belgium,Historical,EV stock,Cars,FCEV,2016.0,Vehicles,20.0
Belgium,Historical,EV stock,Cars,PHEV,2016.0,Vehicles,11000.0
Belgium,Historical,EV sales,Cars,PHEV,2016.0,Vehicles,7100.0
Belgium,Historical,EV stock share,Buses,EV,2016.0,percent,0.75
Belgium,Historical,EV sales share,Vans,EV,2016.0,,0.209999993443489
Belgium,Historical,EV stock share,Vans,EV,2016.0,percent,0.097000002861023
Belgium,Historical,EV stock share,Cars,EV,2016.0,percent,0.280000001192093
Belgium,Historical,EV stock share,Cars,,2017.0,percent,0.529999971389771
Belgium,Historical,EV stock share,Vans,EV,2017.0,percent,0.109999999403954
Belgium,Historical,EV sales share,Vans,EV,2017.0,percent,0.170000001788139
Belgium,Historical,EV stock share,Buses,EV,2017.0,percent,0.910000026226044
Belgium,Historical,EV sales share,Buses,EV,2017.0,percent,0.230000004172325
Belgium,Historical,EV sales,Cars,PHEV,2017.0,Vehicles,12000.0
Belgium,Historical,EV stock,Cars,PHEV,2017.0,Vehicles,23000.0
Belgium,Historical,EV stock,Cars,FCEV,2017.0,Vehicles,31.0
Belgium,Historical,EV sales share,Cars,EV,2017.0,percent,2.59999990463257
Belgium,Historical,EV stock,Cars,,2017.0,Vehicles,7500.0
Belgium,Historical,EV sales,Cars,FCEV,2017.0,Vehicles,11.0
Belgium,Historical,EV stock,Vans,PHEV,2017.0,Vehicles,4.0
Belgium,Historical,EV sales,Cars,BEV,2017.0,Vehicles,
Belgium,Historical,EV stock,Vans,BEV,2017.0,Vehicles,780.0
Belgium,Historical,EV sales,Vans,PHEV,2017.0,Vehicles,
Belgium,Historical,EV stock,Buses,PHEV,2017.0,Vehicles,130.0
Belgium,Historical,EV sales,Vans,BEV,2017.0,Vehicles,130.0
Belgium,Historical,EV stock,Buses,BEV,2017.0,Vehicles,10.0
Belgium,Historical,EV sales,Buses,PHEV,2017.0,,2.0
Belgium,Historical,EV stock,Buses,BEV,2018.0,Vehicles,
Belgium,Historical,EV sales,Vans,BEV,2018.0,Vehicles,
Belgium,Historical,EV stock,Buses,PHEV,2018.0,Vehicles,140.0
Belgium,Historical,EV sales,Vans,PHEV,2018.0,Vehicles,2.0
Belgium,Historical,EV stock,Vans,BEV,2018.0,Vehicles,1000.0
Belgium,Historical,EV sales,Cars,BEV,2018.0,Vehicles,3600.0
Belgium,Historical,EV stock,Vans,PHEV,2018.0,Vehicles,7.0
Belgium,Historical,EV sales,Cars,FCEV,2018.0,Vehicles,13.0
Belgium,Historical,EV stock,Cars,BEV,2018.0,Vehicles,11000.0
Belgium,Historical,EV sales,Buses,BEV,2018.0,Vehicles,
Belgium,Historical,EV sales share,Cars,EV,,percent,
Belgium,Historical,EV stock,Cars,,2018.0,Vehicles,44.0
Belgium,Historical,EV stock,Cars,PHEV,2018.0,Vehicles,33000.0
Belgium,Historical,EV sales,Cars,PHEV,2018.0,Vehicles,9600.0
Belgium,Historical,EV sales share,Buses,EV,2018.0,percent,1.39999997615814
Belgium,Historical,EV stock share,Buses,EV,,percent,1.10000002384186
Belgium,Historical,EV sales share,Vans,EV,2018.0,percent,0.340000003576279
Belgium,Historical,EV stock share,Vans,EV,2018.0,percent,0.129999995231628
Belgium,Historical,EV stock share,Cars,EV,2018.0,percent,0.740000009536743
Belgium,Historical,EV stock share,Cars,EV,2019.0,,1.0
Belgium,Historical,EV sales share,Vans,EV,2019.0,percent,0.490000009536743
Belgium,Historical,EV stock share,Buses,EV,2019.0,percent,
Belgium,Historical,EV sales share,Buses,EV,2019.0,percent,
Belgium,Historical,EV sales,Cars,PHEV,2019.0,Vehicles,8900.0
Belgium,Historical,EV stock,Cars,PHEV,2019.0,Vehicles,41000.0
Belgium,Historical,EV stock,Cars,FCEV,2019.0,Vehicles,41.0
Belgium,Historical,EV sales share,Cars,EV,2019.0,percent,3.20000004768372
Belgium,Historical,EV stock share,Vans,EV,2019.0,percent,0.170000001788139
Belgium,Historical,EV sales,Buses,BEV,2019.0,Vehicles,37.0
Belgium,Historical,EV stock,Cars,BEV,2019.0,,19000.0
Belgium,Historical,EV sales,Cars,,2019.0,Vehicles,12.0
Belgium,Historical,EV stock,Vans,PHEV,2019.0,Vehicles,13.0
Belgium,Historical,EV sales,Cars,BEV,2019.0,Vehicles,8800.0
Belgium,Historical,EV stock,Vans,BEV,2019.0,Vehicles,1400.0
Belgium,Historical,EV stock,Buses,PHEV,2019.0,Vehicles,160.0
Belgium,Historical,EV sales,Vans,BEV,2019.0,Vehicles,400.0
Belgium,Historical,EV stock,Buses,BEV,2019.0,Vehicles,59.0
Belgium,Historical,EV stock,Buses,,2019.0,Vehicles,1.0
Belgium,Historical,EV sales,Buses,PHEV,2019.0,Vehicles,11.0
Belgium,Historical,EV sales,Buses,PHEV,2020.0,Vehicles,43.0
Belgium,Historical,EV stock,Buses,FCEV,2020.0,Vehicles,2.0
Belgium,Historical,EV stock,Buses,BEV,2020.0,Vehicles,75.0
Belgium,Historical,EV sales,Vans,BEV,2020.0,Vehicles,
Belgium,Historical,EV stock,Buses,PHEV,2020.0,Vehicles,
Belgium,Historical,EV stock,Vans,BEV,,Vehicles,
Belgium,Historical,EV sales,Vans,PHEV,2020.0,Vehicles,
Belgium,Historical,EV sales,Cars,BEV,2020.0,,15000.0
Belgium,Historical,EV stock,Vans,PHEV,2020.0,Vehicles,50.0
Belgium,Historical,EV sales,Cars,FCEV,2020.0,Vehicles,4.0
Belgium,Historical,EV stock,Cars,,2020.0,Vehicles,
Belgium,Historical,EV sales,Buses,BEV,2020.0,Vehicles,12.0
Belgium,Historical,EV stock share,Vans,EV,2020.0,percent,0.219999998807907
Belgium,Historical,EV sales share,Cars,EV,2020.0,percent,11.0
Belgium,Historical,EV stock,Cars,FCEV,2020.0,Vehicles,64.0
Belgium,Historical,EV stock,Cars,PHEV,2020.0,Vehicles,73000.0
Belgium,Historical,EV sales,Cars,PHEV,2020.0,Vehicles,32000.0
Belgium,Historical,EV sales share,Buses,EV,2020.0,percent,7.0
Belgium,Historical,EV stock share,Buses,EV,2020.0,percent,
Belgium,Historical,EV sales share,Vans,EV,2020.0,percent,0.699999988079071
Belgium,Historical,EV stock share,Cars,EV,2020.0,percent,1.79999995231628
Belgium,Historical,EV stock share,Cars,EV,2021.0,percent,2.90000009536743
Belgium,Historical,EV sales share,Vans,,2021.0,percent,0.879999995231628
Belgium,Historical,EV stock share,Buses,EV,2021.0,percent,2.09999990463257
Belgium,Historical,EV sales share,Buses,EV,2021.0,percent,26.0
Belgium,Historical,EV sales,Cars,,2021.0,Vehicles,
Belgium,Historical,EV stock,Cars,PHEV,2021.0,Vehicles,120000.0
Belgium,Historical,EV stock,Cars,FCEV,2021.0,Vehicles,
Belgium,Historical,EV sales share,Cars,EV,2021.0,percent,18.0
Belgium,Historical,EV stock share,Vans,EV,2021.0,percent,0.300000011920929
Belgium,Historical,EV sales,Buses,,2021.0,Vehicles,220.0
Belgium,Historical,EV stock,Cars,,2021.0,Vehicles,52000.0
Belgium,Historical,EV sales,Cars,FCEV,2021.0,Vehicles,21.0
Belgium,Historical,EV stock,Vans,PHEV,2021.0,Vehicles,110.0
Belgium,Historical,EV sales,Cars,BEV,2021.0,Vehicles,23000.0
Belgium,Historical,EV sales,Vans,PHEV,2021.0,Vehicles,39.0
Belgium,Historical,EV stock,Vans,FCEV,2021.0,Vehicles,1.0
Belgium,Historical,EV stock,Vans,BEV,2021.0,Vehicles,2400.0
Belgium,Historical,EV stock,Buses,PHEV,2021.0,Vehicles,220.0
Belgium,Historical,EV sales,Vans,BEV,,Vehicles,640.0
Belgium,Historical,EV stock,Buses,BEV,2021.0,Vehicles,
Belgium,Historical,EV stock,Buses,FCEV,2021.0,Vehicles,
Belgium,Historical,EV sales,Buses,,2021.0,Vehicles,
Belgium,Historical,EV sales,Buses,PHEV,2022.0,Vehicles,
Belgium,Historical,EV stock,Buses,FCEV,2022.0,Vehicles,6.0
Belgium,Historical,EV stock,Buses,BEV,2022.0,Vehicles,
Belgium,Historical,EV sales,Vans,BEV,2022.0,Vehicles,1800.0
Belgium,Historical,EV stock,Buses,PHEV,2022.0,Vehicles,180.0
Belgium,Historical,EV stock,Vans,BEV,2022.0,Vehicles,
Belgium,Historical,EV stock,Vans,FCEV,2022.0,Vehicles,1.0
Belgium,Historical,EV sales,Vans,PHEV,2022.0,Vehicles,98.0
Belgium,Historical,EV sales,Cars,,2022.0,Vehicles,
Belgium,Historical,EV stock,Vans,PHEV,2022.0,Vehicles,240.0
Belgium,Historical,EV sales,Cars,FCEV,2022.0,Vehicles,20.0
Belgium,Historical,EV stock,Cars,BEV,2022.0,Vehicles,90000.0
Belgium,Historical,EV sales,Buses,BEV,2022.0,Vehicles,42.0
Belgium,Historical,EV stock share,Vans,EV,2022.0,percent,0.509999990463257
Belgium,Historical,EV sales share,Cars,EV,2022.0,percent,26.0
Belgium,Historical,EV stock,Cars,FCEV,,Vehicles,80.0
Belgium,Historical,EV stock,Cars,PHEV,2022.0,Vehicles,180000.0
Belgium,Historical,EV sales,Cars,PHEV,2022.0,Vehicles,59000.0
Belgium,Historical,EV sales share,Buses,EV,2022.0,percent,11.0
Belgium,Historical,EV stock share,Buses,EV,2022.0,percent,2.20000004768372
Belgium,Historical,EV sales share,Vans,EV,2022.0,percent,3.40000009536743
Belgium,Historical,EV stock share,Cars,EV,2022.0,percent,4.59999990463257
Belgium,Historical,EV stock share,Cars,EV,2023.0,percent,8.19999980926514
Belgium,Historical,EV sales share,Vans,EV,2023.0,,4.59999990463257
Belgium,Historical,EV stock share,Buses,EV,2023.0,percent,6.0
Belgium,Historical,EV sales share,Buses,EV,2023.0,percent,62.0
Belgium,Historical,EV sales,Cars,PHEV,2023.0,Vehicles,100000.0
Belgium,Historical,EV stock,Cars,PHEV,2023.0,Vehicles,280000.0
Belgium,Historical,EV stock,Cars,FCEV,2023.0,Vehicles,
Belgium,Historical,EV sales share,Cars,EV,2023.0,percent,41.0
Belgium,Historical,EV stock share,Vans,EV,2023.0,percent,0.889999985694885
Belgium,Historical,EV sales,Buses,BEV,2023.0,Vehicles,340.0
Belgium,Historical,EV stock,Cars,BEV,2023.0,Vehicles,190000.0
Belgium,Historical,EV sales,Cars,FCEV,2023.0,Vehicles,9.0
Belgium,Historical,EV stock,Vans,PHEV,2023.0,Vehicles,190.0
Belgium,Historical,EV sales,Cars,BEV,2023.0,Vehicles,
Belgium,Historical,EV sales,Vans,PHEV,2023.0,Vehicles,24.0
Belgium,Historical,EV stock,Vans,BEV,2023.0,Vehicles,
Belgium,Historical,EV stock,Buses,PHEV,,Vehicles,220.0
Belgium,Historical,EV sales,Vans,BEV,2023.0,Vehicles,3100.0
Belgium,Historical,EV stock,Buses,BEV,2023.0,Vehicles,670.0
Belgium,Historical,EV sales,Buses,PHEV,2023.0,Vehicles,110.0
Brazil,Historical,EV sales,Cars,BEV,2010.0,Vehicles,10.0
Brazil,Historical,EV sales share,Cars,EV,2010.0,,0.00034999998752
Brazil,Historical,EV sales share,Cars,EV,2011.0,percent,0.000280000007479
Brazil,Historical,EV sales,Cars,BEV,2011.0,Vehicles,8.0
Brazil,Historical,EV sales,Cars,BEV,2012.0,Vehicles,22.0
Brazil,Historical,EV sales,Cars,,2012.0,Vehicles,18.0
Brazil,Historical,EV sales share,Cars,EV,2012.0,percent,0.001300000003539
Brazil,Historical,EV sales share,Cars,EV,2013.0,percent,0.002400000113994
Brazil,Historical,EV sales share,Buses,EV,2013.0,percent,
Brazil,Historical,EV sales share,Vans,EV,2013.0,percent,0.001399999950081
Brazil,Historical,EV sales,Cars,PHEV,2013.0,Vehicles,
Brazil,Historical,EV sales,Cars,BEV,2013.0,Vehicles,39.0
Brazil,Historical,EV sales,Buses,BEV,2013.0,Vehicles,5.0
Brazil,Historical,EV sales,Vans,BEV,2013.0,Vehicles,7.0
Brazil,Historical,EV sales,Vans,BEV,2014.0,Vehicles,13.0
Brazil,Historical,EV sales,Cars,BEV,2014.0,,
Brazil,Historical,EV stock,Cars,BEV,2014.0,Vehicles,61.0
Brazil,Historical,EV sales share,Vans,EV,2014.0,percent,0.002600000007078
Brazil,Historical,EV sales share,Cars,EV,2014.0,percent,0.002199999988079
Brazil,Historical,EV stock share,Cars,EV,2014.0,percent,
Brazil,Historical,EV stock share,Cars,EV,2015.0,,
Brazil,Historical,EV sales share,Cars,EV,2015.0,,0.004199999850243
Brazil,Historical,EV sales share,Vans,EV,2015.0,percent,
Brazil,Historical,EV stock share,Buses,EV,2015.0,percent,0.00079999997979
Brazil,Historical,EV stock,Cars,BEV,2015.0,Vehicles,120.0
Brazil,Historical,EV sales,Cars,BEV,2015.0,Vehicles,
Brazil,Historical,EV sales,Cars,PHEV,2015.0,Vehicles,
Brazil,Historical,EV stock,Cars,PHEV,2015.0,Vehicles,28.0
Brazil,Historical,EV sales,Vans,BEV,2015.0,Vehicles,3.0
Brazil,Historical,EV stock,Buses,BEV,2015.0,Vehicles,5.0
Brazil,Historical,EV stock,Buses,BEV,2016.0,Vehicles,5.0
Brazil,Historical,EV sales,Vans,BEV,2016.0,Vehicles,6.0
Brazil,Historical,EV stock,Cars,PHEV,2016.0,Vehicles,75.0
Brazil,Historical,EV sales,Cars,PHEV,2016.0,Vehicles,47.0
Brazil,Historical,EV sales,Cars,BEV,2016.0,Vehicles,130.0
Brazil,Historical,EV stock,Cars,BEV,2016.0,Vehicles,
Brazil,Historical,EV stock share,Buses,EV,2016.0,percent,0.000820000015665
Brazil,Historical,EV sales share,Vans,EV,2016.0,percent,0.002099999925122
Brazil,Historical,EV sales share,Cars,EV,2016.0,percent,0.010999999940395
Brazil,Historical,EV stock share,Cars,EV,2016.0,percent,0.00079999997979
Brazil,Historical,EV stock share,Cars,EV,2017.0,percent,
Brazil,Historical,EV sales share,Cars,EV,2017.0,percent,0.023000000044704
Brazil,Historical,EV sales share,Vans,EV,2017.0,percent,
Brazil,Historical,EV stock share,Buses,EV,2017.0,percent,0.001300000003539
Brazil,Historical,EV sales share,Buses,EV,2017.0,percent,
Brazil,Historical,EV stock,Cars,BEV,2017.0,Vehicles,
Brazil,Historical,EV sales,Cars,BEV,2017.0,Vehicles,
Brazil,Historical,EV sales,Cars,PHEV,2017.0,Vehicles,290.0
Brazil,Historical,EV stock,Cars,PHEV,2017.0,Vehicles,360.0
Brazil,Historical,EV sales,Vans,BEV,2017.0,Vehicles,18.0
Brazil,Historical,EV stock,Buses,BEV,2017.0,Vehicles,8.0
Brazil,Historical,EV sales,Buses,BEV,2017.0,Vehicles,3.0
Brazil,Historical,EV sales,Buses,BEV,2018.0,Vehicles,18.0
Brazil,Historical,EV stock,Buses,BEV,2018.0,Vehicles,30.0
Brazil,Historical,EV sales,Vans,BEV,2018.0,Vehicles,5.0
Brazil,Historical,EV stock,Cars,PHEV,2018.0,Vehicles,700.0
Brazil,Historical,EV sales,Cars,PHEV,2018.0,Vehicles,
Brazil,Historical,EV stock,Vans,BEV,2018.0,,4.0
Brazil,Historical,EV sales,Cars,BEV,2018.0,Vehicles,
Brazil,Historical,EV stock,Cars,BEV,2018.0,Vehicles,350.0
Brazil,Historical,EV sales share,Buses,EV,2018.0,percent,0.050000000745058
Brazil,Historical,EV stock share,Buses,EV,2018.0,percent,0.004999999888241
Brazil,Historical,EV sales share,Vans,EV,2018.0,percent,
Brazil,Historical,EV stock share,Vans,EV,2018.0,percent,7.5999996624887e-05
Brazil,Historical,EV sales share,Cars,EV,2018.0,percent,0.019999999552965
Brazil,Historical,EV stock share,Cars,EV,2018.0,percent,0.002499999944121
Brazil,Historical,EV stock share,Cars,EV,2019.0,percent,0.007000000216067
Brazil,Historical,EV sales share,Cars,EV,2019.0,percent,0.086000002920628
Brazil,Historical,EV stock share,Vans,EV,2019.0,percent,0.000280000007479
Brazil,Historical,EV sales share,Vans,EV,2019.0,percent,0.003700000001118
Brazil,Historical,EV stock share,Buses,,2019.0,percent,0.017000000923872
Brazil,Historical,EV sales share,Buses,EV,2019.0,percent,0.068999998271465
Brazil,Historical,EV stock,Cars,,2019.0,,
Brazil,Historical,EV sales,Cars,BEV,2019.0,Vehicles,540.0
Brazil,Historical,EV stock,Vans,BEV,2019.0,Vehicles,15.0
Brazil,Historical,EV sales,Cars,PHEV,2019.0,Vehicles,1400.0
Brazil,Historical,EV stock,Cars,PHEV,2019.0,Vehicles,2100.0
Brazil,Historical,EV sales,Vans,BEV,2019.0,Vehicles,14.0
Brazil,Historical,EV stock,Buses,BEV,2019.0,Vehicles,99.0
Brazil,Historical,EV sales,Buses,BEV,2019.0,Vehicles,32.0
Brazil,Historical,EV sales,Buses,BEV,2020.0,,37.0
Brazil,Historical,EV stock,Buses,BEV,2020.0,Vehicles,95.0
Brazil,Historical,EV sales,Vans,BEV,2020.0,Vehicles,58.0
Brazil,Historical,EV stock,Buses,FCEV,2020.0,Vehicles,
Brazil,Historical,EV sales,Buses,FCEV,2020.0,Vehicles,1.0
Brazil,Historical,EV stock,Cars,,2020.0,Vehicles,3800.0
Brazil,Historical,EV sales,Cars,PHEV,2020.0,Vehicles,1800.0
Brazil,Historical,EV stock,Vans,BEV,2020.0,Vehicles,27.0
Brazil,Historical,EV sales,Cars,BEV,2020.0,Vehicles,800.0
Brazil,Historical,EV stock,Cars,BEV,2020.0,Vehicles,1600.0
Brazil,Historical,EV sales share,Buses,EV,2020.0,percent,0.109999999403954
Brazil,Historical,EV stock share,Buses,EV,2020.0,percent,0.016000000759959
Brazil,Historical,EV sales share,Vans,EV,2020.0,percent,0.01799999922514
Brazil,Historical,EV stock share,Vans,EV,2020.0,percent,0.000479999987874
Brazil,Historical,EV sales share,Cars,EV,2020.0,percent,0.159999996423721
Brazil,Historical,EV stock share,Cars,EV,2020.0,percent,0.013000000268221
Brazil,Historical,EV stock share,Cars,,2021.0,percent,0.046000000089407
Brazil,Historical,EV sales share,Cars,,2021.0,percent,0.899999976158142
Brazil,Historical,EV stock share,Vans,EV,2021.0,percent,0.00289999996312
Brazil,Historical,EV sales share,Vans,EV,2021.0,percent,0.035999998450279
Brazil,Historical,EV stock share,Buses,EV,2021.0,percent,
Brazil,Historical,EV sales share,Buses,EV,2021.0,percent,
Brazil,Historical,EV stock,Cars,BEV,2021.0,Vehicles,4400.0
Brazil,Historical,EV sales,Cars,,2021.0,Vehicles,2900.0
Brazil,Historical,EV stock,Vans,BEV,2021.0,Vehicles,170.0
Brazil,Historical,EV sales,Cars,,2021.0,Vehicles,1.0
Brazil,Historical,EV stock,Cars,FCEV,2021.0,Vehicles,1.0
Brazil,Historical,EV sales,Cars,PHEV,2021.0,Vehicles,11000.0
Brazil,Historical,EV stock,Cars,PHEV,2021.0,Vehicles,15000.0
Brazil,Historical,EV sales,Vans,BEV,2021.0,Vehicles,150.0
Brazil,Historical,EV stock,Buses,FCEV,2021.0,Vehicles,1.0
Brazil,Historical,EV stock,Buses,BEV,2021.0,,360.0
Brazil,Historical,EV sales,Buses,BEV,2021.0,Vehicles,240.0
Brazil,Historical,EV sales,Buses,,2022.0,Vehicles,610.0
Brazil,Historical,EV stock,Buses,BEV,2022.0,Vehicles,
Brazil,Historical,EV stock,Buses,FCEV,2022.0,Vehicles,2.0
Brazil,Historical,EV sales,Buses,FCEV,2022.0,Vehicles,2.0
Brazil,Historical,EV sales,Vans,BEV,2022.0,Vehicles,520.0
Brazil,Historical,EV stock,Cars,PHEV,2022.0,Vehicles,26000.0
Brazil,Historical,EV sales,Cars,PHEV,2022.0,Vehicles,10000.0
Brazil,Historical,EV stock,Cars,FCEV,2022.0,Vehicles,3.0
Brazil,Historical,EV sales,Cars,,2022.0,,2.0
Brazil,Historical,EV stock,Vans,BEV,2022.0,Vehicles,1100.0
Brazil,Historical,EV sales,Cars,BEV,2022.0,Vehicles,8500.0
Brazil,Historical,EV stock,Cars,BEV,2022.0,Vehicles,13000.0
Brazil,Historical,EV sales share,Buses,EV,2022.0,percent,1.70000004768372
Brazil,Historical,EV stock share,Buses,EV,2022.0,percent,0.170000001788139
Brazil,Historical,EV sales share,Vans,EV,2022.0,percent,0.129999995231628
Brazil,Historical,EV stock share,Vans,EV,2022.0,percent,0.01799999922514
Brazil,Historical,EV sales share,Cars,EV,2022.0,percent,1.20000004768372
Brazil,Historical,EV stock share,Cars,EV,2022.0,percent,0.089000001549721
Brazil,Historical,EV stock share,Cars,,2023.0,percent,0.209999993443489
Brazil,Historical,EV sales share,Cars,EV,2023.0,percent,
Brazil,Historical,EV stock share,Vans,EV,2023.0,percent,0.021999999880791
Brazil,Historical,EV sales share,Vans,EV,2023.0,,0.159999996423721
Brazil,Historical,EV stock share,Buses,EV,2023.0,percent,0.209999993443489
Brazil,Historical,EV sales share,Buses,EV,2023.0,percent,0.5
Brazil,Historical,EV stock,Cars,BEV,2023.0,Vehicles,33000.0
Brazil,Historical,EV sales,Cars,BEV,2023.0,Vehicles,19000.0
Brazil,Historical,EV stock,Vans,BEV,2023.0,Vehicles,1500.0
Brazil,Historical,EV stock,Cars,FCEV,2023.0,Vehicles,3.0
Brazil,Historical,EV sales,Cars,PHEV,2023.0,Vehicles,33000.0
Brazil,Historical,EV stock,Cars,PHEV,2023.0,Vehicles,59000.0
Brazil,Historical,EV sales,Vans,BEV,2023.0,,
Brazil,Historical,EV stock,Buses,,2023.0,Vehicles,3.0
Brazil,Historical,EV stock,Buses,BEV,2023.0,Vehicles,1200.0
Brazil,Historical,EV sales,Buses,BEV,2023.0,Vehicles,200.0
Bulgaria,Historical,EV sales share,Cars,EV,2015.0,percent,0.090000003576279
Bulgaria,Historical,EV sales,Cars,BEV,2015.0,Vehicles,21.0
Bulgaria,Historical,EV sales,Cars,,2016.0,Vehicles,
Bulgaria,Historical,EV sales,Cars,PHEV,,Vehicles,8.0
Bulgaria,Historical,EV sales share,Cars,EV,2016.0,percent,0.050000000745058
Bulgaria,Historical,EV sales share,Cars,EV,2017.0,percent,0.340000003576279
Bulgaria,Historical,EV sales,Cars,PHEV,2017.0,Vehicles,38.0
Bulgaria,Historical,EV sales,Cars,,2017.0,Vehicles,68.0
Bulgaria,Historical,EV sales,Cars,BEV,2018.0,Vehicles,190.0
Bulgaria,Historical,EV sales,Cars,,2018.0,Vehicles,26.0
Bulgaria,Historical,EV sales share,Cars,EV,2018.0,percent,0.639999985694885
Bulgaria,Historical,EV sales share,Cars,EV,2019.0,percent,0.670000016689301
Bulgaria,Historical,EV sales,Cars,PHEV,2019.0,Vehicles,56.0
Bulgaria,Historical,EV sales,Cars,BEV,,Vehicles,180.0
Bulgaria,Historical,EV sales,Cars,BEV,2020.0,Vehicles,140.0
Bulgaria,Historical,EV sales,Cars,PHEV,2020.0,Vehicles,41.0
Bulgaria,Historical,EV sales,Cars,PHEV,2021.0,Vehicles,120.0
Bulgaria,Historical,EV sales,Cars,,2021.0,Vehicles,430.0
Bulgaria,Historical,EV sales share,Cars,EV,2021.0,percent,2.20000004768372
Bulgaria,Historical,EV sales share,Cars,EV,2022.0,percent,4.0
Bulgaria,Historical,EV sales,Cars,BEV,2022.0,Vehicles,1000.0
Bulgaria,Historical,EV sales,Cars,PHEV,2022.0,Vehicles,140.0
Bulgaria,Historical,EV sales,Cars,PHEV,2023.0,Vehicles,360.0
Bulgaria,Historical,EV sales,Cars,BEV,2023.0,Vehicles,1800.0
Bulgaria,Historical,EV sales share,Cars,EV,2023.0,percent,5.80000019073486
Canada,Historical,EV stock,Cars,FCEV,2010.0,Vehicles,
Canada,Historical,EV stock,Cars,PHEV,2011.0,Vehicles,300.0
Canada,Historical,EV sales,Cars,PHEV,2011.0,Vehicles,300.0
Canada,Historical,EV sales share,Cars,EV,2011.0,percent,0.041000001132488
Canada,Historical,EV stock share,Cars,,2011.0,percent,0.00289999996312
Canada,Historical,EV stock,Cars,FCEV,2011.0,Vehicles,5.0
Canada,Historical,EV sales,Cars,BEV,2011.0,Vehicles,220.0
Canada,Historical,EV stock,Cars,BEV,2011.0,Vehicles,250.0
Canada,Historical,EV stock,Cars,BEV,2012.0,Vehicles,830.0
Canada,Historical,EV sales,Cars,BEV,2012.0,Vehicles,620.0
Canada,Historical,EV stock,Cars,FCEV,2012.0,,5.0
Canada,Historical,EV stock share,Cars,EV,2012.0,percent,0.013000000268221
Canada,Historical,EV sales share,Cars,EV,2012.0,percent,0.140000000596046
Canada,Historical,EV sales,Cars,PHEV,2012.0,Vehicles,
Canada,Historical,EV stock,Cars,PHEV,2012.0,Vehicles,1600.0
Canada,Historical,EV stock,Cars,PHEV,2013.0,Vehicles,3100.0
Canada,Historical,EV sales,Cars,PHEV,2013.0,Vehicles,1500.0
Canada,Historical,EV sales share,Cars,EV,2013.0,percent,
Canada,Historical,EV stock share,Cars,EV,2013.0,percent,0.027000000700355
Canada,Historical,EV stock,Cars,,2013.0,Vehicles,5.0
Canada,Historical,EV sales,Cars,BEV,2013.0,Vehicles,1600.0
Canada,Historical,EV stock,Cars,BEV,2013.0,Vehicles,2400.0
Canada,Historical,EV stock,Cars,BEV,2014.0,Vehicles,5400.0
Canada,Historical,EV sales,Cars,BEV,2014.0,Vehicles,2800.0
Canada,Historical,EV stock,Cars,FCEV,2014.0,Vehicles,
Canada,Historical,EV stock share,Cars,EV,2014.0,percent,0.052999999374151
Canada,Historical,EV sales share,Cars,EV,2014.0,percent,0.349999994039536
Canada,Historical,EV sales,Cars,PHEV,2014.0,Vehicles,
Canada,Historical,EV stock,Cars,PHEV,2014.0,Vehicles,5300.0
Canada,Historical,EV stock,Cars,PHEV,2015.0,Vehicles,7700.0
Canada,Historical,EV sales,Cars,PHEV,2015.0,Vehicles,
Canada,Historical,EV sales share,Cars,EV,2015.0,percent,0.449999988079071
Canada,Historical,EV stock share,Cars,EV,2015.0,percent,0.083999998867512
Canada,Historical,EV sales share,Vans,EV,2015.0,percent,0.002400000113994
Canada,Historical,EV stock share,Vans,EV,2015.0,percent,0.000209999998333
Canada,Historical,EV stock,Cars,FCEV,2015.0,Vehicles,5.0
Canada,Historical,EV sales,Cars,BEV,2015.0,Vehicles,4400.0
Canada,Historical,EV stock,Vans,BEV,2015.0,Vehicles,1.0
Canada,Historical,EV sales,Vans,PHEV,2015.0,Vehicles,5.0
Canada,Historical,EV sales,Vans,BEV,2015.0,Vehicles,1.0
Canada,Historical,EV sales,Vans,FCEV,2015.0,Vehicles,9.0
Canada,Historical,EV stock,Vans,FCEV,2015.0,,9.0
Canada,Historical,EV stock,Cars,BEV,2015.0,Vehicles,
Canada,Historical,EV stock,Vans,,2015.0,Vehicles,5.0
Canada,Historical,EV stock,Vans,PHEV,2016.0,Vehicles,5.0
Canada,Historical,EV stock,Cars,BEV,2016.0,Vehicles,15000.0
Canada,Historical,EV stock,Vans,FCEV,2016.0,Vehicles,9.0
Canada,Historical,EV stock,Vans,BEV,2016.0,Vehicles,1.0
Canada,Historical,EV sales,Cars,BEV,2016.0,Vehicles,
Canada,Historical,EV stock,Cars,FCEV,2016.0,Vehicles,5.0
Canada,Historical,EV sales,Buses,BEV,,Vehicles,5.0
Canada,Historical,EV stock share,Vans,EV,2016.0,percent,0.000199999994948
Canada,Historical,EV sales share,Buses,EV,2016.0,,0.119999997317791
Canada,Historical,EV stock share,Cars,EV,2016.0,percent,0.129999995231628
Canada,Historical,EV sales share,Cars,EV,2016.0,percent,
Canada,Historical,EV sales,Cars,PHEV,2016.0,Vehicles,6400.0
Canada,Historical,EV stock,Cars,PHEV,2016.0,Vehicles,14000.0
Canada,Historical,EV stock,Cars,PHEV,2017.0,Vehicles,22000.0
Canada,Historical,EV sales,Cars,PHEV,2017.0,Vehicles,
Canada,Historical,EV sales share,Cars,,2017.0,percent,1.0
Canada,Historical,EV stock share,Cars,EV,2017.0,percent,0.209999993443489
Canada,Historical,EV sales share,Buses,EV,2017.0,percent,0.25
Canada,Historical,EV stock share,Vans,EV,2017.0,percent,0.000190000006114
Canada,Historical,EV sales,Buses,,2017.0,Vehicles,11.0
Canada,Historical,EV stock,Cars,FCEV,2017.0,Vehicles,
Canada,Historical,EV sales,Cars,BEV,2017.0,Vehicles,8700.0
Canada,Historical,EV stock,Vans,BEV,2017.0,Vehicles,1.0
Canada,Historical,EV stock,Vans,FCEV,2017.0,Vehicles,9.0
Canada,Historical,EV stock,Cars,,2017.0,Vehicles,25000.0
Canada,Historical,EV stock,Vans,PHEV,2017.0,Vehicles,5.0
Canada,Historical,EV stock,Vans,PHEV,2018.0,Vehicles,5.0
Canada,Historical,EV stock,Cars,BEV,2018.0,Vehicles,45000.0
Canada,Historical,EV stock,Vans,FCEV,2018.0,Vehicles,9.0
Canada,Historical,EV stock,Buses,BEV,2018.0,Vehicles,19.0
Canada,Historical,EV stock,Vans,BEV,2018.0,Vehicles,1.0
Canada,Historical,EV sales,Cars,BEV,2018.0,Vehicles,23000.0
Canada,Historical,EV sales,Buses,BEV,2018.0,Vehicles,19.0
Canada,Historical,EV stock share,Vans,EV,2018.0,percent,0.000180000002729
Canada,Historical,EV sales share,Buses,EV,2018.0,percent,
Canada,Historical,EV stock share,Buses,EV,2018.0,percent,0.028999999165535
Canada,Historical,EV stock share,Cars,EV,2018.0,percent,0.379999995231628
Canada,Historical,EV sales share,Cars,EV,2018.0,,2.79999995231628
Canada,Historical,EV sales,Cars,PHEV,2018.0,Vehicles,21000.0
Canada,Historical,EV stock,Cars,FCEV,2018.0,Vehicles,5.0
Canada,Historical,EV stock,Cars,PHEV,2018.0,Vehicles,42000.0
Canada,Historical,EV stock,Cars,PHEV,2019.0,Vehicles,60000.0
Canada,Historical,EV stock,Cars,FCEV,2019.0,Vehicles,
Canada,Historical,EV sales,Cars,PHEV,2019.0,Vehicles,19000.0
Canada,Historical,EV sales share,Cars,EV,2019.0,percent,3.40000009536743
Canada,Historical,EV stock share,Cars,EV,,percent,0.589999973773956
Canada,Historical,EV stock share,Vans,EV,2019.0,percent,
Canada,Historical,EV stock share,Buses,EV,2019.0,percent,0.100000001490116
Canada,Historical,EV sales share,Buses,EV,2019.0,percent,1.20000004768372
Canada,Historical,EV sales,Buses,BEV,2019.0,,49.0
Canada,Historical,EV sales,Cars,BEV,2019.0,Vehicles,32000.0
Canada,Historical,EV stock,Vans,BEV,2019.0,Vehicles,1.0
Canada,Historical,EV stock,Buses,BEV,2019.0,Vehicles,68.0
Canada,Historical,EV stock,Vans,FCEV,2019.0,Vehicles,9.0
Canada,Historical,EV stock,Cars,BEV,2019.0,Vehicles,76000.0
Canada,Historical,EV stock,Vans,PHEV,2019.0,Vehicles,5.0
Canada,Historical,EV sales,Cars,FCEV,2019.0,Vehicles,79.0
Canada,Historical,EV sales,Cars,FCEV,2020.0,Vehicles,16.0
Canada,Historical,EV stock,Cars,,2020.0,Vehicles,130000.0
Canada,Historical,EV stock,Vans,FCEV,2020.0,Vehicles,16.0
Canada,Historical,EV stock,Buses,BEV,2020.0,Vehicles,270.0
Canada,Historical,EV sales,Vans,BEV,2020.0,Vehicles,1600.0
Canada,Historical,EV sales,Vans,PHEV,2020.0,Vehicles,1400.0
Canada,Historical,EV sales,Cars,BEV,2020.0,Vehicles,37000.0
Canada,Historical,EV sales,Buses,BEV,2020.0,Vehicles,
Canada,Historical,EV sales share,Buses,,2020.0,percent,2.29999995231628
Canada,Historical,EV stock share,Buses,EV,,percent,0.370000004768372
Canada,Historical,EV stock share,Cars,EV,2020.0,percent,0.829999983310699
Canada,Historical,EV sales share,Cars,EV,2020.0,percent,4.19999980926514
Canada,Historical,EV sales share,Vans,EV,2020.0,percent,1.39999997615814
Canada,Historical,EV sales,Cars,PHEV,2020.0,Vehicles,14000.0
Canada,Historical,EV stock,Cars,FCEV,2020.0,Vehicles,
Canada,Historical,EV stock,Cars,PHEV,2020.0,Vehicles,82000.0
Canada,Historical,EV stock,Cars,PHEV,2021.0,Vehicles,110000.0
Canada,Historical,EV stock,Cars,FCEV,2021.0,Vehicles,
Canada,Historical,EV sales,Cars,PHEV,2021.0,Vehicles,28000.0
Canada,Historical,EV sales share,Vans,EV,2021.0,percent,1.79999995231628
Canada,Historical,EV sales share,Cars,EV,2021.0,percent,6.40000009536743
Canada,Historical,EV stock share,Cars,EV,2021.0,percent,1.20000004768372
Canada,Historical,EV stock share,Buses,EV,2021.0,percent,0.600000023841858
Canada,Historical,EV sales share,Buses,EV,2021.0,percent,6.0
Canada,Historical,EV sales,Buses,BEV,2021.0,Vehicles,250.0
Canada,Historical,EV sales,Cars,BEV,2021.0,Vehicles,59000.0
Canada,Historical,EV sales,Vans,PHEV,2021.0,Vehicles,2600.0
Canada,Historical,EV sales,Vans,BEV,2021.0,Vehicles,2600.0
Canada,Historical,EV stock,Buses,BEV,2021.0,Vehicles,430.0
Canada,Historical,EV stock,Vans,FCEV,2021.0,Vehicles,44.0
Canada,Historical,EV stock,Cars,BEV,2021.0,,190000.0
Canada,Historical,EV sales,Cars,FCEV,2021.0,Vehicles,130.0
Canada,Historical,EV sales,Cars,FCEV,2022.0,Vehicles,19.0
Canada,Historical,EV stock,Cars,BEV,2022.0,Vehicles,280000.0
Canada,Historical,EV stock,Vans,FCEV,2022.0,Vehicles,44.0
Canada,Historical,EV stock,Buses,BEV,2022.0,Vehicles,
Canada,Historical,EV sales,Vans,BEV,2022.0,Vehicles,7000.0
Canada,Historical,EV sales,Vans,PHEV,2022.0,Vehicles,3100.0
Canada,Historical,EV sales,Cars,,2022.0,Vehicles,91000.0
Canada,Historical,EV sales,Buses,BEV,2022.0,Vehicles,190.0
Canada,Historical,EV sales share,Buses,EV,2022.0,percent,6.09999990463257
Canada,Historical,EV stock share,Buses,EV,2022.0,percent,0.97000002861023
Canada,Historical,EV stock share,Cars,EV,2022.0,percent,1.70000004768372
Canada,Historical,EV sales share,Cars,EV,2022.0,percent,9.5
Canada,Historical,EV sales share,Vans,,2022.0,percent,5.09999990463257
Canada,Historical,EV sales,Cars,PHEV,2022.0,Vehicles,24000.0
Canada,Historical,EV stock,Cars,FCEV,2022.0,Vehicles,300.0
Canada,Historical,EV stock,Cars,PHEV,2022.0,Vehicles,130000.0
Canada,Historical,EV stock,Cars,PHEV,2023.0,,170000.0
Canada,Historical,EV stock,Cars,FCEV,2023.0,,320.0
Canada,Historical,EV sales,Cars,PHEV,2023.0,Vehicles,41000.0
Canada,Historical,EV sales share,Vans,EV,2023.0,percent,5.5
Canada,Historical,EV sales share,Cars,EV,2023.0,percent,13.0
Canada,Historical,EV stock share,Cars,EV,2023.0,percent,2.29999995231628
Canada,Historical,EV stock share,Buses,EV,2023.0,percent,2.40000009536743
Canada,Historical,EV sales share,Buses,EV,2023.0,percent,23.0
Canada,Historical,EV sales,Buses,BEV,2023.0,Vehicles,790.0
Canada,Historical,EV sales,Cars,BEV,2023.0,Vehicles,130000.0
Canada,Historical,EV sales,Vans,PHEV,2023.0,Vehicles,4100.0
Canada,Historical,EV sales,Vans,BEV,2023.0,Vehicles,9100.0
Canada,Historical,EV stock,Buses,BEV,2023.0,Vehicles,1600.0
Canada,Historical,EV stock,Vans,FCEV,2023.0,Vehicles,9.0
Canada,Historical,EV stock,Cars,,2023.0,Vehicles,380000.0
Canada,Historical,EV sales,Cars,,2023.0,Vehicles,
Chile,Historical,EV sales share,Cars,EV,2011.0,percent,0.002400000113994
Chile,Historical,EV stock share,Cars,EV,2011.0,percent,0.000220000001718
Chile,Historical,EV stock,Cars,BEV,2011.0,Vehicles,6.0
Chile,Historical,EV sales,Cars,BEV,2011.0,,6.0
Chile,Historical,EV sales,Cars,BEV,2012.0,Vehicles,5.0
Chile,Historical,EV stock,Cars,BEV,2012.0,Vehicles,11.0
Chile,Historical,EV stock share,Cars,EV,2012.0,percent,0.000380000012228
Chile,Historical,EV sales share,Cars,EV,2012.0,percent,0.002000000094995
Chile,Historical,EV sales share,Cars,EV,2013.0,percent,0.001900000032038
Chile,Historical,EV stock share,Cars,EV,2013.0,percent,0.000509999983478
Chile,Historical,EV stock,Cars,BEV,2013.0,Vehicles,16.0
Chile,Historical,EV sales,Cars,BEV,2013.0,Vehicles,5.0
Chile,Historical,EV sales,Cars,BEV,2014.0,Vehicles,3.0
Chile,Historical,EV stock,Cars,BEV,2014.0,Vehicles,
Chile,Historical,EV sales,Cars,PHEV,2014.0,Vehicles,14.0
Chile,Historical,EV stock,Cars,,2014.0,Vehicles,14.0
Chile,Historical,EV stock share,Cars,EV,2014.0,percent,0.001000000047497
Chile,Historical,EV sales share,Cars,EV,2014.0,percent,0.007100000046194
Chile,Historical,EV sales share,Cars,EV,2015.0,percent,0.017000000923872
Chile,Historical,EV stock share,Cars,EV,2015.0,percent,
Chile,Historical,EV stock,Cars,PHEV,2015.0,Vehicles,37.0
Chile,Historical,EV sales,Cars,PHEV,2015.0,Vehicles,23.0
Chile,Historical,EV stock,Cars,,2015.0,Vehicles,32.0
Chile,Historical,EV sales,Cars,BEV,2015.0,Vehicles,10.0
Chile,Historical,EV sales,Cars,BEV,2016.0,Vehicles,18.0
Chile,Historical,EV stock,Cars,BEV,2016.0,Vehicles,54.0
Chile,Historical,EV sales,Cars,PHEV,2016.0,Vehicles,9.0
Chile,Historical,EV stock,Cars,PHEV,2016.0,Vehicles,46.0
Chile,Historical,EV stock share,Cars,EV,2016.0,percent,0.00289999996312
Chile,Historical,EV sales share,Cars,EV,2016.0,percent,0.013000000268221
Chile,Historical,EV sales share,Cars,EV,2017.0,percent,0.061000000685454
Chile,Historical,EV stock share,Cars,EV,2017.0,percent,0.00650000013411
Chile,Historical,EV stock,Cars,PHEV,2017.0,Vehicles,61.0
Chile,Historical,EV sales,Cars,PHEV,2017.0,Vehicles,15.0
Chile,Historical,EV stock,Cars,BEV,2017.0,Vehicles,170.0
Chile,Historical,EV sales,Cars,BEV,2017.0,Vehicles,120.0
Chile,Historical,EV sales,Cars,BEV,2018.0,Vehicles,100.0
Chile,Historical,EV sales,Cars,PHEV,2018.0,Vehicles,68.0
Chile,Historical,EV stock,Cars,BEV,2018.0,Vehicles,280.0
Chile,Historical,EV stock,Cars,PHEV,2018.0,Vehicles,130.0
Chile,Historical,EV stock share,Cars,EV,2018.0,percent,0.010999999940395
Chile,Historical,EV sales share,Cars,EV,2018.0,percent,0.070000000298023
Chile,Historical,EV sales share,Cars,EV,2019.0,percent,0.140000000596046
Chile,Historical,EV stock share,Cars,EV,2019.0,percent,
Chile,Historical,EV stock,Cars,,,Vehicles,210.0
Chile,Historical,EV stock,Cars,BEV,2019.0,Vehicles,440.0
Chile,Historical,EV sales,Cars,PHEV,2019.0,Vehicles,140.0
Chile,Historical,EV sales,Cars,BEV,2019.0,Vehicles,160.0
Chile,Historical,EV sales,Cars,,2020.0,,110.0
Chile,Historical,EV sales,Cars,PHEV,2020.0,Vehicles,79.0
Chile,Historical,EV stock,Cars,BEV,2020.0,Vehicles,550.0
Chile,Historical,EV stock,Cars,PHEV,2020.0,Vehicles,290.0
Chile,Historical,EV stock share,Cars,EV,2020.0,percent,0.021999999880791
Chile,Historical,EV sales share,Cars,EV,2020.0,percent,0.159999996423721
Chile,Historical,EV sales share,Cars,EV,2021.0,,0.189999997615814
Chile,Historical,EV stock share,Cars,EV,2021.0,percent,0.035000000149012
Chile,Historical,EV stock,Cars,PHEV,2021.0,Vehicles,590.0
Chile,Historical,EV stock,Cars,BEV,2021.0,Vehicles,820.0
Chile,Historical,EV sales,Cars,PHEV,2021.0,Vehicles,
Chile,Historical,EV sales,Cars,FCEV,2021.0,Vehicles,1.0
Chile,Historical,EV stock,Cars,FCEV,,Vehicles,1.0
Chile,Historical,EV sales,Cars,BEV,2021.0,Vehicles,270.0
Chile,Historical,EV sales,Cars,BEV,2022.0,Vehicles,880.0
Chile,Historical,EV stock,Cars,FCEV,2022.0,Vehicles,2.0
Chile,Historical,EV sales,Cars,FCEV,2022.0,Vehicles,1.0
Chile,Historical,EV sales,Cars,PHEV,2022.0,Vehicles,620.0
Chile,Historical,EV stock,Cars,BEV,2022.0,Vehicles,1700.0
Chile,Historical,EV stock,Cars,PHEV,2022.0,Vehicles,
Chile,Historical,EV stock share,Cars,EV,2022.0,percent,0.068000003695488
Chile,Historical,EV sales share,Cars,EV,2022.0,percent,0.5
Chile,Historical,EV sales share,Cars,,2023.0,percent,
Chile,Historical,EV stock share,Cars,EV,2023.0,percent,0.086999997496605
Chile,Historical,EV stock,Cars,,2023.0,Vehicles,1800.0
Chile,Historical,EV stock,Cars,BEV,2023.0,Vehicles,2100.0
Chile,Historical,EV sales,Cars,PHEV,2023.0,,510.0
Chile,Historical,EV stock,Cars,FCEV,2023.0,Vehicles,2.0
Chile,Historical,EV sales,Cars,BEV,2023.0,Vehicles,410.0
China,Historical,EV sales,Cars,,2010.0,Vehicles,1100.0
China,Historical,EV sales,Vans,BEV,2010.0,,120.0
China,Historical,EV stock,Vans,BEV,2010.0,Vehicles,400.0
China,Historical,EV sales,Buses,BEV,2010.0,Vehicles,970.0
China,Historical,EV stock,Buses,BEV,2010.0,Vehicles,1900.0
China,Historical,EV sales share,Buses,EV,2010.0,percent,0.189999997615814
China,Historical,EV stock,Cars,BEV,2010.0,Vehicles,1600.0
China,Historical,EV sales,Cars,PHEV,2010.0,Vehicles,340.0
China,Historical,EV stock,Cars,,2010.0,Vehicles,340.0
China,Historical,EV stock share,Buses,EV,,percent,0.054999999701977
China,Historical,EV sales share,Vans,EV,2010.0,percent,0.009999999776483
China,Historical,EV stock share,Vans,EV,2010.0,percent,0.005499999970198
China,Historical,EV sales share,Cars,EV,2010.0,percent,
China,Historical,EV stock share,Cars,EV,2010.0,percent,0.003100000089034
China,Historical,EV stock share,Cars,EV,2011.0,percent,0.009200000204146
China,Historical,EV sales share,Cars,,2011.0,percent,0.034000001847744
China,Historical,EV stock share,Vans,EV,2011.0,percent,0.008899999782443
China,Historical,EV sales share,Vans,EV,2011.0,percent,0.016000000759959
China,Historical,EV stock share,Buses,EV,2011.0,percent,
China,Historical,EV sales share,Buses,EV,2011.0,percent,0.529999971389771
China,Historical,EV stock,Cars,PHEV,2011.0,Vehicles,660.0
China,Historical,EV sales,Cars,PHEV,2011.0,Vehicles,320.0
China,Historical,EV stock,Cars,BEV,2011.0,Vehicles,
China,Historical,EV stock,Buses,,2011.0,Vehicles,4100.0
China,Historical,EV sales,Buses,PHEV,2011.0,Vehicles,160.0
China,Historical,EV sales,Buses,BEV,2011.0,,440.0
China,Historical,EV stock,Vans,BEV,2011.0,Vehicles,700.0
China,Historical,EV sales,Vans,BEV,2011.0,Vehicles,150.0
China,Historical,EV stock,Buses,PHEV,2011.0,Vehicles,
China,Historical,EV sales,Cars,BEV,,Vehicles,4800.0
China,Historical,EV sales,Cars,BEV,2012.0,Vehicles,9600.0
China,Historical,EV stock,Buses,PHEV,2012.0,Vehicles,
China,Historical,EV sales,Vans,BEV,2012.0,Vehicles,670.0
China,Historical,EV stock,Vans,BEV,2012.0,Vehicles,1200.0
China,Historical,EV sales,Buses,BEV,2012.0,Vehicles,1400.0
China,Historical,EV sales,Buses,PHEV,2012.0,Vehicles,510.0
China,Historical,EV stock,Buses,BEV,2012.0,Vehicles,5900.0
China,Historical,EV stock,Cars,BEV,2012.0,Vehicles,16000.0
China,Historical,EV sales,Cars,PHEV,2012.0,Vehicles,260.0
China,Historical,EV stock,Cars,PHEV,2012.0,Vehicles,920.0
China,Historical,EV sales share,Buses,EV,2012.0,percent,1.29999995231628
China,Historical,EV stock share,Buses,EV,2012.0,percent,0.189999997615814
China,Historical,EV sales share,Vans,EV,2012.0,percent,0.072999998927116
China,Historical,EV stock share,Vans,EV,2012.0,percent,0.014000000432134
China,Historical,EV sales share,Cars,EV,2012.0,percent,0.072999998927116
China,Historical,EV stock share,Cars,EV,,percent,0.018999999389052
China,Historical,EV stock share,Cars,EV,2013.0,percent,
China,Historical,EV sales share,Cars,EV,2013.0,percent,0.094999998807907
China,Historical,EV stock share,Vans,EV,,percent,0.019999999552965
China,Historical,EV sales share,Vans,EV,2013.0,percent,0.07599999755621
China,Historical,EV stock share,Buses,EV,2013.0,percent,
China,Historical,EV sales share,Buses,EV,2013.0,percent,2.59999990463257
China,Historical,EV stock,Cars,PHEV,2013.0,Vehicles,1600.0
China,Historical,EV sales,Cars,PHEV,2013.0,Vehicles,730.0
China,Historical,EV stock,Cars,BEV,2013.0,Vehicles,
China,Historical,EV stock,Buses,BEV,2013.0,Vehicles,
China,Historical,EV sales,Buses,PHEV,2013.0,Vehicles,1800.0
China,Historical,EV sales,Buses,BEV,2013.0,Vehicles,2000.0
China,Historical,EV stock,Vans,BEV,2013.0,Vehicles,1800.0
China,Historical,EV sales,Vans,BEV,2013.0,,750.0
China,Historical,EV stock,Buses,PHEV,2013.0,Vehicles,
China,Historical,EV sales,Cars,,2013.0,Vehicles,15000.0
China,Historical,EV sales,Cars,BEV,2014.0,Vehicles,49000.0
China,Historical,EV stock,Buses,PHEV,2014.0,Vehicles,8400.0
China,Historical,EV sales,Buses,,2014.0,Vehicles,6000.0
China,Historical,EV sales,Vans,,,Vehicles,480.0
China,Historical,EV stock,Vans,BEV,2014.0,Vehicles,2500.0
China,Historical,EV sales,Buses,BEV,2014.0,Vehicles,4000.0
China,Historical,EV stock,Buses,BEV,2014.0,Vehicles,22000.0
China,Historical,EV stock,Cars,BEV,2014.0,Vehicles,59000.0
China,Historical,EV sales,Cars,PHEV,2014.0,,
China,Historical,EV stock,Cars,PHEV,2014.0,Vehicles,
China,Historical,EV sales share,Buses,EV,2014.0,percent,8.0
China,Historical,EV stock share,Buses,EV,,percent,
China,Historical,EV sales share,Vans,EV,2014.0,percent,0.045000001788139
China,Historical,EV stock share,Vans,EV,2014.0,percent,0.025000000372529
China,Historical,EV sales share,Cars,,2014.0,percent,0.400000005960465
China,Historical,EV stock share,Cars,EV,2014.0,,0.070000000298023
China,Historical,EV stock share,Cars,,2015.0,percent,0.209999993443489
China,Historical,EV sales share,Cars,EV,2015.0,percent,1.0
China,Historical,EV stock share,Vans,EV,2015.0,,0.140000000596046
China,Historical,EV sales share,Vans,EV,2015.0,percent,1.39999997615814
China,Historical,EV stock share,Buses,EV,2015.0,percent,3.59999990463257
China,Historical,EV sales share,Buses,EV,2015.0,percent,38.0
China,Historical,EV stock,Cars,PHEV,2015.0,Vehicles,87000.0
China,Historical,EV sales,Cars,PHEV,2015.0,,61000.0
China,Historical,EV stock,Cars,,2015.0,,210000.0
China,Historical,EV stock,Buses,BEV,2015.0,Vehicles,98000.0
China,Historical,EV sales,Buses,BEV,2015.0,Vehicles,43000.0
China,Historical,EV stock,Vans,BEV,2015.0,Vehicles,15000.0
China,Historical,EV sales,Vans,BEV,2015.0,Vehicles,15000.0
China,Historical,EV sales,Buses,PHEV,2015.0,Vehicles,13000.0
China,Historical,EV stock,Buses,PHEV,2015.0,Vehicles,22000.0
China,Historical,EV sales,Cars,BEV,2015.0,Vehicles,150000.0
China,Historical,EV stock,Vans,PHEV,2015.0,Vehicles,17.0
China,Historical,EV stock,Vans,PHEV,2016.0,Vehicles,17.0
China,Historical,EV sales,Cars,BEV,2016.0,Vehicles,260000.0
China,Historical,EV stock,Buses,PHEV,2016.0,Vehicles,
China,Historical,EV sales,Buses,PHEV,2016.0,Vehicles,7600.0
China,Historical,EV sales,Vans,BEV,2016.0,Vehicles,11000.0
China,Historical,EV stock,Vans,BEV,2016.0,Vehicles,53000.0
China,Historical,EV sales,Buses,BEV,2016.0,Vehicles,76000.0
China,Historical,EV stock,Buses,BEV,2016.0,Vehicles,190000.0
China,Historical,EV stock,Buses,FCEV,2016.0,Vehicles,1.0
China,Historical,EV stock,Cars,,2016.0,Vehicles,460000.0
China,Historical,EV sales,Cars,,2016.0,Vehicles,79000.0
China,Historical,EV stock,Cars,PHEV,2016.0,Vehicles,170000.0
China,Historical,EV sales share,Buses,EV,2016.0,,53.0
China,Historical,EV stock share,Buses,EV,2016.0,percent,
China,Historical,EV sales share,Vans,EV,2016.0,percent,0.879999995231628
China,Historical,EV stock share,Vans,EV,2016.0,percent,
China,Historical,EV sales share,Cars,EV,2016.0,percent,1.5
China,Historical,EV stock share,Cars,EV,2016.0,,0.389999985694885
China,Historical,EV stock share,Cars,EV,2017.0,percent,0.660000026226044
China,Historical,EV sales share,Cars,EV,2017.0,percent,2.40000009536743
China,Historical,EV stock share,Vans,EV,2017.0,percent,0.97000002861023
China,Historical,EV sales share,Vans,,2017.0,percent,4.90000009536743
China,Historical,EV stock share,Buses,EV,2017.0,percent,
China,Historical,EV sales share,Buses,EV,2017.0,percent,60.0
China,Historical,EV stock,Cars,PHEV,2017.0,Vehicles,280000.0
China,Historical,EV sales,Cars,PHEV,2017.0,Vehicles,110000.0
China,Historical,EV stock,Cars,BEV,,Vehicles,930000.0
China,Historical,EV sales,Cars,BEV,2017.0,Vehicles,470000.0
China,Historical,EV stock,Buses,FCEV,2017.0,Vehicles,340.0
China,Historical,EV stock,Buses,BEV,2017.0,Vehicles,280000.0
China,Historical,EV sales,Buses,FCEV,2017.0,Vehicles,380.0
China,Historical,EV sales,Buses,BEV,2017.0,Vehicles,88000.0
China,Historical,EV stock,Vans,BEV,2017.0,Vehicles,120000.0
China,Historical,EV sales,Vans,BEV,2017.0,Vehicles,68000.0
China,Historical,EV sales,Buses,PHEV,2017.0,Vehicles,
China,Historical,EV stock,Buses,,2017.0,Vehicles,30000.0
China,Historical,EV stock,Vans,,2017.0,Vehicles,17.0
China,Historical,EV stock,Vans,PHEV,2018.0,Vehicles,
China,Historical,EV stock,Buses,PHEV,2018.0,Vehicles,31000.0
China,Historical,EV sales,Buses,PHEV,,Vehicles,1200.0
China,Historical,EV sales,Vans,BEV,2018.0,Vehicles,54000.0
China,Historical,EV stock,Vans,,2018.0,Vehicles,200000.0
China,Historical,EV sales,Buses,BEV,2018.0,Vehicles,83000.0
China,Historical,EV sales,Buses,FCEV,2018.0,Vehicles,890.0
China,Historical,EV stock,Buses,BEV,2018.0,Vehicles,360000.0
China,Historical,EV stock,Buses,,2018.0,Vehicles,1200.0
China,Historical,EV sales,Cars,BEV,2018.0,Vehicles,820000.0
China,Historical,EV stock,Cars,BEV,2018.0,Vehicles,1700000.0
China,Historical,EV sales,Cars,PHEV,,,270000.0
China,Historical,EV stock,Cars,PHEV,2018.0,Vehicles,540000.0
China,Historical,EV sales share,Buses,EV,2018.0,percent,64.0
China,Historical,EV stock share,Buses,EV,2018.0,percent,
China,Historical,EV sales share,Vans,EV,2018.0,percent,3.5
China,Historical,EV stock share,Vans,,2018.0,percent,1.5
China,Historical,EV sales share,Cars,EV,2018.0,percent,
China,Historical,EV stock share,Cars,EV,2018.0,percent,1.10000002384186
China,Historical,EV stock share,Cars,EV,2019.0,percent,1.5
China,Historical,EV sales share,Cars,EV,2019.0,percent,5.0
China,Historical,EV stock share,Vans,EV,2019.0,percent,1.70000004768372
China,Historical,EV sales share,Vans,EV,2019.0,percent,
China,Historical,EV stock share,Buses,EV,2019.0,percent,
China,Historical,EV sales share,Buses,EV,2019.0,percent,61.0
China,Historical,EV stock,Cars,PHEV,2019.0,Vehicles,770000.0
China,Historical,EV sales,Cars,,2019.0,Vehicles,230000.0
China,Historical,EV stock,Cars,BEV,2019.0,Vehicles,2600000.0
China,Historical,EV sales,Cars,BEV,2019.0,Vehicles,830000.0
China,Historical,EV stock,Buses,FCEV,2019.0,Vehicles,2300.0
China,Historical,EV stock,Buses,BEV,2019.0,,430000.0
China,Historical,EV sales,Buses,FCEV,2019.0,Vehicles,1100.0
China,Historical,EV sales,Buses,BEV,2019.0,Vehicles,68000.0
China,Historical,EV stock,Vans,,2019.0,Vehicles,250000.0
China,Historical,EV sales,Vans,BEV,2019.0,,27000.0
China,Historical,EV sales,Buses,PHEV,2019.0,Vehicles,
China,Historical,EV stock,Buses,PHEV,2019.0,Vehicles,32000.0
China,Historical,EV stock,Vans,PHEV,2019.0,Vehicles,44.0
China,Historical,EV sales,Vans,PHEV,2019.0,Vehicles,27.0
China,Historical,EV sales,Vans,PHEV,,Vehicles,1.0
China,Historical,EV stock,Vans,PHEV,2020.0,Vehicles,77.0
China,Historical,EV stock,Buses,PHEV,2020.0,Vehicles,34000.0
China,Historical,EV sales,Buses,PHEV,2020.0,Vehicles,1800.0
China,Historical,EV sales,Vans,BEV,2020.0,Vehicles,26000.0
China,Historical,EV stock,Vans,BEV,,Vehicles,270000.0
China,Historical,EV sales,Buses,BEV,2020.0,Vehicles,55000.0
China,Historical,EV sales,Buses,FCEV,2020.0,Vehicles,1200.0
China,Historical,EV stock,Buses,BEV,2020.0,Vehicles,480000.0
China,Historical,EV stock,Buses,FCEV,2020.0,Vehicles,3300.0
China,Historical,EV sales,Cars,BEV,2020.0,Vehicles,920000.0
China,Historical,EV stock,Cars,BEV,2020.0,,3500000.0
China,Historical,EV sales,Cars,PHEV,2020.0,Vehicles,220000.0
China,Historical,EV stock,Cars,PHEV,2020.0,,990000.0
China,Historical,EV sales share,Buses,EV,,percent,
China,Historical,EV stock share,Buses,EV,2020.0,percent,17.0
China,Historical,EV sales share,Vans,EV,2020.0,percent,1.39999997615814
China,Historical,EV stock share,Vans,EV,2020.0,percent,1.70000004768372
China,Historical,EV sales share,Cars,EV,2020.0,percent,5.69999980926514
China,Historical,EV stock share,Cars,EV,2020.0,percent,1.89999997615814
China,Historical,EV stock share,Cars,EV,2021.0,percent,
China,Historical,EV sales share,Cars,EV,2021.0,percent,16.0
China,Historical,EV stock share,Vans,EV,2021.0,percent,2.0
China,Historical,EV sales share,Vans,EV,2021.0,percent,4.09999990463257
China,Historical,EV stock share,Buses,EV,2021.0,percent,20.0
China,Historical,EV sales share,Buses,EV,2021.0,percent,56.0
China,Historical,EV sales,Cars,FCEV,2021.0,Vehicles,19.0
China,Historical,EV stock,Cars,FCEV,2021.0,Vehicles,19.0
China,Historical,EV stock,Cars,PHEV,2021.0,Vehicles,1600000.0
China,Historical,EV sales,Cars,PHEV,2021.0,Vehicles,550000.0
China,Historical,EV stock,Cars,,2021.0,Vehicles,6200000.0
China,Historical,EV sales,Cars,BEV,2021.0,Vehicles,
China,Historical,EV stock,Buses,FCEV,2021.0,Vehicles,4200.0
China,Historical,EV stock,Buses,BEV,2021.0,Vehicles,530000.0
China,Historical,EV sales,Buses,FCEV,2021.0,Vehicles,900.0
China,Historical,EV sales,Buses,BEV,2021.0,Vehicles,
China,Historical,EV stock,Vans,,2021.0,Vehicles,330000.0
China,Historical,EV sales,Vans,BEV,2021.0,Vehicles,71000.0
China,Historical,EV sales,Buses,,,Vehicles,860.0
China,Historical,EV stock,Buses,PHEV,2021.0,Vehicles,
China,Historical,EV stock,Vans,PHEV,2021.0,Vehicles,230.0
China,Historical,EV sales,Vans,PHEV,2021.0,Vehicles,160.0
China,Historical,EV sales,Vans,FCEV,2021.0,Vehicles,3.0
China,Historical,EV stock,Vans,,2021.0,Vehicles,3.0
China,Historical,EV stock,Vans,FCEV,2022.0,Vehicles,810.0
China,Historical,EV sales,Vans,FCEV,2022.0,Vehicles,810.0
China,Historical,EV sales,Vans,PHEV,2022.0,Vehicles,1500.0
China,Historical,EV stock,Vans,PHEV,2022.0,Vehicles,1700.0
China,Historical,EV stock,Buses,PHEV,2022.0,Vehicles,
China,Historical,EV sales,Buses,PHEV,2022.0,Vehicles,1100.0
China,Historical,EV sales,Vans,,2022.0,Vehicles,
China,Historical,EV stock,Vans,BEV,2022.0,Vehicles,460000.0
China,Historical,EV sales,Buses,BEV,2022.0,Vehicles,44000.0
China,Historical,EV sales,Buses,FCEV,2022.0,Vehicles,1300.0
China,Historical,EV stock,Buses,BEV,2022.0,Vehicles,570000.0
China,Historical,EV stock,Buses,,2022.0,Vehicles,5400.0
China,Historical,EV sales,Cars,BEV,2022.0,Vehicles,4400000.0
China,Historical,EV stock,Cars,BEV,2022.0,Vehicles,11000000.0
China,Historical,EV sales,Cars,PHEV,2022.0,Vehicles,1500000.0
China,Historical,EV stock,Cars,PHEV,2022.0,Vehicles,3100000.0
China,Historical,EV stock,Cars,FCEV,2022.0,Vehicles,240.0
China,Historical,EV sales,Cars,FCEV,2022.0,Vehicles,240.0
China,Historical,EV sales share,Buses,EV,2022.0,percent,66.0
China,Historical,EV stock share,Buses,EV,2022.0,percent,22.0
China,Historical,EV sales share,Vans,,2022.0,percent,11.0
China,Historical,EV stock share,Vans,EV,2022.0,percent,2.59999990463257
China,Historical,EV sales share,Cars,,2022.0,percent,29.0
China,Historical,EV stock share,Cars,EV,2022.0,percent,5.09999990463257
China,Historical,EV stock share,Cars,EV,2023.0,,
China,Historical,EV sales share,Cars,EV,2023.0,percent,38.0
China,Historical,EV stock share,Vans,EV,2023.0,percent,3.59999990463257
China,Historical,EV sales share,Vans,EV,2023.0,percent,12.0
China,Historical,EV stock share,Buses,EV,2023.0,percent,25.0
China,Historical,EV sales share,Buses,EV,2023.0,percent,
China,Historical,EV sales,Cars,FCEV,2023.0,Vehicles,
China,Historical,EV stock,Cars,FCEV,2023.0,Vehicles,760.0
China,Historical,EV stock,Cars,PHEV,2023.0,Vehicles,5800000.0
China,Historical,EV sales,Cars,PHEV,2023.0,Vehicles,2700000.0
China,Historical,EV stock,Cars,BEV,2023.0,Vehicles,16000000.0
China,Historical,EV sales,Cars,BEV,2023.0,Vehicles,5400000.0
China,Historical,EV stock,Buses,FCEV,2023.0,Vehicles,6600.0
China,Historical,EV stock,Buses,BEV,2023.0,Vehicles,600000.0
China,Historical,EV sales,Buses,FCEV,2023.0,Vehicles,
China,Historical,EV sales,Buses,BEV,2023.0,Vehicles,29000.0
China,Historical,EV stock,Vans,BEV,2023.0,Vehicles,680000.0
China,Historical,EV sales,Vans,BEV,2023.0,Vehicles,240000.0
China,Historical,EV sales,Buses,PHEV,2023.0,Vehicles,1300.0
China,Historical,EV stock,Buses,PHEV,2023.0,Vehicles,37000.0
China,Historical,EV stock,Vans,PHEV,2023.0,Vehicles,1700.0
China,Historical,EV sales,Vans,FCEV,2023.0,Vehicles,1900.0
China,Historical,EV stock,Vans,FCEV,2023.0,,2700.0
Colombia,Historical,EV sales,Cars,BEV,2015.0,Vehicles,39.0
Colombia,Historical,EV sales,Cars,PHEV,2015.0,Vehicles,3.0
Colombia,Historical,EV sales share,Cars,EV,2015.0,percent,0.017000000923872
Colombia,Historical,EV sales share,Cars,EV,2016.0,percent,0.023000000044704
Colombia,Historical,EV sales,Cars,PHEV,2016.0,Vehicles,25.0
Colombia,Historical,EV sales,Cars,BEV,2016.0,Vehicles,28.0
Colombia,Historical,EV sales,Cars,,2017.0,Vehicles,92.0
Colombia,Historical,EV sales,Cars,PHEV,2017.0,Vehicles,56.0
Colombia,Historical,EV sales share,Cars,EV,2017.0,percent,0.06700000166893
Colombia,Historical,EV sales share,Cars,EV,,percent,0.239999994635582
Colombia,Historical,EV sales,Cars,PHEV,2018.0,Vehicles,
Colombia,Historical,EV sales,Cars,BEV,2018.0,Vehicles,250.0
Colombia,Historical,EV sales,Cars,BEV,2019.0,Vehicles,870.0
Colombia,Historical,EV sales,Cars,,2019.0,Vehicles,450.0
Colombia,Historical,EV sales share,Cars,EV,2019.0,percent,0.550000011920929
Colombia,Historical,EV sales share,Cars,EV,2020.0,percent,0.569999992847443
Colombia,Historical,EV sales,Cars,PHEV,2020.0,Vehicles,470.0
Colombia,Historical,EV sales,Cars,BEV,2020.0,Vehicles,480.0
Colombia,Historical,EV sales,Cars,BEV,2021.0,Vehicles,840.0
Colombia,Historical,EV sales,Cars,PHEV,2021.0,Vehicles,1700.0
Colombia,Historical,EV sales share,Cars,EV,2021.0,percent,1.20000004768372
Colombia,Historical,EV sales share,Cars,EV,2022.0,percent,2.0
Colombia,Historical,EV sales,Cars,PHEV,2022.0,Vehicles,2400.0
Colombia,Historical,EV sales,Cars,BEV,2022.0,Vehicles,1900.0
Colombia,Historical,EV sales,Cars,,2023.0,Vehicles,3600.0
Colombia,Historical,EV sales,Cars,PHEV,2023.0,Vehicles,2500.0
Colombia,Historical,EV sales share,Cars,,2023.0,percent,
Costa Rica,Historical,EV sales,Cars,BEV,2015.0,Vehicles,4.0
Costa Rica,Historical,EV sales share,Cars,EV,2015.0,percent,0.009600000455976
Costa Rica,Historical,EV stock,Cars,BEV,2015.0,Vehicles,140.0
Costa Rica,Historical,EV stock,Cars,BEV,2016.0,Vehicles,160.0
Costa Rica,Historical,EV sales share,Cars,EV,2016.0,percent,0.025000000372529
Costa Rica,Historical,EV sales,Cars,BEV,2016.0,Vehicles,12.0
Costa Rica,Historical,EV sales,Cars,,2017.0,Vehicles,25.0
Costa Rica,Historical,EV sales share,Cars,EV,2017.0,percent,0.059999998658896
Costa Rica,Historical,EV stock,Cars,,2017.0,Vehicles,180.0
Costa Rica,Historical,EV stock,Cars,BEV,2018.0,Vehicles,
Costa Rica,Historical,EV sales share,Cars,EV,2018.0,percent,0.589999973773956
Costa Rica,Historical,EV sales,Cars,BEV,2018.0,Vehicles,200.0
Costa Rica,Historical,EV sales,Cars,BEV,2019.0,Vehicles,460.0
Costa Rica,Historical,EV sales share,Cars,EV,2019.0,percent,1.5
Costa Rica,Historical,EV stock,Cars,BEV,2019.0,Vehicles,840.0
Costa Rica,Historical,EV stock,Cars,BEV,2020.0,Vehicles,
Costa Rica,Historical,EV sales share,Cars,,2020.0,percent,2.70000004768372
Costa Rica,Historical,EV sales,Cars,,2020.0,Vehicles,630.0
Costa Rica,Historical,EV sales,Cars,BEV,2021.0,Vehicles,
Costa Rica,Historical,EV sales share,Cars,EV,2021.0,percent,3.90000009536743
Costa Rica,Historical,EV stock,Cars,BEV,2021.0,Vehicles,2500.0
Costa Rica,Historical,EV stock,Cars,BEV,2022.0,Vehicles,4100.0
Costa Rica,Historical,EV sales share,Cars,EV,2022.0,percent,5.5
Costa Rica,Historical,EV sales,Cars,BEV,2022.0,Vehicles,1600.0
Costa Rica,Historical,EV sales,Cars,BEV,2023.0,Vehicles,4900.0
Costa Rica,Historical,EV sales share,Cars,EV,2023.0,percent,12.0
Costa Rica,Historical,EV stock,Cars,BEV,2023.0,Vehicles,9000.0
Croatia,Historical,EV sales share,Cars,EV,2019.0,percent,0.409999996423721
Croatia,Historical,EV sales,Cars,BEV,2019.0,Vehicles,190.0
Croatia,Historical,EV sales,Cars,PHEV,2019.0,Vehicles,67.0
Croatia,Historical,EV sales,Cars,PHEV,2020.0,Vehicles,140.0
Croatia,Historical,EV sales,Cars,BEV,2020.0,Vehicles,530.0
Croatia,Historical,EV sales share,Cars,EV,,percent,1.89999997615814
Croatia,Historical,EV sales share,Cars,EV,2021.0,percent,3.79999995231628
Croatia,Historical,EV sales,Cars,BEV,2021.0,Vehicles,1400.0
Croatia,Historical,EV sales,Cars,PHEV,2021.0,Vehicles,400.0
Croatia,Historical,EV sales,Cars,PHEV,2022.0,Vehicles,840.0
Croatia,Historical,EV sales,Cars,BEV,2022.0,Vehicles,1400.0
Croatia,Historical,EV sales share,Cars,EV,2022.0,percent,5.0
Croatia,Historical,EV sales share,Cars,EV,2023.0,percent,4.59999990463257
Croatia,Historical,EV sales,Cars,BEV,2023.0,Vehicles,1600.0
Croatia,Historical,EV sales,Cars,,2023.0,Vehicles,990.0
Cyprus,Historical,EV sales,Cars,BEV,,Vehicles,
Cyprus,Historical,EV sales share,Cars,EV,2019.0,percent,0.189999997615814
Cyprus,Historical,EV sales share,Cars,EV,2020.0,percent,1.39999997615814
Cyprus,Historical,EV sales,Cars,BEV,2020.0,Vehicles,42.0
Cyprus,Historical,EV sales,Cars,PHEV,2020.0,Vehicles,83.0
Cyprus,Historical,EV sales,Cars,PHEV,2021.0,Vehicles,98.0
Cyprus,Historical,EV sales,Cars,BEV,2021.0,Vehicles,84.0
Cyprus,Historical,EV sales share,Cars,EV,2021.0,percent,1.70000004768372
Cyprus,Historical,EV sales share,Cars,,2022.0,percent,5.40000009536743
Cyprus,Historical,EV sales,Cars,,2022.0,Vehicles,
Cyprus,Historical,EV sales,Cars,PHEV,2022.0,Vehicles,230.0
Cyprus,Historical,EV sales,Cars,PHEV,2023.0,Vehicles,510.0
Cyprus,Historical,EV sales,Cars,BEV,2023.0,Vehicles,790.0
Cyprus,Historical,EV sales share,Cars,EV,2023.0,percent,8.80000019073486
Czech Republic,Historical,EV sales share,Cars,EV,2015.0,percent,0.129999995231628
Czech Republic,Historical,EV sales,Cars,BEV,2015.0,Vehicles,300.0
Czech Republic,Historical,EV sales,Cars,BEV,2016.0,Vehicles,200.0
Czech Republic,Historical,EV sales share,Cars,EV,,percent,0.079999998211861
Czech Republic,Historical,EV sales share,Cars,,2017.0,percent,
Czech Republic,Historical,EV sales,Cars,BEV,,Vehicles,390.0
Czech Republic,Historical,EV sales,Cars,BEV,2018.0,Vehicles,700.0
Czech Republic,Historical,EV sales,Cars,PHEV,2018.0,Vehicles,280.0
Czech Republic,Historical,EV sales share,Cars,EV,2018.0,percent,0.379999995231628
Czech Republic,Historical,EV sales share,Cars,EV,2019.0,percent,0.490000009536743
Czech Republic,Historical,EV sales,Cars,PHEV,2019.0,,470.0
Czech Republic,Historical,EV sales,Cars,BEV,2019.0,Vehicles,
Czech Republic,Historical,EV sales,Cars,BEV,2020.0,Vehicles,3300.0
Czech Republic,Historical,EV sales,Cars,PHEV,2020.0,Vehicles,2000.0
Czech Republic,Historical,EV sales share,Cars,EV,2020.0,percent,
Czech Republic,Historical,EV sales share,Cars,EV,2021.0,percent,3.09999990463257
Czech Republic,Historical,EV sales,Cars,PHEV,2021.0,,3700.0
Czech Republic,Historical,EV sales,Cars,BEV,2021.0,Vehicles,
Czech Republic,Historical,EV sales,Cars,BEV,2022.0,Vehicles,3900.0
Czech Republic,Historical,EV sales,Cars,PHEV,2022.0,Vehicles,3600.0
Czech Republic,Historical,EV sales share,Cars,EV,2022.0,percent,3.90000009536743
Czech Republic,Historical,EV sales share,Cars,EV,2023.0,percent,
Czech Republic,Historical,EV sales,Cars,PHEV,2023.0,Vehicles,5300.0
Czech Republic,Historical,EV sales,Cars,BEV,2023.0,Vehicles,6700.0
Denmark,Historical,EV stock share,Cars,EV,2010.0,percent,0.003700000001118
Denmark,Historical,EV sales share,Vans,EV,2010.0,percent,0.037000000476837
Denmark,Historical,EV stock share,Vans,EV,2010.0,percent,0.001399999950081
Denmark,Historical,EV stock,Cars,BEV,2010.0,Vehicles,59.0
Denmark,Historical,EV stock,Cars,PHEV,2010.0,Vehicles,
Denmark,Historical,EV sales,Vans,BEV,2010.0,Vehicles,
Denmark,Historical,EV stock,Vans,BEV,2010.0,Vehicles,6.0
Denmark,Historical,EV stock,Vans,BEV,2011.0,Vehicles,29.0
Denmark,Historical,EV sales,Vans,,2011.0,Vehicles,23.0
Denmark,Historical,EV stock,Cars,PHEV,2011.0,Vehicles,20.0
Denmark,Historical,EV stock,Cars,,2011.0,Vehicles,480.0
Denmark,Historical,EV sales,Cars,BEV,2011.0,Vehicles,420.0
Denmark,Historical,EV sales,Buses,BEV,2011.0,,1.0
Denmark,Historical,EV stock,Buses,BEV,2011.0,Vehicles,1.0
Denmark,Historical,EV sales,Cars,PHEV,2011.0,Vehicles,2.0
Denmark,Historical,EV stock share,Vans,EV,2011.0,percent,0.006800000090152
Denmark,Historical,EV sales share,Vans,,2011.0,percent,0.097000002861023
Denmark,Historical,EV stock share,Buses,EV,2011.0,percent,0.010999999940395
Denmark,Historical,EV sales share,Buses,EV,2011.0,percent,0.119999997317791
Denmark,Historical,EV stock share,Cars,EV,2011.0,percent,
Denmark,Historical,EV sales share,Cars,EV,2011.0,percent,0.25
Denmark,Historical,EV sales share,Cars,EV,2012.0,percent,0.28999999165535
Denmark,Historical,EV stock share,Cars,,2012.0,percent,0.056000001728535
Denmark,Historical,EV sales share,Buses,EV,2012.0,percent,0.129999995231628
Denmark,Historical,EV stock share,Buses,,2012.0,percent,0.023000000044704
Denmark,Historical,EV sales share,Vans,EV,2012.0,percent,0.560000002384186
Denmark,Historical,EV stock share,Vans,EV,2012.0,percent,0.054999999701977
Denmark,Historical,EV sales,Cars,PHEV,2012.0,Vehicles,12.0
Denmark,Historical,EV stock,Buses,BEV,2012.0,Vehicles,2.0
Denmark,Historical,EV sales,Buses,BEV,2012.0,Vehicles,1.0
Denmark,Historical,EV sales,Cars,BEV,2012.0,Vehicles,490.0
Denmark,Historical,EV stock,Cars,BEV,,Vehicles,1200.0
Denmark,Historical,EV stock,Cars,PHEV,2012.0,Vehicles,14.0
Denmark,Historical,EV sales,Vans,BEV,2012.0,Vehicles,130.0
Denmark,Historical,EV stock,Vans,BEV,2012.0,Vehicles,220.0
Denmark,Historical,EV sales,Vans,PHEV,,Vehicles,8.0
Denmark,Historical,EV stock,Vans,PHEV,2012.0,Vehicles,
Denmark,Historical,EV stock,Vans,PHEV,2013.0,Vehicles,12.0
Denmark,Historical,EV sales,Vans,PHEV,2013.0,Vehicles,2.0
Denmark,Historical,EV stock,Vans,BEV,2013.0,Vehicles,310.0
Denmark,Historical,EV sales,Vans,BEV,2013.0,Vehicles,100.0
Denmark,Historical,EV stock,Cars,PHEV,2013.0,Vehicles,14.0
Denmark,Historical,EV stock,Cars,BEV,2013.0,Vehicles,1500.0
Denmark,Historical,EV sales,Cars,BEV,,Vehicles,500.0
Denmark,Historical,EV sales,Cars,FCEV,2013.0,Vehicles,15.0
Denmark,Historical,EV sales,Buses,BEV,2013.0,Vehicles,2.0
Denmark,Historical,EV stock,Buses,BEV,2013.0,,4.0
Denmark,Historical,EV sales,Cars,PHEV,2013.0,Vehicles,10.0
Denmark,Historical,EV stock share,Vans,EV,2013.0,percent,0.079999998211861
Denmark,Historical,EV sales share,Vans,EV,2013.0,percent,0.439999997615814
Denmark,Historical,EV stock share,Buses,EV,2013.0,percent,
Denmark,Historical,EV sales share,Buses,EV,2013.0,percent,0.270000010728836
Denmark,Historical,EV stock share,Cars,EV,2013.0,percent,0.068000003695488
Denmark,Historical,EV sales share,Cars,EV,2013.0,percent,0.280000001192093
Denmark,Historical,EV sales share,Cars,EV,2014.0,percent,0.899999976158142
Denmark,Historical,EV stock share,Cars,EV,2014.0,percent,
Denmark,Historical,EV stock share,Vans,EV,2014.0,percent,0.092000000178814
Denmark,Historical,EV stock share,Buses,EV,2014.0,percent,0.046999998390675
Denmark,Historical,EV sales share,Vans,EV,2014.0,percent,0.170000001788139
Denmark,Historical,EV sales,Cars,PHEV,2014.0,Vehicles,90.0
Denmark,Historical,EV stock,Buses,BEV,2014.0,Vehicles,4.0
Denmark,Historical,EV sales,Cars,FCEV,2014.0,Vehicles,
Denmark,Historical,EV sales,Cars,BEV,2014.0,Vehicles,1600.0
Denmark,Historical,EV stock,Cars,BEV,2014.0,Vehicles,2900.0
Denmark,Historical,EV stock,Cars,PHEV,2014.0,Vehicles,100.0
Denmark,Historical,EV sales,Vans,BEV,2014.0,Vehicles,47.0
Denmark,Historical,EV stock,Vans,,2014.0,Vehicles,350.0
Denmark,Historical,EV sales,Vans,PHEV,2014.0,Vehicles,
Denmark,Historical,EV stock,Vans,PHEV,,Vehicles,
Denmark,Historical,EV stock,Vans,PHEV,2015.0,Vehicles,100.0
Denmark,Historical,EV sales,Vans,PHEV,2015.0,,85.0
Denmark,Historical,EV stock,Vans,BEV,2015.0,Vehicles,590.0
Denmark,Historical,EV sales,Vans,BEV,2015.0,Vehicles,260.0
Denmark,Historical,EV stock,Cars,PHEV,2015.0,,570.0
Denmark,Historical,EV stock,Cars,BEV,2015.0,Vehicles,7900.0
Denmark,Historical,EV sales,Cars,BEV,2015.0,Vehicles,4300.0
Denmark,Historical,EV sales,Cars,FCEV,2015.0,Vehicles,
Denmark,Historical,EV stock,Cars,FCEV,2015.0,Vehicles,37.0
Denmark,Historical,EV stock,Buses,BEV,2015.0,Vehicles,
Denmark,Historical,EV sales,Cars,PHEV,2015.0,Vehicles,420.0
Denmark,Historical,EV sales share,Vans,EV,2015.0,percent,1.10000002384186
Denmark,Historical,EV stock share,Buses,EV,2015.0,percent,0.046999998390675
Denmark,Historical,EV stock share,Vans,EV,2015.0,percent,0.170000001788139
Denmark,Historical,EV stock share,Cars,EV,2015.0,percent,0.349999994039536
Denmark,Historical,EV sales share,Cars,EV,2015.0,percent,2.29999995231628
Denmark,Historical,EV sales share,Cars,EV,2016.0,percent,0.850000023841858
Denmark,Historical,EV stock share,Cars,EV,2016.0,percent,
Denmark,Historical,EV stock share,Vans,EV,2016.0,percent,0.200000002980232
Denmark,Historical,EV stock share,Buses,EV,2016.0,,0.070000000298023
Denmark,Historical,EV sales share,Vans,EV,2016.0,percent,
Denmark,Historical,EV sales share,Buses,EV,2016.0,percent,0.300000011920929
Denmark,Historical,EV sales,Cars,PHEV,2016.0,Vehicles,
Denmark,Historical,EV stock,Buses,BEV,2016.0,Vehicles,
Denmark,Historical,EV sales,Buses,BEV,2016.0,Vehicles,3.0
Denmark,Historical,EV stock,Cars,FCEV,2016.0,Vehicles,68.0
Denmark,Historical,EV sales,Cars,FCEV,2016.0,Vehicles,14.0
Denmark,Historical,EV sales,Cars,BEV,2016.0,Vehicles,1300.0
Denmark,Historical,EV stock,Cars,BEV,2016.0,Vehicles,8700.0
Denmark,Historical,EV stock,Cars,PHEV,2016.0,Vehicles,1100.0
Denmark,Historical,EV sales,Vans,,2016.0,Vehicles,57.0
Denmark,Historical,EV stock,Vans,BEV,2016.0,Vehicles,
Denmark,Historical,EV sales,Vans,PHEV,2016.0,Vehicles,81.0
Denmark,Historical,EV stock,Vans,PHEV,2016.0,Vehicles,180.0
Denmark,Historical,EV stock,Vans,PHEV,2017.0,Vehicles,
Denmark,Historical,EV sales,Vans,,2017.0,Vehicles,24.0
Denmark,Historical,EV stock,Vans,BEV,2017.0,Vehicles,
Denmark,Historical,EV sales,Vans,BEV,2017.0,Vehicles,70.0
Denmark,Historical,EV stock,Cars,PHEV,2017.0,Vehicles,1800.0
Denmark,Historical,EV stock,Cars,BEV,2017.0,Vehicles,8800.0
Denmark,Historical,EV sales,Cars,BEV,2017.0,Vehicles,710.0
Denmark,Historical,EV sales,Cars,FCEV,2017.0,Vehicles,15.0
Denmark,Historical,EV stock,Cars,FCEV,2017.0,Vehicles,83.0
Denmark,Historical,EV stock,Buses,BEV,2017.0,Vehicles,6.0
Denmark,Historical,EV sales,Cars,PHEV,2017.0,Vehicles,
Denmark,Historical,EV sales share,Vans,EV,2017.0,percent,0.259999990463257
Denmark,Historical,EV stock share,Buses,EV,2017.0,percent,0.071000002324581
Denmark,Historical,EV stock share,Vans,EV,2017.0,percent,0.180000007152557
Denmark,Historical,EV stock share,Cars,EV,2017.0,percent,0.419999986886978
Denmark,Historical,EV sales share,Cars,EV,2017.0,percent,0.600000023841858
Denmark,Historical,EV sales share,Cars,EV,2018.0,percent,2.09999990463257
Denmark,Historical,EV stock share,Cars,EV,2018.0,percent,0.589999973773956
Denmark,Historical,EV stock share,Vans,EV,2018.0,percent,
Denmark,Historical,EV stock share,Buses,,2018.0,percent,
Denmark,Historical,EV sales share,Vans,EV,2018.0,percent,0.75
Denmark,Historical,EV sales share,Buses,EV,2018.0,percent,0.150000005960464
Denmark,Historical,EV sales,Cars,PHEV,2018.0,Vehicles,3100.0
Denmark,Historical,EV stock,Buses,BEV,2018.0,Vehicles,8.0
Denmark,Historical,EV sales,Buses,BEV,2018.0,Vehicles,2.0
Denmark,Historical,EV stock,Cars,FCEV,2018.0,Vehicles,88.0
Denmark,Historical,EV sales,Cars,FCEV,2018.0,,5.0
Denmark,Historical,EV sales,Cars,BEV,2018.0,Vehicles,1500.0
Denmark,Historical,EV stock,Cars,BEV,2018.0,Vehicles,10000.0
Denmark,Historical,EV stock,Cars,PHEV,2018.0,,5200.0
Denmark,Historical,EV sales,Vans,BEV,2018.0,Vehicles,220.0
Denmark,Historical,EV stock,Vans,BEV,2018.0,Vehicles,670.0
Denmark,Historical,EV sales,Vans,PHEV,2018.0,Vehicles,31.0
Denmark,Historical,EV stock,Vans,PHEV,,Vehicles,230.0
Denmark,Historical,EV sales,Vans,PHEV,2019.0,Vehicles,34.0
Denmark,Historical,EV stock,Vans,BEV,2019.0,Vehicles,900.0
Denmark,Historical,EV sales,Vans,BEV,2019.0,Vehicles,270.0
Denmark,Historical,EV stock,Cars,PHEV,2019.0,Vehicles,9900.0
Denmark,Historical,EV stock,Vans,PHEV,2019.0,Vehicles,
Denmark,Historical,EV stock,Cars,BEV,2019.0,Vehicles,
Denmark,Historical,EV sales,Cars,BEV,2019.0,Vehicles,5500.0
Denmark,Historical,EV sales,Cars,FCEV,2019.0,Vehicles,8.0
Denmark,Historical,EV stock,Cars,,2019.0,Vehicles,100.0
Denmark,Historical,EV sales,Buses,BEV,2019.0,Vehicles,100.0
Denmark,Historical,EV stock,Buses,BEV,2019.0,Vehicles,83.0
Denmark,Historical,EV sales,Cars,PHEV,2019.0,Vehicles,3900.0
Denmark,Historical,EV sales,Buses,PHEV,2019.0,Vehicles,17.0
Denmark,Historical,EV stock,Buses,PHEV,,Vehicles,24.0
Denmark,Historical,EV sales share,Buses,EV,2019.0,percent,7.69999980926514
Denmark,Historical,EV sales share,Vans,EV,2019.0,percent,
Denmark,Historical,EV stock share,Buses,EV,2019.0,percent,0.889999985694885
Denmark,Historical,EV stock share,Vans,EV,2019.0,percent,0.310000002384186
Denmark,Historical,EV stock share,Cars,EV,2019.0,percent,0.959999978542328
Denmark,Historical,EV sales share,Cars,EV,2019.0,percent,4.19999980926514
Denmark,Historical,EV sales share,Cars,EV,2020.0,percent,16.0
Denmark,Historical,EV stock share,Cars,EV,2020.0,percent,2.29999995231628
Denmark,Historical,EV stock share,Vans,EV,2020.0,percent,0.469999998807907
Denmark,Historical,EV stock share,Buses,,2020.0,percent,0.939999997615814
Denmark,Historical,EV sales share,Vans,EV,2020.0,percent,2.5
Denmark,Historical,EV sales share,Buses,EV,2020.0,percent,2.90000009536743
Denmark,Historical,EV sales,Buses,FCEV,2020.0,Vehicles,3.0
Denmark,Historical,EV stock,Buses,FCEV,2020.0,Vehicles,3.0
Denmark,Historical,EV sales,Cars,PHEV,2020.0,Vehicles,18000.0
Denmark,Historical,EV stock,Buses,BEV,2020.0,Vehicles,88.0
Denmark,Historical,EV sales,Buses,BEV,2020.0,Vehicles,6.0
Denmark,Historical,EV stock,Cars,FCEV,2020.0,Vehicles,150.0
Denmark,Historical,EV sales,Cars,FCEV,2020.0,Vehicles,45.0
Denmark,Historical,EV sales,Cars,BEV,2020.0,Vehicles,14000.0
Denmark,Historical,EV stock,Cars,BEV,2020.0,Vehicles,32000.0
Denmark,Historical,EV stock,Vans,PHEV,2020.0,Vehicles,430.0
Denmark,Historical,EV stock,Cars,PHEV,2020.0,Vehicles,30000.0
Denmark,Historical,EV sales,Vans,BEV,2020.0,Vehicles,620.0
Denmark,Historical,EV stock,Vans,BEV,2020.0,Vehicles,1300.0
Denmark,Historical,EV sales,Vans,PHEV,2020.0,,160.0
Denmark,Historical,EV stock,Buses,PHEV,2020.0,Vehicles,23.0
Denmark,Historical,EV stock,Vans,FCEV,2020.0,Vehicles,1.0
Denmark,Historical,EV stock,Vans,FCEV,2021.0,Vehicles,3.0
Denmark,Historical,EV stock,Buses,PHEV,2021.0,Vehicles,24.0
Denmark,Historical,EV sales,Vans,FCEV,2021.0,Vehicles,2.0
Denmark,Historical,EV sales,Vans,,2021.0,Vehicles,320.0
Denmark,Historical,EV stock,Vans,BEV,,Vehicles,2600.0
Denmark,Historical,EV sales,Vans,BEV,2021.0,Vehicles,1500.0
Denmark,Historical,EV stock,Cars,PHEV,2021.0,Vehicles,78000.0
Denmark,Historical,EV stock,Vans,PHEV,2021.0,Vehicles,780.0
Denmark,Historical,EV stock,Cars,BEV,2021.0,,67000.0
Denmark,Historical,EV sales,Cars,BEV,2021.0,Vehicles,25000.0
Denmark,Historical,EV sales,Cars,FCEV,2021.0,Vehicles,78.0
Denmark,Historical,EV stock,Cars,FCEV,2021.0,,230.0
Denmark,Historical,EV sales,Buses,BEV,2021.0,Vehicles,220.0
Denmark,Historical,EV stock,Buses,,2021.0,Vehicles,310.0
Denmark,Historical,EV sales,Cars,PHEV,2021.0,Vehicles,40000.0
Denmark,Historical,EV stock,Buses,FCEV,2021.0,Vehicles,
Denmark,Historical,EV sales share,Buses,EV,2021.0,percent,18.0
Denmark,Historical,EV sales share,Vans,EV,2021.0,percent,5.69999980926514
Denmark,Historical,EV stock share,Buses,EV,2021.0,percent,3.0
Denmark,Historical,EV stock share,Vans,EV,2021.0,percent,0.920000016689301
Denmark,Historical,EV stock share,Cars,EV,2021.0,percent,5.19999980926514
Denmark,Historical,EV sales share,Cars,EV,2021.0,percent,35.0
Denmark,Historical,EV sales share,Cars,EV,,percent,39.0
Denmark,Historical,EV stock share,Cars,,2022.0,percent,7.80000019073486
Denmark,Historical,EV stock share,Vans,EV,2022.0,percent,1.5
Denmark,Historical,EV stock share,Buses,EV,2022.0,percent,6.5
Denmark,Historical,EV sales share,Vans,EV,2022.0,percent,
Denmark,Historical,EV sales share,Buses,EV,2022.0,percent,34.0
Denmark,Historical,EV stock,Buses,FCEV,2022.0,Vehicles,4.0
Denmark,Historical,EV stock,Cars,PHEV,2022.0,Vehicles,100000.0
Denmark,Historical,EV sales,Cars,PHEV,2022.0,,26000.0
Denmark,Historical,EV stock,Buses,BEV,2022.0,Vehicles,700.0
Denmark,Historical,EV sales,Buses,BEV,2022.0,Vehicles,400.0
Denmark,Historical,EV stock,Cars,FCEV,,Vehicles,230.0
Denmark,Historical,EV sales,Cars,FCEV,2022.0,Vehicles,6.0
Denmark,Historical,EV sales,Cars,BEV,2022.0,Vehicles,
Denmark,Historical,EV stock,Cars,BEV,2022.0,Vehicles,110000.0
Denmark,Historical,EV stock,Vans,PHEV,2022.0,Vehicles,
Denmark,Historical,EV sales,Vans,BEV,2022.0,Vehicles,1900.0
Denmark,Historical,EV stock,Vans,BEV,2022.0,Vehicles,4400.0
Denmark,Historical,EV sales,Vans,PHEV,2022.0,,
Denmark,Historical,EV stock,Buses,PHEV,2022.0,Vehicles,26.0
Denmark,Historical,EV stock,Vans,FCEV,2022.0,Vehicles,2.0
Denmark,Historical,EV stock,Vans,FCEV,,Vehicles,2.0
Denmark,Historical,EV stock,Buses,,2023.0,Vehicles,17.0
Denmark,Historical,EV sales,Vans,PHEV,2023.0,Vehicles,370.0
Denmark,Historical,EV stock,Vans,BEV,2023.0,Vehicles,
Denmark,Historical,EV sales,Vans,BEV,2023.0,Vehicles,2900.0
Denmark,Historical,EV stock,Vans,PHEV,2023.0,Vehicles,1500.0
Denmark,Historical,EV stock,Cars,BEV,2023.0,Vehicles,200000.0
Denmark,Historical,EV sales,Cars,BEV,2023.0,Vehicles,
Denmark,Historical,EV sales,Cars,FCEV,2023.0,Vehicles,1.0
Denmark,Historical,EV stock,Cars,FCEV,2023.0,Vehicles,230.0
Denmark,Historical,EV sales,Buses,BEV,2023.0,Vehicles,200.0
Denmark,Historical,EV stock,Buses,BEV,2023.0,Vehicles,920.0
Denmark,Historical,EV sales,Cars,PHEV,2023.0,Vehicles,17000.0
Denmark,Historical,EV stock,Cars,,2023.0,Vehicles,110000.0
Denmark,Historical,EV stock,Buses,FCEV,2023.0,Vehicles,3.0
Denmark,Historical,EV sales share,Buses,,2023.0,percent,19.0
Denmark,Historical,EV sales share,Vans,EV,2023.0,percent,
Denmark,Historical,EV stock share,Buses,,2023.0,percent,8.5
Denmark,Historical,EV stock share,Vans,EV,2023.0,percent,2.40000009536743
Denmark,Historical,EV stock share,Cars,EV,2023.0,percent,11.0
Denmark,Historical,EV sales share,Cars,EV,2023.0,percent,46.0
Estonia,Historical,EV sales share,Cars,EV,2015.0,percent,0.159999996423721
Estonia,Historical,EV sales,Cars,BEV,2015.0,Vehicles,
Estonia,Historical,EV sales,Cars,BEV,2016.0,Vehicles,35.0
Estonia,Historical,EV sales share,Cars,EV,2016.0,percent,0.150000005960464
Estonia,Historical,EV sales share,Cars,EV,2017.0,percent,0.180000007152557
Estonia,Historical,EV sales,Cars,BEV,,Vehicles,26.0
Estonia,Historical,EV sales,Cars,PHEV,2017.0,Vehicles,20.0
Estonia,Historical,EV sales,Cars,PHEV,2018.0,Vehicles,33.0
Estonia,Historical,EV sales,Cars,BEV,2018.0,Vehicles,85.0
Estonia,Historical,EV sales share,Cars,EV,2018.0,percent,0.46000000834465
Estonia,Historical,EV sales share,Cars,EV,2019.0,percent,0.360000014305115
Estonia,Historical,EV sales,Cars,BEV,2019.0,Vehicles,80.0
Estonia,Historical,EV sales,Cars,PHEV,2019.0,Vehicles,17.0
Estonia,Historical,EV sales,Cars,,2020.0,Vehicles,75.0
Estonia,Historical,EV sales,Cars,BEV,2020.0,,
Estonia,Historical,EV sales share,Cars,EV,2020.0,percent,1.79999995231628
Estonia,Historical,EV sales share,Cars,EV,2021.0,percent,3.20000004768372
Estonia,Historical,EV sales,Cars,BEV,2021.0,Vehicles,480.0
Estonia,Historical,EV sales,Cars,PHEV,2021.0,Vehicles,240.0
Estonia,Historical,EV sales,Cars,PHEV,2022.0,Vehicles,430.0
Estonia,Historical,EV sales,Cars,BEV,2022.0,Vehicles,730.0
Estonia,Historical,EV sales share,Cars,,2022.0,percent,5.40000009536743
Estonia,Historical,EV sales share,Cars,EV,2023.0,percent,
Estonia,Historical,EV sales,Cars,BEV,2023.0,Vehicles,1400.0
Estonia,Historical,EV sales,Cars,PHEV,2023.0,Vehicles,560.0
EU27,Historical,EV sales share,Buses,EV,2010.0,percent,
EU27,Historical,EV sales,Cars,,2010.0,Vehicles,1100.0
EU27,Historical,EV stock,Cars,BEV,2010.0,Vehicles,4900.0
EU27,Historical,EV sales,Cars,FCEV,2010.0,Vehicles,16.0
EU27,Historical,EV stock,Cars,FCEV,2010.0,Vehicles,20.0
EU27,Historical,EV sales,Cars,PHEV,2010.0,Vehicles,91.0
EU27,Historical,EV sales,Buses,BEV,2010.0,Vehicles,130.0
EU27,Historical,EV stock,Buses,BEV,2010.0,Vehicles,1900.0
EU27,Historical,EV sales,Vans,BEV,2010.0,Vehicles,1300.0
EU27,Historical,EV stock,Vans,BEV,2010.0,Vehicles,2900.0
EU27,Historical,EV sales,Vans,FCEV,2010.0,Vehicles,2.0
EU27,Historical,EV stock,Vans,FCEV,2010.0,Vehicles,2.0
EU27,Historical,EV stock,Vans,PHEV,2010.0,Vehicles,210.0
EU27,Historical,EV stock share,Buses,EV,2010.0,percent,0.300000011920929
EU27,Historical,EV sales share,Vans,EV,2010.0,percent,0.100000001490116
EU27,Historical,EV stock share,Vans,EV,2010.0,percent,0.013000000268221
EU27,Historical,EV sales share,Cars,EV,2010.0,percent,0.009999999776483
EU27,Historical,EV stock share,Cars,EV,2010.0,,0.002400000113994
EU27,Historical,EV stock,Cars,PHEV,2010.0,Vehicles,
EU27,Historical,EV stock,Cars,PHEV,2011.0,Vehicles,430.0
EU27,Historical,EV stock share,Cars,EV,2011.0,percent,0.006099999882281
EU27,Historical,EV sales share,Cars,EV,2011.0,percent,0.064999997615814
EU27,Historical,EV stock share,Vans,EV,2011.0,percent,0.020999999716878
EU27,Historical,EV sales share,Vans,EV,2011.0,percent,0.170000001788139
EU27,Historical,EV stock share,Buses,EV,2011.0,percent,0.300000011920929
EU27,Historical,EV stock,Vans,FCEV,2011.0,Vehicles,2.0
EU27,Historical,EV stock,Vans,BEV,2011.0,Vehicles,5100.0
EU27,Historical,EV sales,Vans,BEV,2011.0,Vehicles,2200.0
EU27,Historical,EV stock,Buses,BEV,2011.0,Vehicles,
EU27,Historical,EV sales,Buses,BEV,2011.0,Vehicles,36.0
EU27,Historical,EV sales,Cars,PHEV,2011.0,Vehicles,360.0
EU27,Historical,EV stock,Cars,,2011.0,Vehicles,58.0
EU27,Historical,EV sales,Cars,FCEV,2011.0,Vehicles,38.0
EU27,Historical,EV stock,Cars,BEV,2011.0,Vehicles,12000.0
EU27,Historical,EV sales,Cars,BEV,2011.0,Vehicles,7100.0
EU27,Historical,EV sales share,Buses,EV,2011.0,percent,0.109999999403954
EU27,Historical,EV stock,Vans,PHEV,2011.0,Vehicles,260.0
EU27,Historical,EV stock,Vans,PHEV,,Vehicles,
EU27,Historical,EV sales share,Buses,EV,2012.0,percent,0.150000005960464
EU27,Historical,EV sales,Cars,BEV,2012.0,Vehicles,12000.0
EU27,Historical,EV stock,Cars,BEV,2012.0,Vehicles,23000.0
EU27,Historical,EV sales,Cars,,2012.0,Vehicles,29.0
EU27,Historical,EV stock,Cars,FCEV,2012.0,Vehicles,87.0
EU27,Historical,EV sales,Cars,PHEV,2012.0,Vehicles,7500.0
EU27,Historical,EV sales,Buses,BEV,2012.0,Vehicles,47.0
EU27,Historical,EV stock,Buses,BEV,2012.0,Vehicles,1500.0
EU27,Historical,EV sales,Vans,BEV,2012.0,Vehicles,6500.0
EU27,Historical,EV stock,Vans,BEV,2012.0,Vehicles,12000.0
EU27,Historical,EV stock,Vans,FCEV,2012.0,Vehicles,
EU27,Historical,EV sales,Vans,PHEV,2012.0,Vehicles,11.0
EU27,Historical,EV stock share,Buses,EV,2012.0,percent,
EU27,Historical,EV sales share,Vans,EV,2012.0,percent,0.579999983310699
EU27,Historical,EV stock share,Vans,,,percent,0.046999998390675
EU27,Historical,EV sales share,Cars,EV,2012.0,percent,0.189999997615814
EU27,Historical,EV stock share,Cars,,2012.0,percent,0.014999999664724
EU27,Historical,EV stock,Cars,PHEV,2012.0,Vehicles,
EU27,Historical,EV stock,Cars,PHEV,2013.0,Vehicles,33000.0
EU27,Historical,EV stock share,Cars,EV,2013.0,percent,0.037000000476837
EU27,Historical,EV sales share,Cars,EV,2013.0,percent,
EU27,Historical,EV stock share,Vans,EV,2013.0,percent,0.074000000953674
EU27,Historical,EV sales share,Vans,EV,2013.0,percent,0.620000004768372
EU27,Historical,EV stock share,Buses,,2013.0,percent,0.170000001788139
EU27,Historical,EV sales,Vans,PHEV,2013.0,Vehicles,5.0
EU27,Historical,EV stock,Vans,FCEV,2013.0,Vehicles,3.0
EU27,Historical,EV sales,Vans,FCEV,2013.0,Vehicles,1.0
EU27,Historical,EV stock,Vans,BEV,2013.0,Vehicles,18000.0
EU27,Historical,EV sales,Vans,BEV,2013.0,Vehicles,6600.0
EU27,Historical,EV stock,Buses,BEV,2013.0,Vehicles,1000.0
EU27,Historical,EV sales,Buses,,2013.0,Vehicles,68.0
EU27,Historical,EV sales,Cars,PHEV,2013.0,Vehicles,24000.0
EU27,Historical,EV stock,Cars,FCEV,2013.0,Vehicles,110.0
EU27,Historical,EV sales,Cars,FCEV,,Vehicles,42.0
EU27,Historical,EV stock,Cars,BEV,2013.0,Vehicles,44000.0
EU27,Historical,EV sales,Cars,BEV,2013.0,Vehicles,21000.0
EU27,Historical,EV sales share,Buses,EV,2013.0,percent,0.219999998807907
EU27,Historical,EV stock,Vans,PHEV,2013.0,,370.0
EU27,Historical,EV stock,Vans,,,Vehicles,
EU27,Historical,EV sales share,Buses,,2014.0,percent,0.699999988079071
EU27,Historical,EV sales,Cars,BEV,2014.0,Vehicles,33000.0
EU27,Historical,EV stock,Cars,BEV,2014.0,Vehicles,75000.0
EU27,Historical,EV sales,Cars,FCEV,2014.0,Vehicles,28.0
EU27,Historical,EV stock,Cars,,2014.0,Vehicles,140.0
EU27,Historical,EV sales,Cars,PHEV,2014.0,Vehicles,24000.0
EU27,Historical,EV sales,Buses,BEV,2014.0,Vehicles,
EU27,Historical,EV stock,Buses,BEV,2014.0,,810.0
EU27,Historical,EV sales,Vans,BEV,2014.0,Vehicles,6900.0
EU27,Historical,EV stock,Vans,BEV,2014.0,Vehicles,25000.0
EU27,Historical,EV sales,Vans,,2014.0,Vehicles,4.0
EU27,Historical,EV stock,Vans,FCEV,2014.0,Vehicles,4.0
EU27,Historical,EV stock,Buses,PHEV,2014.0,Vehicles,32.0
EU27,Historical,EV sales,Vans,PHEV,2014.0,Vehicles,2.0
EU27,Historical,EV sales,Buses,FCEV,2014.0,Vehicles,1.0
EU27,Historical,EV stock,Buses,FCEV,2014.0,Vehicles,1.0
EU27,Historical,EV sales,Buses,,2014.0,Vehicles,2.0
EU27,Historical,EV stock share,Buses,EV,2014.0,percent,0.140000000596046
EU27,Historical,EV sales share,Vans,EV,2014.0,percent,0.589999973773956
EU27,Historical,EV stock share,Vans,EV,2014.0,percent,0.098999999463558
EU27,Historical,EV sales share,Cars,EV,2014.0,percent,0.560000002384186
EU27,Historical,EV stock share,Cars,EV,2014.0,percent,0.063000001013279
EU27,Historical,EV stock,Cars,PHEV,2014.0,Vehicles,57000.0
EU27,Historical,EV stock,Cars,PHEV,2015.0,Vehicles,130000.0
EU27,Historical,EV stock share,Cars,,2015.0,percent,0.119999997317791
EU27,Historical,EV sales share,Cars,EV,2015.0,percent,
EU27,Historical,EV stock share,Vans,EV,,,0.129999995231628
EU27,Historical,EV sales share,Vans,EV,2015.0,percent,0.649999976158142
EU27,Historical,EV stock share,Buses,EV,2015.0,percent,0.209999993443489
EU27,Historical,EV sales,Buses,PHEV,2015.0,Vehicles,5.0
EU27,Historical,EV stock,Buses,FCEV,,Vehicles,14.0
EU27,Historical,EV sales,Vans,PHEV,2015.0,Vehicles,110.0
EU27,Historical,EV stock,Buses,PHEV,2015.0,,110.0
EU27,Historical,EV stock,Vans,FCEV,2015.0,Vehicles,
EU27,Historical,EV sales,Vans,FCEV,2015.0,Vehicles,
EU27,Historical,EV stock,Vans,BEV,2015.0,Vehicles,34000.0
EU27,Historical,EV sales,Vans,,2015.0,Vehicles,8000.0
EU27,Historical,EV stock,Buses,BEV,2015.0,Vehicles,1200.0
EU27,Historical,EV sales,Buses,BEV,2015.0,Vehicles,140.0
EU27,Historical,EV sales,Cars,PHEV,2015.0,,70000.0
EU27,Historical,EV stock,Cars,FCEV,,Vehicles,310.0
EU27,Historical,EV sales,Cars,FCEV,2015.0,Vehicles,160.0
EU27,Historical,EV stock,Cars,BEV,2015.0,,120000.0
EU27,Historical,EV sales,Cars,BEV,2015.0,Vehicles,49000.0
EU27,Historical,EV sales share,Buses,EV,2015.0,percent,0.389999985694885
EU27,Historical,EV stock,Vans,PHEV,2015.0,Vehicles,740.0
EU27,Historical,EV stock,Vans,PHEV,2016.0,Vehicles,1200.0
EU27,Historical,EV sales share,Buses,EV,2016.0,percent,1.70000004768372
EU27,Historical,EV sales,Cars,BEV,2016.0,Vehicles,54000.0
EU27,Historical,EV stock,Cars,BEV,2016.0,Vehicles,170000.0
EU27,Historical,EV sales,Cars,FCEV,2016.0,Vehicles,130.0
EU27,Historical,EV stock,Cars,FCEV,2016.0,Vehicles,
EU27,Historical,EV sales,Cars,PHEV,2016.0,Vehicles,65000.0
EU27,Historical,EV sales,Buses,BEV,2016.0,Vehicles,470.0
EU27,Historical,EV stock,Buses,BEV,2016.0,Vehicles,1500.0
EU27,Historical,EV sales,Vans,BEV,2016.0,Vehicles,
EU27,Historical,EV stock,Vans,BEV,2016.0,Vehicles,
EU27,Historical,EV sales,Vans,FCEV,2016.0,Vehicles,99.0
EU27,Historical,EV stock,Vans,FCEV,2016.0,Vehicles,160.0
EU27,Historical,EV stock,Buses,,2016.0,Vehicles,310.0
EU27,Historical,EV sales,Vans,PHEV,2016.0,Vehicles,81.0
EU27,Historical,EV stock,Buses,FCEV,2016.0,Vehicles,27.0
EU27,Historical,EV sales,Buses,FCEV,2016.0,Vehicles,
EU27,Historical,EV sales,Buses,,2016.0,Vehicles,150.0
EU27,Historical,EV stock share,Buses,EV,2016.0,percent,
EU27,Historical,EV sales share,Vans,EV,2016.0,,0.75
EU27,Historical,EV stock share,Vans,EV,2016.0,percent,0.180000007152557
EU27,Historical,EV sales share,Cars,EV,2016.0,percent,0.980000019073486
EU27,Historical,EV stock share,Cars,EV,2016.0,percent,0.170000001788139
EU27,Historical,EV stock,Cars,PHEV,2016.0,Vehicles,190000.0
EU27,Historical,EV stock,Cars,,2017.0,Vehicles,290000.0
EU27,Historical,EV stock share,Cars,EV,,percent,0.25
EU27,Historical,EV sales share,Cars,EV,2017.0,percent,1.29999995231628
EU27,Historical,EV stock share,Vans,EV,2017.0,percent,0.230000004172325
EU27,Historical,EV sales share,Vans,EV,2017.0,percent,0.939999997615814
EU27,Historical,EV stock share,Buses,EV,2017.0,percent,0.360000014305115
EU27,Historical,EV sales,Buses,PHEV,2017.0,Vehicles,34.0
EU27,Historical,EV sales,Buses,FCEV,2017.0,Vehicles,11.0
EU27,Historical,EV stock,Buses,FCEV,2017.0,Vehicles,20.0
EU27,Historical,EV sales,Vans,PHEV,2017.0,,
EU27,Historical,EV stock,Buses,PHEV,2017.0,Vehicles,400.0
EU27,Historical,EV stock,Vans,FCEV,2017.0,Vehicles,180.0
EU27,Historical,EV sales,Vans,FCEV,2017.0,Vehicles,26.0
EU27,Historical,EV stock,Vans,BEV,2017.0,Vehicles,59000.0
EU27,Historical,EV sales,Vans,BEV,2017.0,Vehicles,14000.0
EU27,Historical,EV stock,Buses,BEV,2017.0,Vehicles,1900.0
EU27,Historical,EV sales,Buses,BEV,2017.0,Vehicles,
EU27,Historical,EV sales,Cars,PHEV,2017.0,,89000.0
EU27,Historical,EV stock,Cars,FCEV,2017.0,Vehicles,750.0
EU27,Historical,EV sales,Cars,FCEV,2017.0,Vehicles,270.0
EU27,Historical,EV stock,Cars,BEV,2017.0,Vehicles,250000.0
EU27,Historical,EV sales,Cars,BEV,2017.0,Vehicles,85000.0
EU27,Historical,EV sales share,Buses,EV,2017.0,percent,0.939999997615814
EU27,Historical,EV stock,Vans,PHEV,2017.0,Vehicles,1800.0
EU27,Historical,EV stock,Vans,PHEV,2018.0,Vehicles,2700.0
EU27,Historical,EV sales share,Buses,EV,2018.0,percent,1.70000004768372
EU27,Historical,EV sales,Cars,BEV,2018.0,Vehicles,140000.0
EU27,Historical,EV stock,Cars,BEV,2018.0,Vehicles,370000.0
EU27,Historical,EV sales,Cars,FCEV,2018.0,Vehicles,160.0
EU27,Historical,EV stock,Cars,FCEV,2018.0,,750.0
EU27,Historical,EV sales,Cars,PHEV,2018.0,Vehicles,110000.0
EU27,Historical,EV sales,Buses,BEV,2018.0,Vehicles,620.0
EU27,Historical,EV stock,Buses,BEV,2018.0,,
EU27,Historical,EV sales,Vans,BEV,2018.0,Vehicles,20000.0
EU27,Historical,EV stock,Vans,BEV,2018.0,Vehicles,78000.0
EU27,Historical,EV sales,Vans,FCEV,2018.0,Vehicles,94.0
EU27,Historical,EV stock,Vans,FCEV,2018.0,Vehicles,280.0
EU27,Historical,EV stock,Buses,PHEV,2018.0,Vehicles,500.0
EU27,Historical,EV sales,Vans,PHEV,2018.0,Vehicles,
EU27,Historical,EV stock,Buses,FCEV,2018.0,Vehicles,20.0
EU27,Historical,EV sales,Buses,PHEV,2018.0,Vehicles,54.0
EU27,Historical,EV stock share,Buses,EV,2018.0,percent,0.360000014305115
EU27,Historical,EV sales share,Vans,EV,2018.0,percent,
EU27,Historical,EV stock share,Vans,EV,2018.0,percent,0.310000002384186
EU27,Historical,EV sales share,Cars,EV,2018.0,percent,1.89999997615814
EU27,Historical,EV stock share,Cars,EV,2018.0,percent,0.349999994039536
EU27,Historical,EV stock,Cars,PHEV,2018.0,Vehicles,390000.0
EU27,Historical,EV stock,Cars,PHEV,2019.0,Vehicles,500000.0
EU27,Historical,EV stock share,Cars,,2019.0,percent,0.490000009536743
EU27,Historical,EV sales share,Cars,EV,2019.0,percent,2.90000009536743
EU27,Historical,EV stock share,Vans,EV,2019.0,percent,0.389999985694885
EU27,Historical,EV sales share,Vans,EV,2019.0,percent,1.5
EU27,Historical,EV stock share,Buses,EV,2019.0,percent,0.709999978542328
EU27,Historical,EV stock,Buses,FCEV,2019.0,Vehicles,46.0
EU27,Historical,EV sales,Buses,FCEV,2019.0,Vehicles,1.0
EU27,Historical,EV sales,Vans,PHEV,2019.0,Vehicles,41.0
EU27,Historical,EV stock,Buses,PHEV,2019.0,Vehicles,
EU27,Historical,EV stock,Vans,,2019.0,Vehicles,280.0
EU27,Historical,EV stock,Vans,BEV,2019.0,Vehicles,99000.0
EU27,Historical,EV sales,Vans,BEV,2019.0,Vehicles,23000.0
EU27,Historical,EV sales,Buses,PHEV,2019.0,Vehicles,51.0
EU27,Historical,EV stock,Buses,BEV,2019.0,Vehicles,3800.0
EU27,Historical,EV sales,Buses,BEV,2019.0,,1600.0
EU27,Historical,EV sales,Cars,PHEV,2019.0,Vehicles,140000.0
EU27,Historical,EV stock,Cars,FCEV,2019.0,Vehicles,
EU27,Historical,EV sales,Cars,,2019.0,Vehicles,480.0
EU27,Historical,EV stock,Cars,BEV,2019.0,Vehicles,610000.0
EU27,Historical,EV sales,Cars,BEV,2019.0,Vehicles,250000.0
EU27,Historical,EV sales share,Buses,EV,2019.0,percent,4.0
EU27,Historical,EV stock,Vans,PHEV,2019.0,Vehicles,4600.0
EU27,Historical,EV stock,Vans,PHEV,2020.0,Vehicles,6100.0
EU27,Historical,EV sales share,Buses,EV,2020.0,percent,6.30000019073486
EU27,Historical,EV sales,Cars,BEV,2020.0,Vehicles,540000.0
EU27,Historical,EV stock,Cars,BEV,2020.0,Vehicles,1100000.0
EU27,Historical,EV sales,Cars,,2020.0,Vehicles,660.0
EU27,Historical,EV stock,Cars,FCEV,2020.0,Vehicles,1900.0
EU27,Historical,EV sales,Buses,BEV,2020.0,Vehicles,1800.0
EU27,Historical,EV stock,Buses,BEV,2020.0,Vehicles,5700.0
EU27,Historical,EV sales,Buses,PHEV,2020.0,Vehicles,67.0
EU27,Historical,EV sales,Vans,,2020.0,Vehicles,29000.0
EU27,Historical,EV stock,Vans,BEV,2020.0,,120000.0
EU27,Historical,EV stock,Vans,FCEV,2020.0,Vehicles,300.0
EU27,Historical,EV stock,Buses,PHEV,,Vehicles,700.0
EU27,Historical,EV sales,Vans,PHEV,2020.0,Vehicles,
EU27,Historical,EV sales,Buses,FCEV,2020.0,Vehicles,
EU27,Historical,EV stock,Buses,FCEV,2020.0,Vehicles,91.0
EU27,Historical,EV stock share,Buses,EV,2020.0,percent,1.0
EU27,Historical,EV sales share,Vans,EV,2020.0,percent,2.20000004768372
EU27,Historical,EV stock share,Vans,EV,2020.0,percent,0.479999989271164
EU27,Historical,EV sales share,Cars,EV,2020.0,percent,10.0
EU27,Historical,EV stock share,Cars,EV,2020.0,percent,0.930000007152557
EU27,Historical,EV stock,Cars,PHEV,2020.0,Vehicles,990000.0
EU27,Historical,EV sales,Cars,PHEV,2020.0,Vehicles,510000.0
EU27,Historical,EV sales,Cars,PHEV,2021.0,Vehicles,
EU27,Historical,EV stock,Cars,PHEV,2021.0,Vehicles,1900000.0
EU27,Historical,EV stock share,Cars,EV,,percent,1.70000004768372
EU27,Historical,EV sales share,Cars,EV,2021.0,percent,17.0
EU27,Historical,EV stock share,Vans,EV,2021.0,percent,0.629999995231628
EU27,Historical,EV sales share,Vans,EV,2021.0,percent,3.0
EU27,Historical,EV stock share,Buses,EV,2021.0,percent,
EU27,Historical,EV sales share,Buses,EV,2021.0,percent,10.0
EU27,Historical,EV stock,Buses,FCEV,2021.0,Vehicles,170.0
EU27,Historical,EV sales,Buses,FCEV,2021.0,Vehicles,
EU27,Historical,EV sales,Vans,PHEV,2021.0,Vehicles,2100.0
EU27,Historical,EV stock,Buses,PHEV,2021.0,Vehicles,
EU27,Historical,EV stock,Vans,FCEV,2021.0,Vehicles,320.0
EU27,Historical,EV sales,Vans,FCEV,2021.0,Vehicles,27.0
EU27,Historical,EV stock,Vans,BEV,2021.0,Vehicles,170000.0
EU27,Historical,EV sales,Vans,BEV,2021.0,Vehicles,45000.0
EU27,Historical,EV sales,Buses,PHEV,2021.0,Vehicles,140.0
EU27,Historical,EV stock,Buses,BEV,2021.0,Vehicles,8200.0
EU27,Historical,EV sales,Buses,,2021.0,Vehicles,
EU27,Historical,EV stock,Cars,FCEV,2021.0,Vehicles,2700.0
EU27,Historical,EV sales,Cars,FCEV,2021.0,Vehicles,
EU27,Historical,EV stock,Cars,BEV,2021.0,Vehicles,2000000.0
EU27,Historical,EV sales,Cars,BEV,2021.0,Vehicles,890000.0
EU27,Historical,EV stock,Vans,PHEV,2021.0,Vehicles,4100.0
EU27,Historical,EV stock,Vans,PHEV,2022.0,Vehicles,5600.0
EU27,Historical,EV sales,Cars,BEV,2022.0,Vehicles,1200000.0
EU27,Historical,EV stock,Cars,BEV,2022.0,Vehicles,3000000.0
EU27,Historical,EV sales,Cars,FCEV,2022.0,,1200.0
EU27,Historical,EV stock,Cars,FCEV,2022.0,,4000.0
EU27,Historical,EV sales,Buses,,2022.0,Vehicles,3600.0
EU27,Historical,EV stock,Buses,BEV,2022.0,Vehicles,11000.0
EU27,Historical,EV sales,Buses,PHEV,2022.0,Vehicles,72.0
EU27,Historical,EV sales,Vans,BEV,2022.0,Vehicles,64000.0
EU27,Historical,EV stock,Vans,BEV,2022.0,Vehicles,210000.0
EU27,Historical,EV stock,Vans,FCEV,2022.0,Vehicles,300.0
EU27,Historical,EV stock,Buses,PHEV,2022.0,Vehicles,910.0
EU27,Historical,EV sales,Vans,PHEV,2022.0,Vehicles,2600.0
EU27,Historical,EV sales,Buses,FCEV,2022.0,Vehicles,54.0
EU27,Historical,EV stock,Buses,FCEV,2022.0,Vehicles,
EU27,Historical,EV sales share,Buses,EV,2022.0,percent,12.0
EU27,Historical,EV stock share,Buses,EV,2022.0,percent,2.0
EU27,Historical,EV sales share,Vans,EV,2022.0,percent,
EU27,Historical,EV stock share,Vans,EV,2022.0,,0.800000011920929
EU27,Historical,EV sales share,Cars,EV,2022.0,percent,21.0
EU27,Historical,EV stock share,Cars,EV,2022.0,percent,2.5
EU27,Historical,EV stock,Cars,PHEV,2022.0,Vehicles,2600000.0
EU27,Historical,EV sales,Cars,PHEV,2022.0,Vehicles,900000.0
EU27,Historical,EV sales,Cars,PHEV,2023.0,Vehicles,
EU27,Historical,EV stock,Cars,PHEV,2023.0,Vehicles,3500000.0
EU27,Historical,EV stock share,Cars,EV,2023.0,percent,3.59999990463257
EU27,Historical,EV sales share,Cars,EV,2023.0,percent,22.0
EU27,Historical,EV stock share,Vans,EV,2023.0,percent,1.20000004768372
EU27,Historical,EV sales share,Vans,EV,2023.0,percent,7.59999990463257
EU27,Historical,EV stock share,Buses,EV,2023.0,,
EU27,Historical,EV sales share,Buses,EV,2023.0,percent,15.0
EU27,Historical,EV stock,Buses,,2023.0,Vehicles,360.0
EU27,Historical,EV sales,Buses,FCEV,2023.0,Vehicles,150.0
EU27,Historical,EV sales,Vans,PHEV,2023.0,Vehicles,
EU27,Historical,EV stock,Buses,PHEV,,Vehicles,810.0
EU27,Historical,EV stock,Vans,FCEV,2023.0,Vehicles,370.0
EU27,Historical,EV sales,Vans,FCEV,2023.0,Vehicles,58.0
EU27,Historical,EV stock,Vans,BEV,2023.0,Vehicles,310000.0
EU27,Historical,EV sales,Vans,BEV,2023.0,Vehicles,110000.0
EU27,Historical,EV sales,Buses,PHEV,2023.0,Vehicles,160.0
EU27,Historical,EV stock,Buses,BEV,2023.0,Vehicles,16000.0
EU27,Historical,EV sales,Buses,BEV,2023.0,Vehicles,5200.0
EU27,Historical,EV stock,Cars,FCEV,2023.0,Vehicles,4700.0
EU27,Historical,EV sales,Cars,FCEV,2023.0,Vehicles,770.0
EU27,Historical,EV stock,Cars,BEV,2023.0,Vehicles,4600000.0
EU27,Historical,EV sales,Cars,BEV,2023.0,Vehicles,1600000.0
EU27,Historical,EV stock,Vans,PHEV,2023.0,Vehicles,8400.0
Europe,Historical,EV sales,Buses,BEV,2010.0,Vehicles,130.0
Europe,Historical,EV stock,Buses,BEV,2010.0,Vehicles,6300.0
Europe,Historical,EV stock,Buses,FCEV,2010.0,,6.0
Europe,Historical,EV sales,Vans,,2010.0,Vehicles,1500.0
Europe,Historical,EV stock,Vans,BEV,2010.0,Vehicles,
Europe,Historical,EV sales,Vans,FCEV,2010.0,Vehicles,2.0
Europe,Historical,EV stock,Vans,FCEV,2010.0,Vehicles,6.0
Europe,Historical,EV stock,Vans,PHEV,2010.0,Vehicles,210.0
Europe,Historical,EV sales,Cars,BEV,2010.0,Vehicles,1700.0
Europe,Historical,EV stock,Cars,,2010.0,Vehicles,9800.0
Europe,Historical,EV sales,Cars,FCEV,2010.0,Vehicles,27.0
Europe,Historical,EV stock,Cars,FCEV,2010.0,Vehicles,40.0
Europe,Historical,EV sales,Cars,PHEV,2010.0,Vehicles,
Europe,Historical,EV stock,Cars,PHEV,2010.0,Vehicles,63.0
Europe,Historical,EV sales share,Vans,EV,2010.0,percent,0.08500000089407
Europe,Historical,EV stock share,Vans,EV,2010.0,percent,0.023000000044704
Europe,Historical,EV stock share,Buses,EV,2010.0,percent,0.439999997615814
Europe,Historical,EV sales share,Buses,EV,2010.0,percent,0.189999997615814
Europe,Historical,EV sales share,Cars,EV,2010.0,percent,
Europe,Historical,EV stock share,Cars,EV,2010.0,percent,
Europe,Historical,EV stock share,Cars,EV,2011.0,percent,0.00789999961853
Europe,Historical,EV sales share,Cars,EV,2011.0,percent,
Europe,Historical,EV sales share,Buses,EV,2011.0,percent,
Europe,Historical,EV stock share,Buses,EV,2011.0,percent,
Europe,Historical,EV stock share,Vans,EV,2011.0,percent,0.028000000864267
Europe,Historical,EV sales share,Vans,EV,2011.0,percent,0.129999995231628
Europe,Historical,EV stock,Cars,PHEV,2011.0,Vehicles,510.0
Europe,Historical,EV sales,Cars,PHEV,2011.0,Vehicles,410.0
Europe,Historical,EV stock,Cars,FCEV,2011.0,Vehicles,78.0
Europe,Historical,EV sales,Cars,FCEV,2011.0,Vehicles,38.0
Europe,Historical,EV stock,Cars,BEV,2011.0,Vehicles,20000.0
Europe,Historical,EV sales,Cars,BEV,2011.0,Vehicles,11000.0
Europe,Historical,EV stock,Vans,PHEV,2011.0,Vehicles,260.0
Europe,Historical,EV stock,Vans,FCEV,2011.0,Vehicles,
Europe,Historical,EV stock,Vans,,2011.0,Vehicles,8700.0
Europe,Historical,EV sales,Vans,BEV,2011.0,Vehicles,2500.0
Europe,Historical,EV stock,Buses,BEV,2011.0,Vehicles,6400.0
Europe,Historical,EV sales,Buses,BEV,2011.0,Vehicles,
Europe,Historical,EV sales,Buses,BEV,2012.0,Vehicles,
Europe,Historical,EV stock,Buses,BEV,2012.0,Vehicles,5700.0
Europe,Historical,EV sales,Vans,BEV,2012.0,Vehicles,7100.0
Europe,Historical,EV stock,Vans,BEV,2012.0,Vehicles,15000.0
Europe,Historical,EV stock,Vans,FCEV,2012.0,Vehicles,7.0
Europe,Historical,EV sales,Vans,PHEV,2012.0,Vehicles,11.0
Europe,Historical,EV stock,Vans,PHEV,2012.0,Vehicles,310.0
Europe,Historical,EV sales,Cars,BEV,2012.0,,19000.0
Europe,Historical,EV stock,Cars,BEV,2012.0,Vehicles,37000.0
Europe,Historical,EV sales,Cars,FCEV,2012.0,Vehicles,29.0
Europe,Historical,EV stock,Cars,FCEV,2012.0,,110.0
Europe,Historical,EV sales,Cars,PHEV,2012.0,Vehicles,9200.0
Europe,Historical,EV stock,Cars,PHEV,2012.0,Vehicles,
Europe,Historical,EV sales share,Vans,EV,2012.0,percent,0.430000007152557
Europe,Historical,EV stock share,Vans,EV,2012.0,percent,0.0489999987185
Europe,Historical,EV stock share,Buses,,2012.0,percent,0.400000005960465
Europe,Historical,EV sales share,Buses,EV,2012.0,percent,0.086999997496605
Europe,Historical,EV sales share,Cars,EV,2012.0,percent,0.200000002980232
Europe,Historical,EV stock share,Cars,EV,2012.0,percent,0.01799999922514
Europe,Historical,EV stock share,Cars,,2013.0,percent,0.03999999910593
Europe,Historical,EV sales share,Cars,EV,2013.0,percent,0.419999986886978
Europe,Historical,EV sales share,Buses,EV,,percent,0.140000000596046
Europe,Historical,EV stock share,Buses,EV,2013.0,percent,0.360000014305115
Europe,Historical,EV stock share,Vans,EV,2013.0,percent,0.068999998271465
Europe,Historical,EV sales share,Vans,EV,2013.0,percent,0.449999988079071
Europe,Historical,EV stock,Cars,PHEV,2013.0,Vehicles,36000.0
Europe,Historical,EV sales,Cars,PHEV,2013.0,Vehicles,26000.0
Europe,Historical,EV stock,Cars,FCEV,2013.0,Vehicles,130.0
Europe,Historical,EV sales,Cars,FCEV,2013.0,Vehicles,42.0
Europe,Historical,EV stock,Cars,BEV,2013.0,Vehicles,68000.0
Europe,Historical,EV sales,Cars,BEV,2013.0,,33000.0
Europe,Historical,EV stock,Vans,,2013.0,Vehicles,370.0
Europe,Historical,EV sales,Vans,PHEV,2013.0,Vehicles,5.0
Europe,Historical,EV stock,Vans,FCEV,2013.0,Vehicles,7.0
Europe,Historical,EV stock,Vans,BEV,2013.0,Vehicles,22000.0
Europe,Historical,EV sales,Vans,FCEV,2013.0,Vehicles,1.0
Europe,Historical,EV sales,Vans,BEV,2013.0,Vehicles,7300.0
Europe,Historical,EV stock,Buses,BEV,2013.0,,5200.0
Europe,Historical,EV sales,Buses,BEV,2013.0,Vehicles,120.0
Europe,Historical,EV sales,Buses,BEV,2014.0,Vehicles,310.0
Europe,Historical,EV stock,Buses,BEV,2014.0,Vehicles,4500.0
Europe,Historical,EV sales,Buses,FCEV,2014.0,Vehicles,1.0
Europe,Historical,EV sales,Vans,BEV,2014.0,Vehicles,8400.0
Europe,Historical,EV stock,Buses,PHEV,2014.0,Vehicles,32.0
Europe,Historical,EV stock,Buses,FCEV,2014.0,,1.0
Europe,Historical,EV sales,Buses,PHEV,2014.0,Vehicles,2.0
Europe,Historical,EV sales,Vans,FCEV,2014.0,Vehicles,4.0
Europe,Historical,EV stock,Vans,BEV,2014.0,Vehicles,30000.0
Europe,Historical,EV stock,Vans,FCEV,2014.0,Vehicles,8.0
Europe,Historical,EV sales,Vans,PHEV,2014.0,Vehicles,6.0
Europe,Historical,EV stock,Vans,PHEV,2014.0,Vehicles,450.0
Europe,Historical,EV sales,Cars,BEV,2014.0,Vehicles,62000.0
Europe,Historical,EV stock,Cars,BEV,2014.0,Vehicles,
Europe,Historical,EV sales,Cars,FCEV,2014.0,Vehicles,32.0
Europe,Historical,EV stock,Cars,FCEV,2014.0,Vehicles,150.0
Europe,Historical,EV sales,Cars,PHEV,2014.0,,34000.0
Europe,Historical,EV stock,Cars,PHEV,2014.0,Vehicles,70000.0
Europe,Historical,EV sales share,Vans,EV,2014.0,percent,0.479999989271164
Europe,Historical,EV stock share,Vans,,2014.0,percent,0.090999998152256
Europe,Historical,EV stock share,Buses,EV,2014.0,,0.310000002384186
Europe,Historical,EV sales share,Buses,EV,2014.0,percent,0.360000014305115
Europe,Historical,EV sales share,Cars,EV,2014.0,percent,0.660000026226044
Europe,Historical,EV stock share,Cars,EV,2014.0,,0.074000000953674
Europe,Historical,EV stock share,Cars,EV,2015.0,percent,0.140000000596046
Europe,Historical,EV sales share,Cars,,2015.0,percent,1.20000004768372
Europe,Historical,EV sales share,Buses,EV,2015.0,percent,0.170000001788139
Europe,Historical,EV stock share,Vans,EV,2015.0,percent,0.119999997317791
Europe,Historical,EV sales share,Vans,EV,2015.0,percent,0.519999980926514
Europe,Historical,EV stock share,Buses,EV,2015.0,,0.310000002384186
Europe,Historical,EV stock,Cars,PHEV,,Vehicles,170000.0
Europe,Historical,EV sales,Cars,PHEV,2015.0,Vehicles,100000.0
Europe,Historical,EV stock,Cars,FCEV,2015.0,Vehicles,340.0
Europe,Historical,EV sales,Cars,,2015.0,Vehicles,
Europe,Historical,EV stock,Cars,BEV,2015.0,Vehicles,210000.0
Europe,Historical,EV sales,Cars,BEV,2015.0,Vehicles,89000.0
Europe,Historical,EV stock,Vans,PHEV,2015.0,Vehicles,840.0
Europe,Historical,EV sales,Vans,PHEV,2015.0,,
Europe,Historical,EV stock,Vans,FCEV,2015.0,Vehicles,65.0
Europe,Historical,EV stock,Vans,BEV,2015.0,Vehicles,40000.0
Europe,Historical,EV sales,Vans,FCEV,2015.0,Vehicles,53.0
Europe,Historical,EV sales,Buses,PHEV,2015.0,Vehicles,5.0
Europe,Historical,EV stock,Buses,FCEV,2015.0,Vehicles,14.0
Europe,Historical,EV stock,Buses,PHEV,2015.0,Vehicles,120.0
Europe,Historical,EV sales,Vans,BEV,2015.0,Vehicles,9800.0
Europe,Historical,EV stock,Buses,BEV,2015.0,Vehicles,4600.0
Europe,Historical,EV sales,Buses,BEV,2015.0,Vehicles,190.0
Europe,Historical,EV sales,Buses,BEV,2016.0,Vehicles,570.0
Europe,Historical,EV stock,Buses,BEV,2016.0,Vehicles,
Europe,Historical,EV sales,Buses,FCEV,2016.0,Vehicles,52.0
Europe,Historical,EV sales,Vans,BEV,2016.0,Vehicles,
Europe,Historical,EV stock,Buses,PHEV,2016.0,Vehicles,460.0
Europe,Historical,EV stock,Buses,FCEV,2016.0,Vehicles,31.0
Europe,Historical,EV sales,Buses,PHEV,2016.0,Vehicles,280.0
Europe,Historical,EV sales,Vans,FCEV,2016.0,Vehicles,99.0
Europe,Historical,EV stock,Vans,BEV,2016.0,Vehicles,53000.0
Europe,Historical,EV stock,Vans,FCEV,2016.0,Vehicles,160.0
Europe,Historical,EV sales,Vans,PHEV,2016.0,Vehicles,160.0
Europe,Historical,EV stock,Vans,PHEV,2016.0,Vehicles,1400.0
Europe,Historical,EV sales,Cars,BEV,2016.0,Vehicles,93000.0
Europe,Historical,EV stock,Cars,BEV,2016.0,Vehicles,300000.0
Europe,Historical,EV sales,Cars,FCEV,2016.0,Vehicles,180.0
Europe,Historical,EV stock,Cars,FCEV,2016.0,Vehicles,540.0
Europe,Historical,EV sales,Cars,,2016.0,Vehicles,120000.0
Europe,Historical,EV stock,Cars,PHEV,2016.0,Vehicles,290000.0
Europe,Historical,EV stock share,Buses,EV,2016.0,percent,0.360000014305115
Europe,Historical,EV sales share,Vans,EV,2016.0,percent,0.589999973773956
Europe,Historical,EV stock share,Vans,EV,2016.0,percent,0.159999996423721
Europe,Historical,EV sales share,Buses,EV,2016.0,percent,
Europe,Historical,EV sales share,Cars,EV,2016.0,percent,1.20000004768372
Europe,Historical,EV stock share,Cars,EV,2016.0,percent,0.219999998807907
Europe,Historical,EV stock share,Cars,EV,2017.0,percent,0.310000002384186
Europe,Historical,EV sales share,Cars,EV,2017.0,percent,
Europe,Historical,EV sales share,Buses,EV,2017.0,percent,0.569999992847443
Europe,Historical,EV stock share,Vans,EV,2017.0,percent,0.200000002980232
Europe,Historical,EV sales share,Vans,,2017.0,percent,0.740000009536743
Europe,Historical,EV stock share,Buses,EV,2017.0,percent,
Europe,Historical,EV stock,Cars,PHEV,2017.0,Vehicles,450000.0
Europe,Historical,EV sales,Cars,PHEV,2017.0,Vehicles,160000.0
Europe,Historical,EV stock,Cars,FCEV,2017.0,Vehicles,890.0
Europe,Historical,EV sales,Cars,FCEV,2017.0,Vehicles,340.0
Europe,Historical,EV stock,Cars,,2017.0,Vehicles,430000.0
Europe,Historical,EV sales,Cars,BEV,2017.0,Vehicles,140000.0
Europe,Historical,EV stock,Vans,PHEV,2017.0,Vehicles,2000.0
Europe,Historical,EV sales,Vans,PHEV,2017.0,Vehicles,120.0
Europe,Historical,EV stock,Vans,FCEV,2017.0,Vehicles,190.0
Europe,Historical,EV stock,Vans,BEV,2017.0,Vehicles,
Europe,Historical,EV sales,Vans,FCEV,2017.0,Vehicles,
Europe,Historical,EV sales,Buses,PHEV,2017.0,Vehicles,52.0
Europe,Historical,EV stock,Buses,FCEV,2017.0,Vehicles,30.0
Europe,Historical,EV stock,Buses,PHEV,2017.0,Vehicles,590.0
Europe,Historical,EV sales,Vans,BEV,2017.0,Vehicles,16000.0
Europe,Historical,EV sales,Buses,FCEV,2017.0,,16.0
Europe,Historical,EV stock,Buses,BEV,2017.0,Vehicles,2700.0
Europe,Historical,EV sales,Buses,,2017.0,,480.0
Europe,Historical,EV sales,Buses,BEV,2018.0,Vehicles,780.0
Europe,Historical,EV stock,Buses,BEV,2018.0,Vehicles,2800.0
Europe,Historical,EV sales,Buses,FCEV,2018.0,Vehicles,
Europe,Historical,EV sales,Vans,BEV,2018.0,Vehicles,24000.0
Europe,Historical,EV stock,Buses,PHEV,2018.0,Vehicles,770.0
Europe,Historical,EV stock,Buses,FCEV,2018.0,Vehicles,50.0
Europe,Historical,EV sales,Buses,PHEV,2018.0,Vehicles,140.0
Europe,Historical,EV sales,Vans,FCEV,2018.0,Vehicles,94.0
Europe,Historical,EV stock,Vans,BEV,2018.0,Vehicles,92000.0
Europe,Historical,EV stock,Vans,FCEV,2018.0,Vehicles,280.0
Europe,Historical,EV sales,Vans,PHEV,2018.0,Vehicles,190.0
Europe,Historical,EV stock,Vans,PHEV,2018.0,Vehicles,3100.0
Europe,Historical,EV sales,Cars,BEV,2018.0,Vehicles,
Europe,Historical,EV stock,Cars,BEV,2018.0,Vehicles,620000.0
Europe,Historical,EV sales,Cars,,2018.0,Vehicles,280.0
Europe,Historical,EV stock,Cars,FCEV,2018.0,Vehicles,1000.0
Europe,Historical,EV sales,Cars,PHEV,2018.0,Vehicles,190000.0
Europe,Historical,EV stock,Cars,PHEV,2018.0,,630000.0
Europe,Historical,EV stock share,Buses,EV,2018.0,percent,0.230000004172325
Europe,Historical,EV sales share,Vans,EV,2018.0,percent,1.10000002384186
Europe,Historical,EV stock share,Vans,EV,2018.0,percent,0.270000010728836
Europe,Historical,EV sales share,Buses,EV,2018.0,percent,
Europe,Historical,EV sales share,Cars,EV,2018.0,percent,
Europe,Historical,EV stock share,Cars,EV,2018.0,percent,0.449999988079071
Europe,Historical,EV stock share,Cars,EV,2019.0,percent,0.610000014305115
Europe,Historical,EV sales share,Cars,EV,2019.0,percent,3.29999995231628
Europe,Historical,EV sales share,Buses,EV,2019.0,percent,2.79999995231628
Europe,Historical,EV stock share,Vans,EV,2019.0,percent,0.349999994039536
Europe,Historical,EV sales share,Vans,EV,2019.0,percent,1.29999995231628
Europe,Historical,EV stock share,Buses,EV,2019.0,percent,0.400000005960465
Europe,Historical,EV stock,Cars,PHEV,2019.0,Vehicles,800000.0
Europe,Historical,EV sales,Cars,PHEV,2019.0,Vehicles,210000.0
Europe,Historical,EV stock,Cars,FCEV,2019.0,Vehicles,1700.0
Europe,Historical,EV sales,Cars,FCEV,2019.0,Vehicles,610.0
Europe,Historical,EV stock,Cars,BEV,2019.0,Vehicles,970000.0
Europe,Historical,EV sales,Cars,BEV,2019.0,Vehicles,370000.0
Europe,Historical,EV stock,Vans,PHEV,2019.0,Vehicles,5200.0
Europe,Historical,EV sales,Vans,PHEV,2019.0,Vehicles,
Europe,Historical,EV stock,Vans,FCEV,2019.0,Vehicles,280.0
Europe,Historical,EV stock,Vans,BEV,2019.0,Vehicles,120000.0
Europe,Historical,EV sales,Buses,PHEV,2019.0,Vehicles,94.0
Europe,Historical,EV stock,Buses,FCEV,2019.0,Vehicles,85.0
Europe,Historical,EV stock,Buses,PHEV,2019.0,Vehicles,1000.0
Europe,Historical,EV sales,Vans,,2019.0,Vehicles,29000.0
Europe,Historical,EV sales,Buses,FCEV,2019.0,Vehicles,1.0
Europe,Historical,EV stock,Buses,BEV,2019.0,Vehicles,5100.0
Europe,Historical,EV sales,Buses,BEV,2019.0,Vehicles,1900.0
Europe,Historical,EV sales,Buses,BEV,2020.0,Vehicles,2400.0
Europe,Historical,EV stock,Buses,BEV,2020.0,Vehicles,7500.0
Europe,Historical,EV sales,Buses,,2020.0,Vehicles,
Europe,Historical,EV sales,Vans,BEV,2020.0,Vehicles,
Europe,Historical,EV stock,Buses,PHEV,2020.0,Vehicles,1100.0
Europe,Historical,EV stock,Buses,FCEV,2020.0,Vehicles,120.0
Europe,Historical,EV sales,Buses,PHEV,2020.0,Vehicles,130.0
Europe,Historical,EV stock,Vans,BEV,2020.0,Vehicles,150000.0
Europe,Historical,EV stock,Vans,FCEV,2020.0,Vehicles,300.0
Europe,Historical,EV sales,Vans,PHEV,2020.0,Vehicles,1100.0
Europe,Historical,EV stock,Vans,PHEV,2020.0,,7300.0
Europe,Historical,EV sales,Cars,BEV,2020.0,Vehicles,760000.0
Europe,Historical,EV stock,Cars,BEV,2020.0,Vehicles,1700000.0
Europe,Historical,EV sales,Cars,FCEV,2020.0,Vehicles,
Europe,Historical,EV stock,Cars,FCEV,2020.0,Vehicles,2400.0
Europe,Historical,EV sales,Cars,PHEV,2020.0,Vehicles,
Europe,Historical,EV stock,Cars,PHEV,,Vehicles,
Europe,Historical,EV stock share,Buses,EV,2020.0,percent,0.569999992847443
Europe,Historical,EV sales share,Vans,EV,2020.0,percent,2.09999990463257
Europe,Historical,EV stock share,Vans,,2020.0,percent,0.430000007152557
Europe,Historical,EV sales share,Buses,EV,2020.0,percent,4.69999980926514
Europe,Historical,EV sales share,Cars,EV,2020.0,percent,10.0
Europe,Historical,EV stock share,Cars,EV,2020.0,percent,1.10000002384186
Europe,Historical,EV stock share,Cars,EV,2021.0,percent,
Europe,Historical,EV sales share,Cars,EV,2021.0,percent,17.0
Europe,Historical,EV sales share,Buses,EV,2021.0,percent,6.69999980926514
Europe,Historical,EV stock share,Vans,EV,2021.0,percent,0.579999983310699
Europe,Historical,EV sales share,Vans,EV,2021.0,percent,2.90000009536743
Europe,Historical,EV stock share,Buses,EV,2021.0,percent,
Europe,Historical,EV stock,Cars,PHEV,2021.0,Vehicles,2500000.0
Europe,Historical,EV sales,Cars,PHEV,,Vehicles,1100000.0
Europe,Historical,EV stock,Cars,FCEV,2021.0,Vehicles,3400.0
Europe,Historical,EV sales,Cars,FCEV,2021.0,Vehicles,960.0
Europe,Historical,EV stock,Cars,BEV,2021.0,,2900000.0
Europe,Historical,EV sales,Cars,BEV,2021.0,Vehicles,1200000.0
Europe,Historical,EV stock,Vans,PHEV,2021.0,Vehicles,6900.0
Europe,Historical,EV sales,Vans,PHEV,2021.0,Vehicles,3500.0
Europe,Historical,EV stock,Vans,FCEV,2021.0,Vehicles,330.0
Europe,Historical,EV stock,Vans,BEV,2021.0,Vehicles,210000.0
Europe,Historical,EV sales,Vans,FCEV,2021.0,Vehicles,27.0
Europe,Historical,EV sales,Buses,PHEV,2021.0,Vehicles,140.0
Europe,Historical,EV stock,Buses,FCEV,2021.0,Vehicles,
Europe,Historical,EV stock,Buses,PHEV,2021.0,Vehicles,1300.0
Europe,Historical,EV sales,Vans,BEV,2021.0,Vehicles,60000.0
Europe,Historical,EV sales,Buses,FCEV,2021.0,Vehicles,90.0
Europe,Historical,EV stock,Buses,BEV,2021.0,Vehicles,10000.0
Europe,Historical,EV sales,Buses,BEV,2021.0,Vehicles,3900.0
Europe,Historical,EV sales,Buses,BEV,2022.0,Vehicles,5000.0
Europe,Historical,EV stock,Buses,BEV,2022.0,Vehicles,
Europe,Historical,EV sales,Buses,FCEV,2022.0,Vehicles,120.0
Europe,Historical,EV sales,Vans,,2022.0,Vehicles,90000.0
Europe,Historical,EV stock,Buses,PHEV,2022.0,Vehicles,
Europe,Historical,EV stock,Buses,FCEV,2022.0,Vehicles,250.0
Europe,Historical,EV sales,Buses,PHEV,2022.0,Vehicles,73.0
Europe,Historical,EV stock,Vans,BEV,2022.0,Vehicles,
Europe,Historical,EV stock,Vans,FCEV,2022.0,,320.0
Europe,Historical,EV sales,Vans,PHEV,2022.0,Vehicles,3300.0
Europe,Historical,EV stock,Vans,PHEV,2022.0,Vehicles,9000.0
Europe,Historical,EV sales,Cars,BEV,2022.0,Vehicles,1600000.0
Europe,Historical,EV stock,Cars,BEV,2022.0,Vehicles,4400000.0
Europe,Historical,EV sales,Cars,FCEV,2022.0,Vehicles,1300.0
Europe,Historical,EV stock,Cars,FCEV,2022.0,,4700.0
Europe,Historical,EV sales,Cars,PHEV,2022.0,Vehicles,1100000.0
Europe,Historical,EV stock,Cars,PHEV,2022.0,Vehicles,3400000.0
Europe,Historical,EV stock share,Buses,EV,2022.0,percent,1.10000002384186
Europe,Historical,EV sales share,Vans,EV,2022.0,percent,
Europe,Historical,EV stock share,Vans,EV,2022.0,percent,0.769999980926514
Europe,Historical,EV sales share,Buses,,2022.0,percent,9.19999980926514
Europe,Historical,EV sales share,Cars,EV,2022.0,percent,20.0
Europe,Historical,EV stock share,Cars,EV,2022.0,percent,
Europe,Historical,EV stock share,Cars,EV,2023.0,percent,3.79999995231628
Europe,Historical,EV sales share,Cars,EV,2023.0,percent,21.0
Europe,Historical,EV sales share,Buses,EV,2023.0,percent,14.0
Europe,Historical,EV stock share,Vans,EV,2023.0,percent,1.10000002384186
Europe,Historical,EV sales share,Vans,EV,2023.0,percent,7.19999980926514
Europe,Historical,EV stock share,Buses,EV,2023.0,percent,1.60000002384186
Europe,Historical,EV stock,Cars,PHEV,2023.0,Vehicles,4500000.0
Europe,Historical,EV sales,Cars,PHEV,2023.0,Vehicles,1100000.0
Europe,Historical,EV stock,Cars,FCEV,2023.0,Vehicles,5500.0
Europe,Historical,EV sales,Cars,FCEV,2023.0,Vehicles,820.0
Europe,Historical,EV stock,Cars,BEV,2023.0,Vehicles,6700000.0
Europe,Historical,EV sales,Cars,BEV,2023.0,Vehicles,2200000.0
Europe,Historical,EV stock,Vans,,2023.0,Vehicles,12000.0
Europe,Historical,EV sales,Vans,PHEV,2023.0,Vehicles,2400.0
Europe,Historical,EV stock,Vans,FCEV,2023.0,Vehicles,380.0
Europe,Historical,EV stock,Vans,BEV,2023.0,Vehicles,
Europe,Historical,EV sales,Vans,FCEV,2023.0,Vehicles,
Europe,Historical,EV sales,Buses,PHEV,2023.0,Vehicles,160.0
Europe,Historical,EV stock,Buses,FCEV,2023.0,Vehicles,560.0
Europe,Historical,EV stock,Buses,PHEV,2023.0,Vehicles,1200.0
Europe,Historical,EV sales,Vans,BEV,2023.0,Vehicles,150000.0
Europe,Historical,EV sales,Buses,FCEV,2023.0,Vehicles,
Europe,Historical,EV stock,Buses,BEV,2023.0,Vehicles,22000.0
Europe,Historical,EV sales,Buses,BEV,2023.0,Vehicles,8300.0
Finland,Historical,EV stock share,Cars,,2011.0,percent,0.002000000094995
Finland,Historical,EV sales share,Cars,EV,,percent,0.025000000372529
Finland,Historical,EV sales,Cars,BEV,2011.0,Vehicles,30.0
Finland,Historical,EV stock,Cars,BEV,2011.0,Vehicles,56.0
Finland,Historical,EV stock,Cars,,2012.0,Vehicles,110.0
Finland,Historical,EV sales,Cars,BEV,2012.0,Vehicles,51.0
Finland,Historical,EV sales,Cars,PHEV,2012.0,Vehicles,130.0
Finland,Historical,EV stock,Cars,PHEV,2012.0,Vehicles,130.0
Finland,Historical,EV sales share,Cars,EV,2012.0,,0.170000001788139
Finland,Historical,EV stock share,Cars,,2012.0,percent,0.008600000292063
Finland,Historical,EV stock share,Cars,EV,2013.0,percent,0.017000000923872
Finland,Historical,EV sales share,Cars,EV,2013.0,percent,0.209999993443489
Finland,Historical,EV stock,Cars,PHEV,2013.0,Vehicles,300.0
Finland,Historical,EV sales,Cars,PHEV,2013.0,Vehicles,170.0
Finland,Historical,EV sales,Cars,,2013.0,Vehicles,50.0
Finland,Historical,EV stock,Cars,BEV,2013.0,Vehicles,170.0
Finland,Historical,EV stock,Cars,BEV,2014.0,Vehicles,360.0
Finland,Historical,EV sales,Cars,,2014.0,Vehicles,180.0
Finland,Historical,EV sales,Cars,PHEV,,Vehicles,260.0
Finland,Historical,EV stock,Cars,PHEV,2014.0,Vehicles,570.0
Finland,Historical,EV sales share,Cars,EV,2014.0,percent,0.409999996423721
Finland,Historical,EV stock share,Cars,EV,2014.0,percent,0.034000001847744
Finland,Historical,EV stock share,Cars,,2015.0,percent,0.05799999833107
Finland,Historical,EV sales share,Cars,EV,2015.0,percent,0.600000023841858
Finland,Historical,EV stock,Cars,PHEV,2015.0,Vehicles,970.0
Finland,Historical,EV sales,Cars,PHEV,2015.0,Vehicles,420.0
Finland,Historical,EV sales,Cars,BEV,2015.0,Vehicles,240.0
Finland,Historical,EV stock,Cars,BEV,2015.0,Vehicles,610.0
Finland,Historical,EV stock,Cars,BEV,2016.0,Vehicles,840.0
Finland,Historical,EV sales,Cars,,2016.0,Vehicles,
Finland,Historical,EV sales,Cars,PHEV,2016.0,Vehicles,1200.0
Finland,Historical,EV stock,Cars,PHEV,2016.0,Vehicles,2400.0
Finland,Historical,EV stock,Buses,BEV,2016.0,Vehicles,13.0
Finland,Historical,EV stock,Buses,PHEV,2016.0,Vehicles,13.0
Finland,Historical,EV sales share,Cars,EV,2016.0,percent,1.20000004768372
Finland,Historical,EV stock share,Cars,EV,2016.0,percent,0.119999997317791
Finland,Historical,EV stock share,Buses,EV,2016.0,percent,0.239999994635582
Finland,Historical,EV stock share,Buses,EV,2017.0,percent,0.409999996423721
Finland,Historical,EV sales share,Vans,,2017.0,percent,0.319999992847443
Finland,Historical,EV stock share,Cars,EV,2017.0,percent,0.259999990463257
Finland,Historical,EV sales share,Cars,EV,2017.0,percent,2.59999990463257
Finland,Historical,EV stock share,Vans,EV,2017.0,percent,0.06700000166893
Finland,Historical,EV sales share,Buses,EV,2017.0,percent,
Finland,Historical,EV stock,Buses,PHEV,2017.0,Vehicles,22.0
Finland,Historical,EV sales,Vans,BEV,2017.0,Vehicles,49.0
Finland,Historical,EV stock,Vans,BEV,2017.0,Vehicles,210.0
Finland,Historical,EV stock,Buses,BEV,2017.0,Vehicles,22.0
Finland,Historical,EV sales,Buses,,2017.0,Vehicles,
Finland,Historical,EV stock,Cars,PHEV,2017.0,Vehicles,5700.0
Finland,Historical,EV sales,Cars,PHEV,2017.0,Vehicles,2600.0
Finland,Historical,EV sales,Cars,BEV,2017.0,Vehicles,500.0
Finland,Historical,EV stock,Cars,BEV,2017.0,Vehicles,1400.0
Finland,Historical,EV stock,Cars,BEV,2018.0,Vehicles,2400.0
Finland,Historical,EV sales,Cars,BEV,2018.0,Vehicles,780.0
Finland,Historical,EV sales,Cars,PHEV,2018.0,,4900.0
Finland,Historical,EV stock,Cars,PHEV,2018.0,Vehicles,13000.0
Finland,Historical,EV sales,Buses,BEV,2018.0,Vehicles,1.0
Finland,Historical,EV stock,Buses,BEV,2018.0,Vehicles,21.0
Finland,Historical,EV stock,Vans,BEV,2018.0,Vehicles,260.0
Finland,Historical,EV sales,Vans,,2018.0,Vehicles,55.0
Finland,Historical,EV stock,Buses,PHEV,2018.0,Vehicles,21.0
Finland,Historical,EV sales share,Buses,EV,2018.0,percent,0.200000002980232
Finland,Historical,EV stock share,Vans,EV,,percent,0.081000000238419
Finland,Historical,EV sales share,Cars,,,percent,4.69999980926514
Finland,Historical,EV stock share,Cars,EV,2018.0,percent,0.560000002384186
Finland,Historical,EV sales share,Vans,EV,2018.0,percent,
Finland,Historical,EV stock share,Buses,EV,2018.0,percent,0.379999995231628
Finland,Historical,EV stock share,Buses,EV,2019.0,percent,1.10000002384186
Finland,Historical,EV sales share,Vans,EV,2019.0,percent,0.409999996423721
Finland,Historical,EV sales share,Cars,EV,2019.0,,6.90000009536743
Finland,Historical,EV stock share,Vans,EV,,percent,0.109999999403954
Finland,Historical,EV stock share,Cars,EV,2019.0,percent,1.10000002384186
Finland,Historical,EV sales share,Buses,EV,2019.0,percent,6.80000019073486
Finland,Historical,EV stock,Buses,PHEV,2019.0,Vehicles,62.0
Finland,Historical,EV sales,Vans,BEV,2019.0,Vehicles,60.0
Finland,Historical,EV stock,Vans,BEV,2019.0,Vehicles,310.0
Finland,Historical,EV stock,Buses,BEV,2019.0,Vehicles,62.0
Finland,Historical,EV sales,Buses,BEV,2019.0,Vehicles,40.0
Finland,Historical,EV stock,Cars,PHEV,2019.0,Vehicles,25000.0
Finland,Historical,EV sales,Cars,PHEV,2019.0,Vehicles,6000.0
Finland,Historical,EV stock,Vans,PHEV,2019.0,Vehicles,39.0
Finland,Historical,EV stock,Cars,FCEV,2019.0,Vehicles,1.0
Finland,Historical,EV sales,Cars,BEV,2019.0,Vehicles,
Finland,Historical,EV stock,Cars,BEV,2019.0,Vehicles,4700.0
Finland,Historical,EV stock,Cars,BEV,2020.0,Vehicles,9700.0
Finland,Historical,EV sales,Cars,BEV,2020.0,Vehicles,4200.0
Finland,Historical,EV stock,Cars,,2020.0,,1.0
Finland,Historical,EV stock,Vans,PHEV,2020.0,Vehicles,110.0
Finland,Historical,EV sales,Cars,PHEV,2020.0,Vehicles,13000.0
Finland,Historical,EV stock,Cars,PHEV,2020.0,Vehicles,46000.0
Finland,Historical,EV sales,Buses,BEV,2020.0,Vehicles,25.0
Finland,Historical,EV stock,Buses,BEV,2020.0,Vehicles,87.0
Finland,Historical,EV stock,Vans,BEV,2020.0,Vehicles,440.0
Finland,Historical,EV sales,Vans,PHEV,,Vehicles,
Finland,Historical,EV sales,Vans,BEV,2020.0,Vehicles,170.0
Finland,Historical,EV sales share,Buses,EV,2020.0,percent,8.80000019073486
Finland,Historical,EV stock share,Cars,EV,2020.0,percent,2.0
Finland,Historical,EV stock share,Vans,EV,,percent,0.170000001788139
Finland,Historical,EV sales share,Cars,EV,2020.0,percent,18.0
Finland,Historical,EV sales share,Vans,EV,2020.0,percent,1.60000002384186
Finland,Historical,EV stock share,Buses,EV,2020.0,,0.779999971389771
Finland,Historical,EV stock share,Buses,EV,2021.0,,2.40000009536743
Finland,Historical,EV sales share,Vans,EV,2021.0,percent,2.79999995231628
Finland,Historical,EV sales share,Cars,EV,2021.0,percent,31.0
Finland,Historical,EV stock share,Vans,EV,2021.0,percent,0.300000011920929
Finland,Historical,EV stock share,Cars,EV,,percent,
Finland,Historical,EV sales share,Buses,EV,2021.0,percent,49.0
Finland,Historical,EV sales,Vans,BEV,2021.0,Vehicles,340.0
Finland,Historical,EV stock,Buses,PHEV,2021.0,Vehicles,2.0
Finland,Historical,EV sales,Vans,PHEV,2021.0,Vehicles,38.0
Finland,Historical,EV stock,Vans,BEV,2021.0,Vehicles,800.0
Finland,Historical,EV stock,Buses,BEV,2021.0,Vehicles,270.0
Finland,Historical,EV sales,Buses,BEV,2021.0,Vehicles,
Finland,Historical,EV stock,Cars,PHEV,2021.0,Vehicles,77000.0
Finland,Historical,EV sales,Cars,FCEV,2021.0,Vehicles,
Finland,Historical,EV sales,Cars,PHEV,2021.0,Vehicles,20000.0
Finland,Historical,EV stock,Vans,PHEV,2021.0,Vehicles,180.0
Finland,Historical,EV stock,Cars,,2021.0,Vehicles,1.0
Finland,Historical,EV sales,Cars,BEV,2021.0,Vehicles,10000.0
Finland,Historical,EV stock,Cars,BEV,2021.0,Vehicles,23000.0
Finland,Historical,EV stock,Cars,BEV,2022.0,Vehicles,45000.0
Finland,Historical,EV sales,Cars,BEV,2022.0,Vehicles,15000.0
Finland,Historical,EV stock,Cars,FCEV,2022.0,,2.0
Finland,Historical,EV stock,Vans,PHEV,2022.0,Vehicles,
Finland,Historical,EV sales,Cars,PHEV,2022.0,Vehicles,16000.0
Finland,Historical,EV stock,Cars,PHEV,2022.0,Vehicles,100000.0
Finland,Historical,EV sales,Buses,BEV,2022.0,,280.0
Finland,Historical,EV stock,Buses,BEV,2022.0,Vehicles,550.0
Finland,Historical,EV stock,Vans,,2022.0,Vehicles,1600.0
Finland,Historical,EV sales,Vans,PHEV,2022.0,Vehicles,27.0
Finland,Historical,EV stock,Buses,PHEV,2022.0,Vehicles,
Finland,Historical,EV sales,Vans,BEV,2022.0,Vehicles,680.0
Finland,Historical,EV sales share,Buses,EV,2022.0,percent,66.0
Finland,Historical,EV stock share,Cars,EV,2022.0,,
Finland,Historical,EV stock share,Vans,,2022.0,percent,0.569999992847443
Finland,Historical,EV sales share,Cars,EV,2022.0,,
Finland,Historical,EV sales share,Vans,EV,2022.0,percent,6.40000009536743
Finland,Historical,EV stock share,Buses,EV,2022.0,percent,4.90000009536743
Finland,Historical,EV stock share,Buses,,,percent,5.80000019073486
Finland,Historical,EV sales share,Vans,EV,2023.0,percent,15.0
Finland,Historical,EV sales share,Cars,EV,2023.0,percent,54.0
Finland,Historical,EV stock share,Vans,EV,2023.0,percent,1.10000002384186
Finland,Historical,EV stock share,Cars,EV,2023.0,percent,
Finland,Historical,EV sales share,Buses,EV,2023.0,percent,43.0
Finland,Historical,EV sales,Vans,BEV,2023.0,Vehicles,1600.0
Finland,Historical,EV stock,Buses,PHEV,2023.0,Vehicles,2.0
Finland,Historical,EV sales,Vans,PHEV,2023.0,Vehicles,14.0
Finland,Historical,EV stock,Vans,BEV,2023.0,Vehicles,3200.0
Finland,Historical,EV stock,Buses,BEV,2023.0,Vehicles,640.0
Finland,Historical,EV sales,Buses,,2023.0,Vehicles,
Finland,Historical,EV stock,Cars,PHEV,2023.0,Vehicles,140000.0
Finland,Historical,EV sales,Cars,PHEV,2023.0,Vehicles,18000.0
Finland,Historical,EV stock,Vans,PHEV,2023.0,Vehicles,
Finland,Historical,EV stock,Cars,FCEV,2023.0,Vehicles,2.0
Finland,Historical,EV sales,Cars,BEV,2023.0,Vehicles,30000.0
Finland,Historical,EV stock,Cars,BEV,2023.0,Vehicles,84000.0
France,Historical,EV sales,Buses,BEV,2010.0,Vehicles,16.0
France,Historical,EV stock,Buses,BEV,2010.0,Vehicles,
France,Historical,EV stock,Vans,PHEV,2010.0,Vehicles,210.0
France,Historical,EV sales,Cars,BEV,2010.0,Vehicles,190.0
France,Historical,EV stock,Cars,BEV,2010.0,Vehicles,
France,Historical,EV sales,Cars,PHEV,2010.0,Vehicles,
France,Historical,EV sales share,Buses,EV,2010.0,percent,0.28999999165535
France,Historical,EV stock share,Buses,EV,2010.0,percent,0.048000000417233
France,Historical,EV sales share,Vans,EV,2010.0,percent,0.189999997615814
France,Historical,EV stock share,Vans,EV,2010.0,percent,0.035999998450279
France,Historical,EV sales share,Cars,EV,2010.0,percent,0.012000000104308
France,Historical,EV stock,Vans,BEV,2010.0,Vehicles,1500.0
France,Historical,EV sales,Vans,BEV,2010.0,,800.0
France,Historical,EV stock share,Cars,EV,2010.0,percent,0.000929999980144
France,Historical,EV stock share,Cars,EV,2011.0,percent,0.009300000034273
France,Historical,EV sales share,Cars,EV,2011.0,percent,0.119999997317791
France,Historical,EV sales,Vans,BEV,2011.0,Vehicles,1700.0
France,Historical,EV stock,Vans,BEV,2011.0,Vehicles,3200.0
France,Historical,EV stock share,Vans,EV,2011.0,percent,0.059000000357628
France,Historical,EV sales share,Vans,EV,2011.0,percent,0.389999985694885
France,Historical,EV stock share,Buses,EV,2011.0,percent,0.068999998271465
France,Historical,EV sales share,Buses,EV,2011.0,percent,0.330000013113022
France,Historical,EV sales,Cars,,2011.0,,56.0
France,Historical,EV stock,Cars,BEV,2011.0,Vehicles,2900.0
France,Historical,EV sales,Cars,,2011.0,Vehicles,2600.0
France,Historical,EV stock,Vans,PHEV,2011.0,Vehicles,
France,Historical,EV stock,Cars,PHEV,2011.0,Vehicles,96.0
France,Historical,EV stock,Buses,,2011.0,Vehicles,64.0
France,Historical,EV sales,Buses,BEV,2011.0,Vehicles,21.0
France,Historical,EV sales,Buses,BEV,2012.0,Vehicles,25.0
France,Historical,EV stock,Cars,PHEV,2012.0,Vehicles,700.0
France,Historical,EV stock,Vans,PHEV,2012.0,Vehicles,300.0
France,Historical,EV sales,Cars,BEV,2012.0,Vehicles,5700.0
France,Historical,EV stock,Cars,BEV,2012.0,Vehicles,8600.0
France,Historical,EV sales,Cars,PHEV,2012.0,Vehicles,
France,Historical,EV sales share,Buses,EV,2012.0,percent,0.430000007152557
France,Historical,EV stock share,Buses,EV,2012.0,percent,0.098999999463558
France,Historical,EV sales share,Vans,EV,2012.0,percent,0.959999978542328
France,Historical,EV stock share,Vans,EV,2012.0,percent,
France,Historical,EV stock,Vans,BEV,2012.0,Vehicles,6800.0
France,Historical,EV sales,Vans,BEV,2012.0,Vehicles,3600.0
France,Historical,EV stock,Buses,BEV,2012.0,,92.0
France,Historical,EV stock,Vans,FCEV,2012.0,Vehicles,1.0
France,Historical,EV sales share,Cars,EV,2012.0,percent,0.330000013113022
France,Historical,EV stock share,Cars,EV,2012.0,percent,0.028000000864267
France,Historical,EV stock share,Cars,EV,2013.0,percent,0.05799999833107
France,Historical,EV sales share,Cars,EV,2013.0,percent,0.529999971389771
France,Historical,EV stock,Vans,FCEV,2013.0,Vehicles,1.0
France,Historical,EV stock,Buses,BEV,2013.0,Vehicles,120.0
France,Historical,EV sales,Vans,BEV,2013.0,Vehicles,
France,Historical,EV stock,Vans,BEV,2013.0,Vehicles,
France,Historical,EV sales,Vans,FCEV,2013.0,Vehicles,1.0
France,Historical,EV stock share,Vans,EV,2013.0,percent,
France,Historical,EV sales share,Vans,EV,2013.0,percent,
France,Historical,EV stock share,Buses,,2013.0,percent,0.119999997317791
France,Historical,EV sales share,Buses,EV,2013.0,percent,0.370000004768372
France,Historical,EV sales,Cars,PHEV,,Vehicles,850.0
France,Historical,EV stock,Cars,BEV,2013.0,Vehicles,17000.0
France,Historical,EV sales,Cars,BEV,2013.0,Vehicles,8900.0
France,Historical,EV sales,Cars,FCEV,2013.0,Vehicles,1.0
France,Historical,EV stock,Cars,FCEV,2013.0,Vehicles,1.0
France,Historical,EV stock,Vans,,2013.0,Vehicles,
France,Historical,EV stock,Cars,PHEV,2013.0,Vehicles,1500.0
France,Historical,EV sales,Buses,BEV,2013.0,Vehicles,
France,Historical,EV sales,Buses,BEV,2014.0,Vehicles,40.0
France,Historical,EV stock,Cars,PHEV,2014.0,Vehicles,3600.0
France,Historical,EV stock,Vans,PHEV,2014.0,Vehicles,430.0
France,Historical,EV stock,Cars,FCEV,2014.0,Vehicles,2.0
France,Historical,EV sales,Cars,FCEV,2014.0,Vehicles,1.0
France,Historical,EV sales,Cars,BEV,2014.0,Vehicles,11000.0
France,Historical,EV stock,Cars,BEV,2014.0,Vehicles,28000.0
France,Historical,EV sales,Cars,PHEV,2014.0,Vehicles,2100.0
France,Historical,EV sales share,Buses,EV,2014.0,percent,0.699999988079071
France,Historical,EV stock share,Buses,EV,,percent,0.159999996423721
France,Historical,EV sales share,Vans,EV,2014.0,percent,1.29999995231628
France,Historical,EV stock share,Vans,EV,2014.0,percent,0.280000001192093
France,Historical,EV sales,Vans,FCEV,2014.0,Vehicles,4.0
France,Historical,EV stock,Vans,,2014.0,Vehicles,16000.0
France,Historical,EV sales,Vans,BEV,2014.0,Vehicles,4500.0
France,Historical,EV stock,Buses,BEV,2014.0,Vehicles,150.0
France,Historical,EV stock,Vans,FCEV,2014.0,Vehicles,2.0
France,Historical,EV sales share,Cars,EV,2014.0,percent,0.689999997615814
France,Historical,EV stock share,Cars,EV,2014.0,percent,
France,Historical,EV stock share,Cars,EV,2015.0,percent,0.170000001788139
France,Historical,EV sales share,Cars,EV,,percent,
France,Historical,EV stock,Vans,FCEV,2015.0,Vehicles,55.0
France,Historical,EV stock,Buses,BEV,2015.0,Vehicles,
France,Historical,EV sales,Vans,BEV,2015.0,Vehicles,4900.0
France,Historical,EV stock,Vans,BEV,2015.0,Vehicles,21000.0
France,Historical,EV sales,Vans,FCEV,2015.0,Vehicles,
France,Historical,EV stock share,Vans,EV,2015.0,percent,0.370000004768372
France,Historical,EV sales share,Vans,EV,2015.0,percent,1.60000002384186
France,Historical,EV stock share,Buses,EV,2015.0,percent,0.189999997615814
France,Historical,EV sales share,Buses,EV,2015.0,percent,0.699999988079071
France,Historical,EV stock,Cars,BEV,2015.0,Vehicles,45000.0
France,Historical,EV sales,Cars,BEV,2015.0,Vehicles,18000.0
France,Historical,EV sales,Cars,FCEV,2015.0,Vehicles,
France,Historical,EV stock,Cars,FCEV,2015.0,Vehicles,
France,Historical,EV stock,Vans,PHEV,2015.0,Vehicles,630.0
France,Historical,EV sales,Vans,PHEV,2015.0,Vehicles,10.0
France,Historical,EV stock,Cars,,2015.0,Vehicles,9300.0
France,Historical,EV sales,Cars,PHEV,2015.0,Vehicles,5800.0
France,Historical,EV sales,Buses,BEV,2015.0,Vehicles,51.0
France,Historical,EV sales,Buses,BEV,2016.0,Vehicles,74.0
France,Historical,EV sales,Cars,PHEV,2016.0,Vehicles,
France,Historical,EV stock,Cars,PHEV,2016.0,Vehicles,17000.0
France,Historical,EV stock,Vans,PHEV,2016.0,Vehicles,1000.0
France,Historical,EV stock,Cars,FCEV,2016.0,,46.0
France,Historical,EV sales,Cars,FCEV,2016.0,Vehicles,34.0
France,Historical,EV sales,Cars,BEV,2016.0,Vehicles,23000.0
France,Historical,EV stock,Cars,BEV,2016.0,Vehicles,67000.0
France,Historical,EV sales share,Buses,EV,2016.0,percent,1.20000004768372
France,Historical,EV stock share,Buses,EV,2016.0,percent,
France,Historical,EV sales share,Vans,EV,2016.0,percent,1.89999997615814
France,Historical,EV stock share,Vans,EV,2016.0,percent,0.46000000834465
France,Historical,EV sales,Vans,FCEV,2016.0,Vehicles,
France,Historical,EV sales,Buses,PHEV,2016.0,Vehicles,1.0
France,Historical,EV stock,Vans,BEV,2016.0,Vehicles,27000.0
France,Historical,EV sales,Vans,BEV,2016.0,Vehicles,5500.0
France,Historical,EV stock,Buses,PHEV,2016.0,Vehicles,1.0
France,Historical,EV stock,Buses,BEV,2016.0,Vehicles,
France,Historical,EV stock,Vans,FCEV,2016.0,,150.0
France,Historical,EV sales share,Cars,EV,2016.0,percent,1.39999997615814
France,Historical,EV stock share,Cars,EV,2016.0,percent,0.259999990463257
France,Historical,EV stock share,Cars,EV,2017.0,percent,0.46000000834465
France,Historical,EV sales share,Cars,EV,2017.0,percent,1.70000004768372
France,Historical,EV stock,Vans,FCEV,2017.0,Vehicles,180.0
France,Historical,EV stock,Buses,BEV,2017.0,Vehicles,300.0
France,Historical,EV stock,Buses,PHEV,2017.0,Vehicles,1.0
France,Historical,EV sales,Vans,BEV,2017.0,Vehicles,6000.0
France,Historical,EV stock,Vans,BEV,,Vehicles,33000.0
France,Historical,EV sales,Vans,FCEV,2017.0,Vehicles,25.0
France,Historical,EV stock share,Vans,EV,2017.0,percent,0.560000002384186
France,Historical,EV sales share,Vans,EV,2017.0,percent,1.89999997615814
France,Historical,EV stock share,Buses,EV,2017.0,,0.300000011920929
France,Historical,EV sales share,Buses,EV,2017.0,percent,0.270000010728836
France,Historical,EV stock,Cars,BEV,2017.0,Vehicles,93000.0
France,Historical,EV sales,Cars,BEV,2017.0,Vehicles,26000.0
France,Historical,EV sales,Cars,FCEV,2017.0,Vehicles,46.0
France,Historical,EV stock,Cars,FCEV,2017.0,Vehicles,92.0
France,Historical,EV stock,Vans,PHEV,2017.0,,1600.0
France,Historical,EV stock,Cars,PHEV,2017.0,Vehicles,54000.0
France,Historical,EV sales,Cars,PHEV,2017.0,Vehicles,12000.0
France,Historical,EV sales,Buses,BEV,2017.0,,17.0
France,Historical,EV sales,Buses,BEV,2018.0,Vehicles,95.0
France,Historical,EV sales,Cars,PHEV,2018.0,Vehicles,15000.0
France,Historical,EV stock,Cars,PHEV,2018.0,Vehicles,68000.0
France,Historical,EV stock,Vans,PHEV,2018.0,Vehicles,2500.0
France,Historical,EV stock,Cars,FCEV,2018.0,Vehicles,100.0
France,Historical,EV sales,Cars,FCEV,2018.0,Vehicles,10.0
France,Historical,EV sales,Cars,BEV,2018.0,Vehicles,33000.0
France,Historical,EV stock,Cars,BEV,2018.0,Vehicles,120000.0
France,Historical,EV sales share,Buses,EV,2018.0,percent,
France,Historical,EV stock share,Buses,EV,2018.0,,0.389999985694885
France,Historical,EV sales share,Vans,EV,2018.0,percent,2.40000009536743
France,Historical,EV stock share,Vans,EV,2018.0,percent,0.699999988079071
France,Historical,EV sales,Vans,FCEV,2018.0,Vehicles,
France,Historical,EV stock,Vans,BEV,2018.0,Vehicles,41000.0
France,Historical,EV sales,Vans,BEV,2018.0,Vehicles,8200.0
France,Historical,EV stock,Buses,PHEV,2018.0,Vehicles,1.0
France,Historical,EV stock,Buses,BEV,,Vehicles,340.0
France,Historical,EV stock,Vans,FCEV,2018.0,,270.0
France,Historical,EV sales share,Cars,EV,,percent,2.0
France,Historical,EV stock share,Cars,EV,2018.0,percent,0.600000023841858
France,Historical,EV stock share,Cars,EV,2019.0,percent,0.660000026226044
France,Historical,EV sales share,Cars,EV,2019.0,percent,2.70000004768372
France,Historical,EV stock,Vans,FCEV,2019.0,Vehicles,270.0
France,Historical,EV stock,Buses,BEV,2019.0,Vehicles,570.0
France,Historical,EV stock,Buses,PHEV,2019.0,Vehicles,
France,Historical,EV sales,Vans,BEV,2019.0,Vehicles,8100.0
France,Historical,EV stock,Vans,BEV,2019.0,Vehicles,49000.0
France,Historical,EV stock share,Vans,EV,2019.0,percent,0.889999985694885
France,Historical,EV sales share,Vans,EV,2019.0,percent,
France,Historical,EV stock share,Buses,EV,2019.0,percent,
France,Historical,EV sales share,Buses,EV,2019.0,percent,4.19999980926514
France,Historical,EV stock,Cars,BEV,2019.0,Vehicles,170000.0
France,Historical,EV sales,Cars,BEV,2019.0,Vehicles,
France,Historical,EV sales,Cars,FCEV,2019.0,Vehicles,60.0
France,Historical,EV stock,Cars,FCEV,2019.0,Vehicles,170.0
France,Historical,EV stock,Vans,PHEV,2019.0,Vehicles,4200.0
France,Historical,EV sales,Vans,PHEV,2019.0,Vehicles,4.0
France,Historical,EV stock,Cars,,2019.0,Vehicles,
France,Historical,EV sales,Cars,,2019.0,Vehicles,19000.0
France,Historical,EV sales,Buses,BEV,2019.0,Vehicles,280.0
France,Historical,EV sales,Buses,BEV,2020.0,Vehicles,180.0
France,Historical,EV sales,Cars,PHEV,2020.0,Vehicles,75000.0
France,Historical,EV stock,Cars,PHEV,2020.0,Vehicles,160000.0
France,Historical,EV stock,Vans,PHEV,2020.0,,4200.0
France,Historical,EV stock,Cars,,2020.0,Vehicles,380.0
France,Historical,EV sales,Cars,FCEV,2020.0,Vehicles,210.0
France,Historical,EV sales,Cars,BEV,2020.0,Vehicles,110000.0
France,Historical,EV stock,Cars,BEV,2020.0,Vehicles,280000.0
France,Historical,EV sales share,Buses,EV,2020.0,percent,2.90000009536743
France,Historical,EV stock share,Buses,EV,2020.0,,0.779999971389771
France,Historical,EV sales share,Vans,EV,2020.0,percent,3.0
France,Historical,EV stock share,Vans,EV,2020.0,percent,1.0
France,Historical,EV stock,Vans,,2020.0,,58000.0
France,Historical,EV sales,Vans,BEV,2020.0,Vehicles,9200.0
France,Historical,EV stock,Buses,FCEV,2020.0,,3.0
France,Historical,EV stock,Buses,BEV,2020.0,Vehicles,690.0
France,Historical,EV stock,Vans,,2020.0,Vehicles,270.0
France,Historical,EV sales share,Cars,EV,2020.0,percent,11.0
France,Historical,EV stock share,Cars,EV,2020.0,percent,1.10000002384186
France,Historical,EV stock share,Cars,EV,2021.0,percent,
France,Historical,EV sales share,Cars,EV,2021.0,percent,17.0
France,Historical,EV stock,Vans,FCEV,2021.0,Vehicles,290.0
France,Historical,EV stock,Buses,BEV,2021.0,Vehicles,1300.0
France,Historical,EV sales,Buses,FCEV,2021.0,Vehicles,1.0
France,Historical,EV stock,Buses,FCEV,2021.0,Vehicles,4.0
France,Historical,EV stock,Buses,PHEV,2021.0,Vehicles,70.0
France,Historical,EV sales,Vans,BEV,2021.0,Vehicles,12000.0
France,Historical,EV stock,Vans,BEV,2021.0,Vehicles,69000.0
France,Historical,EV sales,Vans,FCEV,2021.0,Vehicles,20.0
France,Historical,EV stock share,Vans,EV,2021.0,percent,1.10000002384186
France,Historical,EV sales share,Vans,,2021.0,percent,3.0
France,Historical,EV stock share,Buses,EV,2021.0,percent,1.5
France,Historical,EV sales share,Buses,EV,2021.0,percent,9.19999980926514
France,Historical,EV stock,Cars,BEV,2021.0,Vehicles,440000.0
France,Historical,EV sales,Cars,BEV,2021.0,Vehicles,170000.0
France,Historical,EV sales,Cars,FCEV,2021.0,Vehicles,14.0
France,Historical,EV stock,Cars,FCEV,2021.0,Vehicles,400.0
France,Historical,EV stock,Vans,,2021.0,Vehicles,1500.0
France,Historical,EV sales,Vans,PHEV,2021.0,Vehicles,
France,Historical,EV stock,Cars,,2021.0,Vehicles,300000.0
France,Historical,EV sales,Cars,PHEV,2021.0,Vehicles,140000.0
France,Historical,EV sales,Buses,BEV,2021.0,Vehicles,620.0
France,Historical,EV sales,Buses,BEV,2022.0,Vehicles,800.0
France,Historical,EV sales,Cars,PHEV,2022.0,Vehicles,130000.0
France,Historical,EV stock,Cars,PHEV,2022.0,Vehicles,430000.0
France,Historical,EV sales,Vans,PHEV,2022.0,Vehicles,520.0
France,Historical,EV stock,Vans,FCEV,2022.0,Vehicles,270.0
France,Historical,EV stock,Vans,PHEV,2022.0,Vehicles,990.0
France,Historical,EV stock,Cars,FCEV,2022.0,Vehicles,590.0
France,Historical,EV sales,Cars,FCEV,2022.0,Vehicles,200.0
France,Historical,EV sales,Cars,BEV,2022.0,,210000.0
France,Historical,EV stock,Cars,BEV,2022.0,Vehicles,620000.0
France,Historical,EV sales share,Buses,EV,2022.0,percent,14.0
France,Historical,EV stock share,Buses,EV,2022.0,percent,1.89999997615814
France,Historical,EV sales share,Vans,EV,2022.0,percent,4.90000009536743
France,Historical,EV stock share,Vans,EV,2022.0,percent,1.20000004768372
France,Historical,EV sales,Buses,PHEV,2022.0,Vehicles,2.0
France,Historical,EV stock,Vans,BEV,2022.0,Vehicles,74000.0
France,Historical,EV sales,Vans,BEV,2022.0,Vehicles,16000.0
France,Historical,EV stock,Buses,PHEV,2022.0,Vehicles,70.0
France,Historical,EV stock,Buses,FCEV,2022.0,Vehicles,1.0
France,Historical,EV stock,Buses,,2022.0,Vehicles,1700.0
France,Historical,EV sales share,Cars,EV,2022.0,percent,20.0
France,Historical,EV stock share,Cars,EV,2022.0,percent,2.79999995231628
France,Historical,EV stock share,Cars,EV,2023.0,percent,4.09999990463257
France,Historical,EV sales share,Cars,EV,2023.0,percent,25.0
France,Historical,EV stock,Buses,BEV,2023.0,Vehicles,2100.0
France,Historical,EV sales,Buses,FCEV,2023.0,Vehicles,22.0
France,Historical,EV stock,Buses,FCEV,,Vehicles,23.0
France,Historical,EV stock,Buses,PHEV,2023.0,Vehicles,3.0
France,Historical,EV sales,Vans,BEV,2023.0,Vehicles,30000.0
France,Historical,EV stock,Vans,BEV,,Vehicles,81000.0
France,Historical,EV stock share,Vans,EV,2023.0,percent,1.29999995231628
France,Historical,EV sales share,Vans,EV,2023.0,percent,7.59999990463257
France,Historical,EV stock share,Buses,EV,2023.0,,2.29999995231628
France,Historical,EV sales share,Buses,,2023.0,percent,13.0
France,Historical,EV stock,Cars,BEV,2023.0,Vehicles,
France,Historical,EV sales,Cars,BEV,2023.0,Vehicles,310000.0
France,Historical,EV sales,Cars,FCEV,2023.0,Vehicles,310.0
France,Historical,EV stock,Cars,FCEV,2023.0,,890.0
France,Historical,EV stock,Vans,PHEV,2023.0,,1600.0
France,Historical,EV stock,Vans,FCEV,2023.0,Vehicles,
France,Historical,EV sales,Vans,PHEV,2023.0,,220.0
France,Historical,EV stock,Cars,PHEV,2023.0,Vehicles,590000.0
France,Historical,EV sales,Cars,PHEV,2023.0,Vehicles,160000.0
France,Historical,EV sales,Buses,BEV,2023.0,Vehicles,740.0
Germany,Historical,EV sales,Vans,FCEV,2010.0,Vehicles,2.0
Germany,Historical,EV sales,Vans,BEV,2010.0,Vehicles,
Germany,Historical,EV stock,Vans,BEV,2010.0,Vehicles,220.0
Germany,Historical,EV stock,Vans,FCEV,2010.0,,2.0
Germany,Historical,EV stock,Cars,,2010.0,Vehicles,19.0
Germany,Historical,EV sales share,Vans,EV,,percent,0.086999997496605
Germany,Historical,EV sales,Cars,BEV,2010.0,Vehicles,140.0
Germany,Historical,EV stock,Cars,BEV,2010.0,Vehicles,250.0
Germany,Historical,EV sales,Cars,FCEV,2010.0,Vehicles,16.0
Germany,Historical,EV stock share,Vans,EV,2010.0,percent,0.012000000104308
Germany,Historical,EV sales share,Cars,EV,2010.0,percent,0.004900000058115
Germany,Historical,EV stock share,Cars,EV,2010.0,percent,0.000579999992624
Germany,Historical,EV stock share,Cars,EV,2011.0,percent,0.004399999976158
Germany,Historical,EV sales share,Cars,EV,,percent,
Germany,Historical,EV stock share,Vans,EV,,percent,0.024000000208616
Germany,Historical,EV sales,Cars,FCEV,2011.0,Vehicles,38.0
Germany,Historical,EV stock,Cars,BEV,2011.0,Vehicles,1600.0
Germany,Historical,EV sales,Cars,,2011.0,Vehicles,1400.0
Germany,Historical,EV stock,Cars,,2011.0,Vehicles,
Germany,Historical,EV sales share,Vans,EV,2011.0,percent,0.119999997317791
Germany,Historical,EV stock,Cars,FCEV,2011.0,Vehicles,57.0
Germany,Historical,EV sales,Cars,PHEV,2011.0,Vehicles,240.0
Germany,Historical,EV stock,Vans,FCEV,2011.0,Vehicles,2.0
Germany,Historical,EV stock,Vans,BEV,2011.0,Vehicles,500.0
Germany,Historical,EV sales,Vans,BEV,2011.0,Vehicles,280.0
Germany,Historical,EV sales,Vans,BEV,2012.0,Vehicles,950.0
Germany,Historical,EV stock,Vans,BEV,2012.0,Vehicles,1400.0
Germany,Historical,EV stock,Vans,FCEV,2012.0,Vehicles,2.0
Germany,Historical,EV sales,Cars,PHEV,2012.0,Vehicles,1200.0
Germany,Historical,EV stock,Cars,FCEV,2012.0,Vehicles,
Germany,Historical,EV sales share,Vans,EV,2012.0,percent,0.430000007152557
Germany,Historical,EV stock,Cars,PHEV,2012.0,Vehicles,
Germany,Historical,EV sales,Cars,BEV,2012.0,Vehicles,2200.0
Germany,Historical,EV stock,Cars,BEV,2012.0,Vehicles,3900.0
Germany,Historical,EV sales,Cars,FCEV,2012.0,Vehicles,
Germany,Historical,EV stock share,Vans,EV,2012.0,,0.06700000166893
Germany,Historical,EV sales share,Cars,EV,2012.0,percent,
Germany,Historical,EV stock share,Cars,EV,2012.0,percent,0.012000000104308
Germany,Historical,EV stock share,Cars,EV,2013.0,percent,0.028000000864267
Germany,Historical,EV sales share,Cars,EV,2013.0,percent,
Germany,Historical,EV stock share,Vans,EV,2013.0,percent,0.093000002205372
Germany,Historical,EV sales share,Vans,EV,2013.0,percent,0.28999999165535
Germany,Historical,EV sales,Cars,FCEV,2013.0,Vehicles,23.0
Germany,Historical,EV stock,Cars,BEV,2013.0,Vehicles,
Germany,Historical,EV sales,Cars,BEV,,Vehicles,5200.0
Germany,Historical,EV stock,Cars,PHEV,2013.0,Vehicles,3000.0
Germany,Historical,EV stock,Cars,FCEV,2013.0,Vehicles,110.0
Germany,Historical,EV sales,Cars,PHEV,,Vehicles,
Germany,Historical,EV stock,Vans,FCEV,2013.0,Vehicles,
Germany,Historical,EV stock,Vans,BEV,2013.0,Vehicles,2000.0
Germany,Historical,EV sales,Vans,BEV,2013.0,Vehicles,600.0
Germany,Historical,EV sales,Vans,PHEV,2013.0,Vehicles,2.0
Germany,Historical,EV stock,Vans,PHEV,2013.0,,2.0
Germany,Historical,EV stock,Vans,PHEV,2014.0,Vehicles,2.0
Germany,Historical,EV sales,Vans,BEV,2014.0,Vehicles,720.0
Germany,Historical,EV stock,Vans,BEV,2014.0,Vehicles,2800.0
Germany,Historical,EV stock,Vans,FCEV,2014.0,Vehicles,2.0
Germany,Historical,EV sales,Cars,PHEV,2014.0,Vehicles,4400.0
Germany,Historical,EV stock,Cars,FCEV,2014.0,Vehicles,120.0
Germany,Historical,EV sales,Cars,BEV,2014.0,Vehicles,9100.0
Germany,Historical,EV stock,Cars,BEV,2014.0,Vehicles,18000.0
Germany,Historical,EV sales,Cars,FCEV,2014.0,Vehicles,8.0
Germany,Historical,EV sales share,Vans,EV,2014.0,percent,0.319999992847443
Germany,Historical,EV stock share,Vans,EV,2014.0,percent,0.119999997317791
Germany,Historical,EV sales share,Cars,EV,2014.0,percent,0.449999988079071
Germany,Historical,EV stock share,Cars,EV,2014.0,percent,0.056000001728535
Germany,Historical,EV stock,Cars,PHEV,2014.0,Vehicles,7400.0
Germany,Historical,EV stock,Cars,PHEV,2015.0,Vehicles,19000.0
Germany,Historical,EV stock share,Cars,EV,2015.0,percent,0.097000002861023
Germany,Historical,EV sales share,Cars,EV,2015.0,percent,0.730000019073486
Germany,Historical,EV stock share,Vans,EV,2015.0,percent,0.159999996423721
Germany,Historical,EV sales share,Vans,EV,2015.0,percent,
Germany,Historical,EV sales,Cars,FCEV,2015.0,Vehicles,63.0
Germany,Historical,EV stock,Cars,BEV,2015.0,Vehicles,26000.0
Germany,Historical,EV sales,Cars,BEV,2015.0,Vehicles,12000.0
Germany,Historical,EV stock,Cars,FCEV,2015.0,Vehicles,180.0
Germany,Historical,EV sales,Cars,PHEV,2015.0,Vehicles,11000.0
Germany,Historical,EV stock,Vans,FCEV,2015.0,Vehicles,2.0
Germany,Historical,EV stock,Vans,BEV,2015.0,Vehicles,3800.0
Germany,Historical,EV sales,Vans,BEV,2015.0,Vehicles,1000.0
Germany,Historical,EV stock,Vans,PHEV,2015.0,Vehicles,4.0
Germany,Historical,EV sales,Vans,PHEV,2015.0,Vehicles,2.0
Germany,Historical,EV stock,Vans,PHEV,2016.0,Vehicles,4.0
Germany,Historical,EV sales,Vans,,2016.0,Vehicles,2400.0
Germany,Historical,EV stock,Buses,PHEV,2016.0,Vehicles,120.0
Germany,Historical,EV stock,Vans,BEV,2016.0,Vehicles,6200.0
Germany,Historical,EV sales,Buses,PHEV,2016.0,Vehicles,
Germany,Historical,EV sales,Buses,BEV,2016.0,Vehicles,110.0
Germany,Historical,EV stock,Buses,BEV,2016.0,Vehicles,110.0
Germany,Historical,EV sales,Buses,FCEV,2016.0,Vehicles,
Germany,Historical,EV sales,Cars,PHEV,2016.0,Vehicles,13000.0
Germany,Historical,EV stock,Cars,FCEV,2016.0,Vehicles,
Germany,Historical,EV sales share,Buses,EV,2016.0,percent,3.40000009536743
Germany,Historical,EV stock share,Buses,,2016.0,percent,0.28999999165535
Germany,Historical,EV sales,Cars,BEV,2016.0,,
Germany,Historical,EV stock,Cars,BEV,2016.0,Vehicles,34000.0
Germany,Historical,EV sales share,Vans,EV,2016.0,,
Germany,Historical,EV stock share,Vans,EV,2016.0,percent,0.25
Germany,Historical,EV sales share,Cars,EV,2016.0,percent,0.740000009536743
Germany,Historical,EV stock share,Cars,EV,2016.0,percent,0.140000000596046
Germany,Historical,EV stock,Cars,PHEV,2016.0,Vehicles,
Germany,Historical,EV stock,Cars,PHEV,2017.0,,50000.0
Germany,Historical,EV stock share,Cars,EV,2017.0,percent,0.219999998807907
Germany,Historical,EV sales share,Cars,EV,2017.0,percent,1.60000002384186
Germany,Historical,EV stock share,Vans,EV,2017.0,percent,0.439999997615814
Germany,Historical,EV sales share,Vans,EV,2017.0,percent,1.70000004768372
Germany,Historical,EV stock,Cars,BEV,2017.0,Vehicles,54000.0
Germany,Historical,EV sales,Cars,FCEV,2017.0,Vehicles,82.0
Germany,Historical,EV sales,Cars,BEV,2017.0,Vehicles,25000.0
Germany,Historical,EV stock share,Buses,EV,2017.0,percent,0.330000013113022
Germany,Historical,EV sales share,Buses,EV,2017.0,percent,0.430000007152557
Germany,Historical,EV stock,Cars,,2017.0,Vehicles,
Germany,Historical,EV sales,Cars,PHEV,2017.0,Vehicles,29000.0
Germany,Historical,EV stock,Buses,,2017.0,Vehicles,140.0
Germany,Historical,EV sales,Buses,BEV,2017.0,Vehicles,29.0
Germany,Historical,EV sales,Buses,FCEV,2017.0,Vehicles,8.0
Germany,Historical,EV stock,Vans,BEV,2017.0,Vehicles,11000.0
Germany,Historical,EV stock,Buses,PHEV,2017.0,Vehicles,
Germany,Historical,EV sales,Vans,BEV,2017.0,Vehicles,4500.0
Germany,Historical,EV stock,Vans,,2017.0,Vehicles,4.0
Germany,Historical,EV stock,Vans,PHEV,2018.0,Vehicles,4.0
Germany,Historical,EV sales,Vans,BEV,2018.0,Vehicles,6000.0
Germany,Historical,EV stock,Buses,PHEV,2018.0,Vehicles,120.0
Germany,Historical,EV stock,Vans,BEV,2018.0,Vehicles,17000.0
Germany,Historical,EV sales,Buses,BEV,2018.0,Vehicles,43.0
Germany,Historical,EV stock,Buses,BEV,2018.0,Vehicles,160.0
Germany,Historical,EV sales,Cars,PHEV,2018.0,Vehicles,
Germany,Historical,EV stock,Cars,FCEV,2018.0,Vehicles,370.0
Germany,Historical,EV sales share,Buses,EV,2018.0,percent,0.639999985694885
Germany,Historical,EV stock share,Buses,EV,2018.0,percent,
Germany,Historical,EV sales,Cars,BEV,2018.0,Vehicles,36000.0
Germany,Historical,EV sales,Cars,FCEV,2018.0,Vehicles,110.0
Germany,Historical,EV stock,Cars,BEV,2018.0,Vehicles,83000.0
Germany,Historical,EV sales share,Vans,EV,2018.0,percent,2.20000004768372
Germany,Historical,EV stock share,Vans,,2018.0,percent,0.610000014305115
Germany,Historical,EV sales share,Cars,,2018.0,percent,2.0
Germany,Historical,EV stock share,Cars,EV,2018.0,percent,0.349999994039536
Germany,Historical,EV stock,Cars,PHEV,2018.0,Vehicles,82000.0
Germany,Historical,EV stock,Cars,,2019.0,Vehicles,
Germany,Historical,EV stock share,Cars,EV,2019.0,percent,0.5
Germany,Historical,EV sales share,Cars,EV,2019.0,percent,3.0
Germany,Historical,EV stock share,Vans,EV,2019.0,percent,0.769999980926514
Germany,Historical,EV sales share,Vans,EV,2019.0,percent,2.29999995231628
Germany,Historical,EV stock,Cars,BEV,2019.0,Vehicles,140000.0
Germany,Historical,EV sales,Cars,FCEV,2019.0,Vehicles,200.0
Germany,Historical,EV sales,Cars,BEV,,Vehicles,63000.0
Germany,Historical,EV stock,Vans,PHEV,2019.0,Vehicles,4.0
Germany,Historical,EV stock share,Buses,EV,2019.0,percent,0.639999985694885
Germany,Historical,EV sales share,Buses,EV,2019.0,percent,3.09999990463257
Germany,Historical,EV stock,Cars,FCEV,2019.0,Vehicles,540.0
Germany,Historical,EV sales,Cars,PHEV,2019.0,Vehicles,45000.0
Germany,Historical,EV stock,Buses,BEV,2019.0,Vehicles,380.0
Germany,Historical,EV sales,Buses,BEV,2019.0,Vehicles,190.0
Germany,Historical,EV stock,Vans,BEV,2019.0,Vehicles,22000.0
Germany,Historical,EV stock,Buses,,2019.0,Vehicles,120.0
Germany,Historical,EV sales,Vans,BEV,2019.0,Vehicles,6700.0
Germany,Historical,EV stock,Buses,FCEV,2019.0,Vehicles,24.0
Germany,Historical,EV stock,Buses,FCEV,2020.0,Vehicles,49.0
Germany,Historical,EV sales,Buses,FCEV,2020.0,Vehicles,38.0
Germany,Historical,EV sales,Vans,BEV,2020.0,Vehicles,8800.0
Germany,Historical,EV stock,Buses,PHEV,2020.0,Vehicles,130.0
Germany,Historical,EV stock,Vans,BEV,2020.0,Vehicles,25000.0
Germany,Historical,EV stock,Vans,FCEV,2020.0,Vehicles,
Germany,Historical,EV sales,Vans,PHEV,2020.0,Vehicles,
Germany,Historical,EV sales,Buses,BEV,2020.0,Vehicles,390.0
Germany,Historical,EV stock,Buses,BEV,2020.0,Vehicles,760.0
Germany,Historical,EV sales,Cars,PHEV,2020.0,Vehicles,200000.0
Germany,Historical,EV stock,Cars,FCEV,2020.0,Vehicles,
Germany,Historical,EV sales share,Buses,EV,2020.0,percent,6.09999990463257
Germany,Historical,EV stock share,Buses,EV,2020.0,percent,1.20000004768372
Germany,Historical,EV stock,Vans,PHEV,2020.0,Vehicles,
Germany,Historical,EV sales,Cars,BEV,2020.0,Vehicles,190000.0
Germany,Historical,EV sales,Cars,FCEV,2020.0,Vehicles,200.0
Germany,Historical,EV stock,Cars,BEV,2020.0,Vehicles,310000.0
Germany,Historical,EV sales share,Vans,EV,2020.0,percent,3.5
Germany,Historical,EV stock share,Vans,EV,2020.0,percent,0.839999973773956
Germany,Historical,EV sales share,Cars,EV,2020.0,percent,14.0
Germany,Historical,EV stock share,Cars,,2020.0,percent,
Germany,Historical,EV stock,Cars,PHEV,2020.0,Vehicles,300000.0
Germany,Historical,EV stock,Cars,PHEV,2021.0,Vehicles,630000.0
Germany,Historical,EV stock share,Cars,EV,2021.0,percent,2.59999990463257
Germany,Historical,EV sales share,Cars,EV,2021.0,percent,26.0
Germany,Historical,EV stock share,Vans,EV,2021.0,percent,1.29999995231628
Germany,Historical,EV sales share,Vans,EV,2021.0,percent,5.09999990463257
Germany,Historical,EV stock,Cars,,2021.0,,620000.0
Germany,Historical,EV sales,Cars,FCEV,2021.0,Vehicles,460.0
Germany,Historical,EV sales,Cars,BEV,2021.0,Vehicles,360000.0
Germany,Historical,EV stock,Vans,PHEV,2021.0,Vehicles,500.0
Germany,Historical,EV stock share,Buses,EV,2021.0,percent,
Germany,Historical,EV sales share,Buses,EV,2021.0,percent,9.5
Germany,Historical,EV stock,Cars,FCEV,2021.0,Vehicles,1200.0
Germany,Historical,EV sales,Cars,PHEV,2021.0,Vehicles,330000.0
Germany,Historical,EV stock,Buses,BEV,2021.0,Vehicles,1300.0
Germany,Historical,EV sales,Buses,BEV,2021.0,Vehicles,
Germany,Historical,EV sales,Vans,PHEV,2021.0,Vehicles,310.0
Germany,Historical,EV sales,Vans,FCEV,2021.0,Vehicles,5.0
Germany,Historical,EV stock,Vans,FCEV,2021.0,Vehicles,16.0
Germany,Historical,EV stock,Vans,BEV,2021.0,Vehicles,41000.0
Germany,Historical,EV stock,Buses,PHEV,2021.0,Vehicles,130.0
Germany,Historical,EV sales,Vans,BEV,2021.0,Vehicles,
Germany,Historical,EV sales,Buses,,2021.0,Vehicles,33.0
Germany,Historical,EV stock,Buses,FCEV,2021.0,Vehicles,87.0
Germany,Historical,EV sales,Buses,PHEV,2021.0,Vehicles,5.0
Germany,Historical,EV sales,Buses,PHEV,2022.0,Vehicles,15.0
Germany,Historical,EV stock,Buses,FCEV,2022.0,Vehicles,
Germany,Historical,EV sales,Buses,FCEV,2022.0,Vehicles,21.0
Germany,Historical,EV sales,Vans,BEV,2022.0,Vehicles,18000.0
Germany,Historical,EV stock,Buses,PHEV,2022.0,Vehicles,130.0
Germany,Historical,EV stock,Vans,BEV,2022.0,Vehicles,53000.0
Germany,Historical,EV stock,Vans,FCEV,2022.0,Vehicles,16.0
Germany,Historical,EV sales,Vans,PHEV,2022.0,Vehicles,770.0
Germany,Historical,EV sales,Buses,BEV,2022.0,Vehicles,
Germany,Historical,EV stock,Buses,BEV,2022.0,Vehicles,1700.0
Germany,Historical,EV sales,Cars,PHEV,2022.0,Vehicles,360000.0
Germany,Historical,EV stock,Cars,FCEV,2022.0,Vehicles,2100.0
Germany,Historical,EV sales share,Buses,EV,2022.0,percent,13.0
Germany,Historical,EV stock share,Buses,EV,2022.0,percent,2.29999995231628
Germany,Historical,EV stock,Vans,PHEV,2022.0,,
Germany,Historical,EV sales,Cars,BEV,2022.0,Vehicles,470000.0
Germany,Historical,EV sales,Cars,FCEV,2022.0,Vehicles,840.0
Germany,Historical,EV stock,Cars,BEV,2022.0,Vehicles,1000000.0
Germany,Historical,EV sales share,Vans,EV,2022.0,percent,8.30000019073486
Germany,Historical,EV stock share,Vans,EV,2022.0,percent,1.70000004768372
Germany,Historical,EV sales share,Cars,EV,2022.0,percent,31.0
Germany,Historical,EV stock share,Cars,EV,2022.0,,
Germany,Historical,EV stock,Cars,,2022.0,Vehicles,860000.0
Germany,Historical,EV stock,Cars,PHEV,2023.0,Vehicles,1000000.0
Germany,Historical,EV stock share,Cars,EV,2023.0,percent,5.40000009536743
Germany,Historical,EV sales share,Cars,EV,2023.0,percent,24.0
Germany,Historical,EV stock share,Vans,EV,2023.0,percent,2.79999995231628
Germany,Historical,EV sales share,Vans,,2023.0,percent,9.69999980926514
Germany,Historical,EV stock,Cars,BEV,2023.0,Vehicles,1500000.0
Germany,Historical,EV sales,Cars,FCEV,2023.0,Vehicles,260.0
Germany,Historical,EV sales,Cars,BEV,2023.0,Vehicles,520000.0
Germany,Historical,EV stock,Vans,PHEV,2023.0,Vehicles,1600.0
Germany,Historical,EV stock share,Buses,EV,2023.0,percent,3.79999995231628
Germany,Historical,EV sales share,Buses,EV,2023.0,percent,15.0
Germany,Historical,EV stock,Cars,FCEV,2023.0,Vehicles,2400.0
Germany,Historical,EV sales,Cars,PHEV,2023.0,Vehicles,180000.0
Germany,Historical,EV stock,Buses,BEV,,Vehicles,2800.0
Germany,Historical,EV sales,Buses,BEV,2023.0,Vehicles,840.0
Germany,Historical,EV sales,Vans,PHEV,2023.0,Vehicles,360.0
Germany,Historical,EV sales,Vans,FCEV,2023.0,,48.0
Germany,Historical,EV stock,Vans,FCEV,2023.0,Vehicles,55.0
Germany,Historical,EV stock,Vans,BEV,2023.0,Vehicles,
Germany,Historical,EV stock,Buses,PHEV,2023.0,Vehicles,140.0
Germany,Historical,EV sales,Vans,BEV,2023.0,Vehicles,
Germany,Historical,EV sales,Buses,FCEV,2023.0,Vehicles,43.0
Germany,Historical,EV stock,Buses,FCEV,2023.0,Vehicles,160.0
Germany,Historical,EV sales,Buses,PHEV,2023.0,Vehicles,5.0
Greece,Historical,EV stock share,Cars,EV,2013.0,percent,6.70000008540228e-05
Greece,Historical,EV sales share,Cars,,2013.0,,0.005100000184029
Greece,Historical,EV sales,Cars,BEV,2013.0,Vehicles,3.0
Greece,Historical,EV stock,Cars,BEV,2013.0,Vehicles,3.0
Greece,Historical,EV stock,Cars,BEV,2014.0,Vehicles,42.0
Greece,Historical,EV sales,Cars,BEV,2014.0,Vehicles,
Greece,Historical,EV sales share,Cars,EV,2014.0,percent,0.054999999701977
Greece,Historical,EV stock share,Cars,EV,2014.0,percent,0.000950000016019
Greece,Historical,EV stock share,Cars,EV,2015.0,percent,0.002700000070035
Greece,Historical,EV stock,Cars,PHEV,2015.0,Vehicles,22.0
Greece,Historical,EV sales share,Cars,EV,2015.0,percent,0.078000001609325
Greece,Historical,EV sales,Cars,BEV,2015.0,Vehicles,
Greece,Historical,EV stock,Cars,BEV,2015.0,Vehicles,97.0
Greece,Historical,EV sales,Cars,,2015.0,Vehicles,22.0
Greece,Historical,EV sales,Cars,PHEV,2016.0,Vehicles,56.0
Greece,Historical,EV stock,Cars,BEV,2016.0,Vehicles,
Greece,Historical,EV sales,Cars,BEV,2016.0,Vehicles,41.0
Greece,Historical,EV sales share,Cars,EV,2016.0,percent,0.119999997317791
Greece,Historical,EV stock,Cars,PHEV,2016.0,Vehicles,78.0
Greece,Historical,EV stock share,Cars,,2016.0,percent,0.004999999888241
Greece,Historical,EV stock share,Cars,EV,2017.0,percent,0.009600000455976
Greece,Historical,EV stock,Cars,PHEV,2017.0,Vehicles,220.0
Greece,Historical,EV sales share,Cars,EV,2017.0,percent,0.219999998807907
Greece,Historical,EV sales,Cars,BEV,2017.0,Vehicles,50.0
Greece,Historical,EV stock,Cars,BEV,2017.0,Vehicles,190.0
Greece,Historical,EV sales,Cars,PHEV,,Vehicles,140.0
Greece,Historical,EV sales,Cars,PHEV,2018.0,Vehicles,210.0
Greece,Historical,EV stock,Cars,,2018.0,Vehicles,280.0
Greece,Historical,EV sales,Cars,BEV,2018.0,Vehicles,88.0
Greece,Historical,EV sales share,Cars,EV,2018.0,percent,0.28999999165535
Greece,Historical,EV stock,Cars,PHEV,2018.0,Vehicles,440.0
Greece,Historical,EV stock share,Cars,EV,2018.0,,
Greece,Historical,EV stock share,Cars,EV,2019.0,,0.028999999165535
Greece,Historical,EV stock,Cars,PHEV,2019.0,Vehicles,730.0
Greece,Historical,EV sales share,Cars,EV,2019.0,percent,0.419999986886978
Greece,Historical,EV sales,Cars,BEV,2019.0,Vehicles,190.0
Greece,Historical,EV stock,Cars,,2019.0,Vehicles,470.0
Greece,Historical,EV sales,Cars,PHEV,2019.0,Vehicles,290.0
Greece,Historical,EV sales,Cars,PHEV,2020.0,Vehicles,1500.0
Greece,Historical,EV stock,Cars,BEV,2020.0,Vehicles,1100.0
Greece,Historical,EV sales,Cars,BEV,2020.0,Vehicles,680.0
Greece,Historical,EV sales share,Cars,EV,2020.0,percent,2.59999990463257
Greece,Historical,EV stock,Cars,PHEV,2020.0,Vehicles,2200.0
Greece,Historical,EV stock share,Cars,EV,2020.0,percent,0.082999996840954
Greece,Historical,EV stock share,Cars,EV,2021.0,percent,0.259999990463257
Greece,Historical,EV stock,Cars,PHEV,2021.0,Vehicles,7000.0
Greece,Historical,EV sales share,Cars,EV,2021.0,percent,6.90000009536743
Greece,Historical,EV sales,Cars,BEV,2021.0,Vehicles,2200.0
Greece,Historical,EV stock,Cars,BEV,2021.0,Vehicles,3300.0
Greece,Historical,EV sales,Cars,PHEV,2021.0,Vehicles,4800.0
Greece,Historical,EV sales,Cars,,2022.0,Vehicles,5500.0
Greece,Historical,EV stock,Cars,BEV,2022.0,Vehicles,7400.0
Greece,Historical,EV sales,Cars,BEV,2022.0,Vehicles,
Greece,Historical,EV sales share,Cars,EV,2022.0,percent,
Greece,Historical,EV stock,Cars,PHEV,2022.0,Vehicles,12000.0
Greece,Historical,EV stock share,Cars,EV,2022.0,,0.519999980926514
Greece,Historical,EV stock share,Cars,EV,2023.0,percent,0.910000026226044
Greece,Historical,EV sales share,Cars,EV,2023.0,percent,14.0
Greece,Historical,EV stock,Cars,PHEV,2023.0,Vehicles,21000.0
Greece,Historical,EV sales,Cars,BEV,2023.0,Vehicles,7000.0
Greece,Historical,EV stock,Cars,BEV,2023.0,Vehicles,13000.0
Greece,Historical,EV sales,Cars,,2023.0,Vehicles,10000.0
Hungary,Historical,EV sales share,Cars,,2015.0,percent,
Hungary,Historical,EV sales,Cars,PHEV,2015.0,Vehicles,15.0
Hungary,Historical,EV sales,Cars,BEV,2015.0,Vehicles,
Hungary,Historical,EV sales,Cars,BEV,2016.0,Vehicles,170.0
Hungary,Historical,EV sales,Cars,PHEV,2016.0,Vehicles,170.0
Hungary,Historical,EV sales share,Cars,,2016.0,percent,
Hungary,Historical,EV sales share,Cars,EV,2017.0,percent,1.0
Hungary,Historical,EV sales,Cars,PHEV,2017.0,Vehicles,440.0
Hungary,Historical,EV sales,Cars,BEV,2017.0,,750.0
Hungary,Historical,EV sales,Cars,BEV,2018.0,Vehicles,1300.0
Hungary,Historical,EV sales,Cars,PHEV,2018.0,Vehicles,
Hungary,Historical,EV sales share,Cars,EV,2018.0,percent,1.5
Hungary,Historical,EV sales share,Cars,EV,2019.0,percent,1.89999997615814
Hungary,Historical,EV sales,Cars,PHEV,2019.0,Vehicles,1100.0
Hungary,Historical,EV sales,Cars,BEV,2019.0,Vehicles,1800.0
Hungary,Historical,EV sales,Cars,BEV,2020.0,Vehicles,3000.0
Hungary,Historical,EV sales,Cars,PHEV,2020.0,Vehicles,3000.0
Hungary,Historical,EV sales share,Cars,EV,2020.0,percent,4.69999980926514
Hungary,Historical,EV sales share,Cars,EV,2021.0,percent,7.0
Hungary,Historical,EV sales,Cars,PHEV,2021.0,Vehicles,4200.0
Hungary,Historical,EV sales,Cars,BEV,2021.0,Vehicles,4300.0
Hungary,Historical,EV sales,Cars,BEV,2022.0,,4700.0
Hungary,Historical,EV sales,Cars,PHEV,2022.0,Vehicles,4900.0
Hungary,Historical,EV sales share,Cars,EV,2022.0,percent,8.60000038146973
Hungary,Historical,EV sales share,Cars,EV,2023.0,percent,11.0
Hungary,Historical,EV sales,Cars,PHEV,2023.0,Vehicles,5500.0
Hungary,Historical,EV sales,Cars,BEV,,Vehicles,5800.0
Iceland,Historical,EV sales,Cars,,2010.0,Vehicles,
Iceland,Historical,EV stock,Cars,BEV,2010.0,,14.0
Iceland,Historical,EV stock,Cars,FCEV,2010.0,Vehicles,20.0
Iceland,Historical,EV stock share,Cars,,2010.0,percent,
Iceland,Historical,EV stock share,Cars,EV,2011.0,percent,
Iceland,Historical,EV stock,Cars,FCEV,2011.0,Vehicles,20.0
Iceland,Historical,EV stock,Cars,BEV,2011.0,,14.0
Iceland,Historical,EV stock,Cars,BEV,2012.0,Vehicles,31.0
Iceland,Historical,EV stock,Cars,FCEV,2012.0,Vehicles,20.0
Iceland,Historical,EV sales,Cars,PHEV,2012.0,Vehicles,9.0
Iceland,Historical,EV stock,Cars,PHEV,2012.0,Vehicles,9.0
Iceland,Historical,EV stock share,Cars,EV,2012.0,percent,0.018999999389052
Iceland,Historical,EV sales share,Cars,EV,2012.0,percent,0.330000013113022
Iceland,Historical,EV sales,Cars,BEV,2012.0,Vehicles,17.0
Iceland,Historical,EV sales,Cars,BEV,2013.0,Vehicles,80.0
Iceland,Historical,EV sales share,Cars,EV,2013.0,percent,1.39999997615814
Iceland,Historical,EV stock share,Cars,EV,2013.0,percent,0.06700000166893
Iceland,Historical,EV stock,Cars,PHEV,2013.0,Vehicles,32.0
Iceland,Historical,EV sales,Cars,PHEV,2013.0,,23.0
Iceland,Historical,EV stock,Cars,FCEV,2013.0,Vehicles,18.0
Iceland,Historical,EV stock,Cars,BEV,2013.0,Vehicles,110.0
Iceland,Historical,EV stock,Cars,,2014.0,Vehicles,240.0
Iceland,Historical,EV stock,Cars,FCEV,2014.0,Vehicles,3.0
Iceland,Historical,EV sales,Cars,PHEV,2014.0,Vehicles,29.0
Iceland,Historical,EV stock,Cars,PHEV,2014.0,Vehicles,52.0
Iceland,Historical,EV stock share,Cars,EV,2014.0,percent,0.150000005960464
Iceland,Historical,EV sales share,Cars,EV,2014.0,percent,2.40000009536743
Iceland,Historical,EV sales,Cars,BEV,2014.0,Vehicles,200.0
Iceland,Historical,EV sales,Cars,,2015.0,Vehicles,390.0
Iceland,Historical,EV sales share,Cars,EV,2015.0,percent,
Iceland,Historical,EV stock share,Cars,EV,2015.0,percent,
Iceland,Historical,EV stock,Cars,PHEV,2015.0,Vehicles,140.0
Iceland,Historical,EV sales,Cars,PHEV,,Vehicles,170.0
Iceland,Historical,EV stock,Cars,FCEV,2015.0,Vehicles,4.0
Iceland,Historical,EV stock,Cars,BEV,2015.0,Vehicles,570.0
Iceland,Historical,EV stock,Cars,BEV,2016.0,Vehicles,960.0
Iceland,Historical,EV stock,Cars,FCEV,2016.0,Vehicles,3.0
Iceland,Historical,EV sales,Cars,,2016.0,Vehicles,780.0
Iceland,Historical,EV stock,Cars,PHEV,2016.0,Vehicles,600.0
Iceland,Historical,EV stock share,Cars,,2016.0,percent,0.75
Iceland,Historical,EV sales share,Cars,EV,2016.0,,6.30000019073486
Iceland,Historical,EV sales,Cars,BEV,2016.0,Vehicles,380.0
Iceland,Historical,EV sales,Cars,BEV,2017.0,Vehicles,840.0
Iceland,Historical,EV sales share,Cars,EV,2017.0,,14.0
Iceland,Historical,EV stock share,Cars,EV,2017.0,percent,1.70000004768372
Iceland,Historical,EV stock,Cars,PHEV,2017.0,Vehicles,
Iceland,Historical,EV sales,Cars,PHEV,2017.0,Vehicles,2200.0
Iceland,Historical,EV stock,Cars,FCEV,2017.0,Vehicles,2.0
Iceland,Historical,EV stock,Cars,BEV,2017.0,Vehicles,
Iceland,Historical,EV stock,Cars,BEV,2018.0,Vehicles,2400.0
Iceland,Historical,EV stock,Cars,FCEV,2018.0,Vehicles,17.0
Iceland,Historical,EV sales,Cars,PHEV,2018.0,Vehicles,
Iceland,Historical,EV stock,Cars,PHEV,2018.0,,5600.0
Iceland,Historical,EV sales,Cars,FCEV,2018.0,Vehicles,16.0
Iceland,Historical,EV stock share,Cars,EV,2018.0,percent,3.40000009536743
Iceland,Historical,EV sales share,Cars,EV,2018.0,percent,20.0
Iceland,Historical,EV sales,Cars,BEV,2018.0,Vehicles,780.0
Iceland,Historical,EV sales,Cars,BEV,2019.0,Vehicles,
Iceland,Historical,EV sales share,Cars,EV,2019.0,percent,26.0
Iceland,Historical,EV stock share,Cars,EV,2019.0,percent,4.69999980926514
Iceland,Historical,EV sales,Cars,FCEV,2019.0,Vehicles,7.0
Iceland,Historical,EV stock,Cars,PHEV,2019.0,Vehicles,7500.0
Iceland,Historical,EV sales,Cars,PHEV,2019.0,Vehicles,2000.0
Iceland,Historical,EV stock,Cars,,2019.0,Vehicles,31.0
Iceland,Historical,EV stock,Cars,BEV,2019.0,Vehicles,3500.0
Iceland,Historical,EV stock,Cars,BEV,2020.0,Vehicles,5400.0
Iceland,Historical,EV stock,Cars,,2020.0,Vehicles,30.0
Iceland,Historical,EV sales,Cars,PHEV,2020.0,Vehicles,2400.0
Iceland,Historical,EV stock,Cars,PHEV,2020.0,Vehicles,9600.0
Iceland,Historical,EV sales,Cars,FCEV,2020.0,Vehicles,1.0
Iceland,Historical,EV stock share,Cars,EV,2020.0,percent,6.5
Iceland,Historical,EV sales share,Cars,EV,2020.0,percent,52.0
Iceland,Historical,EV sales,Cars,BEV,2020.0,Vehicles,2500.0
Iceland,Historical,EV sales,Cars,BEV,2021.0,Vehicles,4200.0
Iceland,Historical,EV sales share,Cars,EV,2021.0,percent,70.0
Iceland,Historical,EV stock share,Cars,EV,2021.0,percent,9.30000019073486
Iceland,Historical,EV sales,Cars,FCEV,2021.0,Vehicles,3.0
Iceland,Historical,EV stock,Cars,,2021.0,Vehicles,13000.0
Iceland,Historical,EV sales,Cars,PHEV,2021.0,Vehicles,
Iceland,Historical,EV stock,Cars,FCEV,2021.0,Vehicles,31.0
Iceland,Historical,EV stock,Cars,BEV,2021.0,Vehicles,8500.0
Iceland,Historical,EV stock,Cars,,2022.0,Vehicles,14000.0
Iceland,Historical,EV stock,Cars,FCEV,2022.0,Vehicles,31.0
Iceland,Historical,EV sales,Cars,PHEV,2022.0,Vehicles,5100.0
Iceland,Historical,EV stock,Cars,PHEV,2022.0,Vehicles,19000.0
Iceland,Historical,EV stock share,Cars,EV,2022.0,percent,
Iceland,Historical,EV sales share,Cars,EV,2022.0,percent,69.0
Iceland,Historical,EV sales,Cars,BEV,2022.0,Vehicles,6900.0
Iceland,Historical,EV sales,Cars,BEV,2023.0,Vehicles,10000.0
Iceland,Historical,EV sales share,Cars,EV,2023.0,percent,71.0
Iceland,Historical,EV stock share,Cars,EV,2023.0,percent,18.0
Iceland,Historical,EV stock,Cars,PHEV,2023.0,Vehicles,
Iceland,Historical,EV sales,Cars,FCEV,2023.0,Vehicles,1.0
Iceland,Historical,EV sales,Cars,PHEV,2023.0,Vehicles,2400.0
Iceland,Historical,EV stock,Cars,FCEV,2023.0,Vehicles,27.0
Iceland,Historical,EV stock,Cars,BEV,,Vehicles,22000.0
India,Historical,EV sales,Cars,BEV,2010.0,Vehicles,450.0
India,Historical,EV stock,Cars,BEV,2010.0,Vehicles,880.0
India,Historical,EV sales share,Cars,EV,2010.0,percent,0.020999999716878
India,Historical,EV stock share,Cars,EV,2010.0,percent,0.004999999888241
India,Historical,EV stock share,Cars,EV,2011.0,percent,0.006699999794364
India,Historical,EV sales share,Cars,EV,2011.0,percent,0.056000001728535
India,Historical,EV stock,Cars,BEV,2011.0,Vehicles,1300.0
India,Historical,EV sales,Cars,BEV,2011.0,Vehicles,1400.0
India,Historical,EV sales,Cars,BEV,2012.0,Vehicles,190.0
India,Historical,EV stock,Cars,BEV,2012.0,Vehicles,2800.0
India,Historical,EV sales share,Cars,,2012.0,,0.00719999987632
India,Historical,EV stock share,Cars,EV,2012.0,percent,0.012000000104308
India,Historical,EV stock share,Cars,EV,2013.0,percent,0.012000000104308
India,Historical,EV sales share,Cars,EV,2013.0,percent,0.016000000759959
India,Historical,EV stock,Cars,BEV,2013.0,Vehicles,2900.0
India,Historical,EV sales,Cars,BEV,2013.0,Vehicles,410.0
India,Historical,EV sales,Cars,BEV,2014.0,Vehicles,1000.0
India,Historical,EV stock,Cars,BEV,2014.0,Vehicles,3400.0
India,Historical,EV sales share,Cars,EV,2014.0,,0.037999998778105
India,Historical,EV stock share,Cars,EV,2014.0,percent,0.013000000268221
India,Historical,EV stock share,Cars,EV,2015.0,percent,0.014999999664724
India,Historical,EV sales share,Cars,EV,2015.0,percent,0.017000000923872
India,Historical,EV stock,Cars,BEV,2015.0,Vehicles,4400.0
India,Historical,EV sales,Cars,BEV,2015.0,Vehicles,450.0
India,Historical,EV stock,Buses,BEV,2015.0,Vehicles,100.0
India,Historical,EV sales,Buses,BEV,2015.0,Vehicles,
India,Historical,EV sales share,Buses,EV,2015.0,percent,0.109999999403954
India,Historical,EV stock share,Buses,EV,2015.0,percent,
India,Historical,EV stock share,Buses,EV,2016.0,percent,0.005200000014156
India,Historical,EV sales share,Buses,EV,2016.0,percent,0.027000000700355
India,Historical,EV sales share,Vans,EV,,percent,0.056000001728535
India,Historical,EV stock share,Vans,EV,2016.0,percent,0.003199999919161
India,Historical,EV sales,Buses,BEV,2016.0,Vehicles,25.0
India,Historical,EV stock,Buses,BEV,2016.0,Vehicles,100.0
India,Historical,EV sales,Cars,BEV,2016.0,Vehicles,730.0
India,Historical,EV stock,Cars,BEV,2016.0,Vehicles,4800.0
India,Historical,EV sales share,Cars,EV,2016.0,percent,
India,Historical,EV stock share,Cars,EV,2016.0,percent,0.014999999664724
India,Historical,EV sales,Vans,BEV,2016.0,Vehicles,180.0
India,Historical,EV stock,Vans,BEV,2016.0,Vehicles,180.0
India,Historical,EV stock,Vans,BEV,2017.0,,1400.0
India,Historical,EV sales,Vans,,2017.0,Vehicles,1200.0
India,Historical,EV stock share,Cars,EV,2017.0,percent,0.020999999716878
India,Historical,EV sales share,Cars,EV,2017.0,percent,0.030999999493361
India,Historical,EV stock,Cars,,2017.0,Vehicles,7000.0
India,Historical,EV sales,Cars,,2017.0,Vehicles,920.0
India,Historical,EV stock,Buses,BEV,2017.0,Vehicles,100.0
India,Historical,EV sales,Buses,BEV,2017.0,Vehicles,20.0
India,Historical,EV stock share,Vans,EV,2017.0,,0.024000000208616
India,Historical,EV sales share,Vans,EV,2017.0,percent,0.310000002384186
India,Historical,EV sales share,Buses,EV,2017.0,percent,0.023000000044704
India,Historical,EV stock share,Buses,EV,2017.0,percent,0.005100000184029
India,Historical,EV stock share,Buses,,2018.0,percent,0.004999999888241
India,Historical,EV sales share,Buses,EV,2018.0,percent,0.280000001192093
India,Historical,EV sales share,Vans,EV,2018.0,percent,0.28999999165535
India,Historical,EV stock share,Vans,EV,2018.0,percent,0.046000000089407
India,Historical,EV sales,Buses,BEV,2018.0,Vehicles,210.0
India,Historical,EV stock,Buses,BEV,2018.0,Vehicles,
India,Historical,EV sales,Cars,BEV,2018.0,Vehicles,920.0
India,Historical,EV stock,Cars,BEV,2018.0,Vehicles,
India,Historical,EV sales share,Cars,EV,2018.0,percent,0.029999999329448
India,Historical,EV stock share,Cars,EV,2018.0,percent,0.021999999880791
India,Historical,EV sales,Vans,BEV,2018.0,Vehicles,1500.0
India,Historical,EV stock,Vans,BEV,2018.0,Vehicles,2900.0
India,Historical,EV stock,Vans,BEV,2019.0,Vehicles,3700.0
India,Historical,EV sales,Vans,BEV,2019.0,Vehicles,790.0
India,Historical,EV stock share,Cars,EV,2019.0,percent,0.021999999880791
India,Historical,EV sales share,Cars,EV,2019.0,percent,0.024000000208616
India,Historical,EV stock,Cars,BEV,2019.0,Vehicles,
India,Historical,EV sales,Cars,BEV,,Vehicles,680.0
India,Historical,EV sales,Cars,PHEV,2019.0,Vehicles,7.0
India,Historical,EV stock,Cars,PHEV,2019.0,Vehicles,7.0
India,Historical,EV stock,Buses,BEV,2019.0,Vehicles,550.0
India,Historical,EV sales,Buses,BEV,2019.0,Vehicles,460.0
India,Historical,EV stock share,Vans,EV,2019.0,percent,
India,Historical,EV sales share,Vans,EV,2019.0,percent,0.159999996423721
India,Historical,EV sales share,Buses,EV,2019.0,percent,0.689999997615814
India,Historical,EV stock share,Buses,EV,2019.0,percent,0.027000000700355
India,Historical,EV stock share,Buses,EV,2020.0,percent,0.057000000029802
India,Historical,EV sales share,Buses,EV,2020.0,percent,6.0
India,Historical,EV sales share,Vans,EV,2020.0,percent,0.230000004172325
India,Historical,EV stock share,Vans,EV,2020.0,percent,0.065999999642372
India,Historical,EV sales,Buses,BEV,2020.0,Vehicles,2200.0
India,Historical,EV stock,Buses,BEV,2020.0,Vehicles,
India,Historical,EV stock,Cars,PHEV,2020.0,Vehicles,50.0
India,Historical,EV sales,Cars,PHEV,2020.0,Vehicles,43.0
India,Historical,EV sales,Cars,BEV,2020.0,Vehicles,3100.0
India,Historical,EV stock,Cars,BEV,2020.0,Vehicles,12000.0
India,Historical,EV sales share,Cars,EV,2020.0,percent,
India,Historical,EV stock share,Cars,EV,2020.0,percent,0.028999999165535
India,Historical,EV sales,Vans,BEV,2020.0,Vehicles,1000.0
India,Historical,EV stock,Vans,BEV,2020.0,Vehicles,4700.0
India,Historical,EV sales,Buses,FCEV,2020.0,Vehicles,
India,Historical,EV stock,Vans,,2021.0,Vehicles,6400.0
India,Historical,EV sales,Vans,BEV,2021.0,Vehicles,1700.0
India,Historical,EV stock share,Cars,EV,2021.0,percent,0.054000001400709
India,Historical,EV sales share,Cars,,2021.0,percent,0.349999994039536
India,Historical,EV stock,Cars,BEV,2021.0,Vehicles,23000.0
India,Historical,EV sales,Cars,BEV,2021.0,,12000.0
India,Historical,EV sales,Cars,PHEV,2021.0,Vehicles,50.0
India,Historical,EV sales,Cars,FCEV,2021.0,Vehicles,1.0
India,Historical,EV stock,Cars,FCEV,2021.0,Vehicles,1.0
India,Historical,EV stock,Cars,PHEV,2021.0,Vehicles,100.0
India,Historical,EV stock,Buses,BEV,2021.0,Vehicles,2100.0
India,Historical,EV sales,Buses,BEV,2021.0,Vehicles,1200.0
India,Historical,EV stock share,Vans,EV,2021.0,percent,0.086000002920628
India,Historical,EV sales share,Vans,EV,2021.0,percent,0.419999986886978
India,Historical,EV sales share,Buses,EV,2021.0,percent,
India,Historical,EV stock share,Buses,EV,2021.0,percent,
India,Historical,EV stock share,Buses,EV,,percent,0.159999996423721
India,Historical,EV sales share,Buses,EV,2022.0,percent,6.19999980926514
India,Historical,EV sales share,Vans,EV,2022.0,percent,
India,Historical,EV stock share,Vans,EV,2022.0,percent,0.087999999523163
India,Historical,EV sales,Buses,BEV,2022.0,Vehicles,2000.0
India,Historical,EV stock,Buses,BEV,2022.0,Vehicles,3100.0
India,Historical,EV stock,Cars,PHEV,2022.0,Vehicles,120.0
India,Historical,EV stock,Cars,FCEV,2022.0,Vehicles,
India,Historical,EV sales,Cars,FCEV,2022.0,Vehicles,2.0
India,Historical,EV sales,Cars,PHEV,2022.0,,23.0
India,Historical,EV sales,Cars,BEV,2022.0,Vehicles,48000.0
India,Historical,EV stock,Cars,BEV,2022.0,Vehicles,72000.0
India,Historical,EV sales share,Cars,EV,2022.0,percent,1.20000004768372
India,Historical,EV stock share,Cars,EV,2022.0,percent,0.150000005960464
India,Historical,EV sales,Vans,BEV,2022.0,Vehicles,510.0
India,Historical,EV stock,Vans,BEV,2022.0,Vehicles,6900.0
India,Historical,EV sales,Buses,FCEV,2022.0,Vehicles,49.0
India,Historical,EV sales,Buses,FCEV,2023.0,Vehicles,2.0
India,Historical,EV stock,Buses,FCEV,2023.0,Vehicles,
India,Historical,EV stock,Vans,BEV,2023.0,Vehicles,7300.0
India,Historical,EV sales,Vans,BEV,2023.0,Vehicles,350.0
India,Historical,EV stock share,Cars,EV,2023.0,percent,0.310000002384186
India,Historical,EV sales share,Cars,EV,2023.0,percent,2.0
India,Historical,EV stock,Cars,BEV,2023.0,Vehicles,150000.0
India,Historical,EV sales,Cars,BEV,2023.0,Vehicles,82000.0
India,Historical,EV sales,Cars,PHEV,2023.0,Vehicles,270.0
India,Historical,EV stock,Cars,FCEV,2023.0,Vehicles,3.0
India,Historical,EV stock,Cars,PHEV,2023.0,,390.0
India,Historical,EV stock,Buses,BEV,2023.0,Vehicles,
India,Historical,EV sales,Buses,BEV,2023.0,Vehicles,2300.0
India,Historical,EV stock share,Vans,,2023.0,percent,0.086999997496605
India,Historical,EV sales share,Vans,EV,2023.0,percent,0.061999998986721
India,Historical,EV sales share,Buses,EV,2023.0,percent,6.80000019073486
India,Historical,EV stock share,Buses,EV,2023.0,percent,0.439999997615814
Ireland,Historical,EV sales share,Cars,EV,2015.0,percent,0.469999998807907
Ireland,Historical,EV sales,Cars,BEV,2015.0,Vehicles,470.0
Ireland,Historical,EV sales,Cars,PHEV,2015.0,Vehicles,120.0
Ireland,Historical,EV sales,Cars,PHEV,2016.0,,300.0
Ireland,Historical,EV sales,Cars,BEV,2016.0,Vehicles,
Ireland,Historical,EV sales share,Cars,EV,2016.0,percent,
Ireland,Historical,EV sales share,Cars,EV,2017.0,percent,0.72000002861023
Ireland,Historical,EV sales,Cars,BEV,2017.0,Vehicles,
Ireland,Historical,EV sales,Cars,PHEV,2017.0,Vehicles,330.0
Ireland,Historical,EV sales,Cars,PHEV,2018.0,Vehicles,740.0
Ireland,Historical,EV sales,Cars,BEV,2018.0,Vehicles,1200.0
Ireland,Historical,EV sales share,Cars,EV,2018.0,percent,1.60000002384186
Ireland,Historical,EV sales share,Cars,EV,2019.0,percent,4.09999990463257
Ireland,Historical,EV sales,Cars,,2019.0,Vehicles,3400.0
Ireland,Historical,EV sales,Cars,PHEV,2019.0,Vehicles,
Ireland,Historical,EV sales,Cars,PHEV,2020.0,Vehicles,2500.0
Ireland,Historical,EV sales,Cars,BEV,2020.0,Vehicles,4000.0
Ireland,Historical,EV sales share,Cars,,2020.0,percent,7.40000009536743
Ireland,Historical,EV sales share,Cars,EV,2021.0,percent,16.0
Ireland,Historical,EV sales,Cars,BEV,2021.0,Vehicles,8600.0
Ireland,Historical,EV sales,Cars,PHEV,2021.0,Vehicles,
Ireland,Historical,EV sales,Cars,PHEV,2022.0,Vehicles,7700.0
Ireland,Historical,EV sales,Cars,BEV,2022.0,Vehicles,16000.0
Ireland,Historical,EV sales share,Cars,EV,2022.0,percent,22.0
Ireland,Historical,EV sales share,Cars,EV,2023.0,percent,
Ireland,Historical,EV sales,Cars,BEV,,Vehicles,23000.0
Ireland,Historical,EV sales,Cars,,,Vehicles,10000.0
Israel,Historical,EV stock,Buses,FCEV,2010.0,Vehicles,3.0
Israel,Historical,EV stock,Cars,BEV,2010.0,,6.0
Israel,Historical,EV stock share,Cars,EV,2010.0,percent,
Israel,Historical,EV stock share,Cars,EV,,percent,0.004300000146031
Israel,Historical,EV sales share,Cars,EV,2011.0,percent,0.001300000003539
Israel,Historical,EV stock,Cars,BEV,2011.0,Vehicles,85.0
Israel,Historical,EV sales,Cars,BEV,2011.0,,3.0
Israel,Historical,EV sales,Cars,BEV,2012.0,Vehicles,
Israel,Historical,EV stock,Cars,BEV,2012.0,Vehicles,610.0
Israel,Historical,EV sales,Cars,PHEV,,Vehicles,1.0
Israel,Historical,EV stock,Cars,,,Vehicles,1.0
Israel,Historical,EV sales share,Cars,EV,2012.0,percent,0.270000010728836
Israel,Historical,EV stock share,Cars,EV,,percent,0.028999999165535
Israel,Historical,EV stock share,Cars,EV,2013.0,percent,0.048000000417233
Israel,Historical,EV sales share,Cars,EV,2013.0,percent,0.209999993443489
Israel,Historical,EV sales,Buses,BEV,2013.0,Vehicles,0.001000000047497
Israel,Historical,EV sales share,Buses,EV,2013.0,percent,3.19999999192078e-05
Israel,Historical,EV stock,Cars,PHEV,2013.0,Vehicles,18.0
Israel,Historical,EV sales,Cars,,2013.0,Vehicles,17.0
Israel,Historical,EV stock,Cars,BEV,2013.0,Vehicles,
Israel,Historical,EV sales,Cars,BEV,2013.0,Vehicles,460.0
Israel,Historical,EV sales,Cars,BEV,2014.0,Vehicles,6.0
Israel,Historical,EV stock,Cars,BEV,2014.0,Vehicles,1200.0
Israel,Historical,EV sales,Cars,PHEV,2014.0,Vehicles,52.0
Israel,Historical,EV stock,Cars,PHEV,2014.0,Vehicles,70.0
Israel,Historical,EV sales share,Cars,EV,2014.0,percent,0.021999999880791
Israel,Historical,EV stock share,Cars,EV,2014.0,percent,0.056000001728535
Israel,Historical,EV stock share,Cars,EV,2015.0,percent,0.054999999701977
Israel,Historical,EV sales share,Cars,EV,2015.0,percent,0.024000000208616
Israel,Historical,EV stock,Cars,PHEV,2015.0,Vehicles,140.0
Israel,Historical,EV sales,Cars,PHEV,2015.0,Vehicles,65.0
Israel,Historical,EV stock,Cars,BEV,2015.0,Vehicles,1200.0
Israel,Historical,EV sales,Cars,BEV,2015.0,Vehicles,3.0
Israel,Historical,EV sales,Cars,,2016.0,Vehicles,5.0
Israel,Historical,EV stock,Cars,,2016.0,Vehicles,1200.0
Israel,Historical,EV sales,Cars,PHEV,2016.0,Vehicles,63.0
Israel,Historical,EV stock,Cars,PHEV,2016.0,Vehicles,200.0
Israel,Historical,EV sales share,Cars,EV,2016.0,percent,
Israel,Historical,EV stock share,Cars,EV,2016.0,,0.054000001400709
Israel,Historical,EV sales share,Buses,EV,2016.0,,0.109999999403954
Israel,Historical,EV stock share,Buses,EV,2016.0,percent,0.016000000759959
Israel,Historical,EV sales,Buses,,2016.0,Vehicles,
Israel,Historical,EV stock,Buses,BEV,2016.0,Vehicles,5.0
Israel,Historical,EV stock,Buses,,2017.0,Vehicles,45.0
Israel,Historical,EV sales,Buses,BEV,2017.0,Vehicles,
Israel,Historical,EV stock share,Buses,EV,2017.0,,0.140000000596046
Israel,Historical,EV sales share,Buses,EV,2017.0,percent,0.949999988079071
Israel,Historical,EV stock share,Cars,EV,2017.0,,
Israel,Historical,EV sales share,Cars,EV,2017.0,percent,0.519999980926514
Israel,Historical,EV stock,Cars,PHEV,2017.0,Vehicles,1700.0
Israel,Historical,EV sales,Cars,PHEV,2017.0,Vehicles,1500.0
Israel,Historical,EV stock,Cars,BEV,2017.0,Vehicles,1400.0
Israel,Historical,EV sales,Cars,,2017.0,Vehicles,130.0
Israel,Historical,EV sales,Cars,BEV,2018.0,Vehicles,130.0
Israel,Historical,EV stock,Cars,BEV,2018.0,Vehicles,
Israel,Historical,EV sales,Cars,PHEV,2018.0,Vehicles,3600.0
Israel,Historical,EV stock,Cars,PHEV,2018.0,Vehicles,5300.0
Israel,Historical,EV stock share,Cars,EV,2018.0,percent,0.230000004172325
Israel,Historical,EV sales share,Cars,EV,2018.0,percent,1.20000004768372
Israel,Historical,EV sales share,Buses,EV,2018.0,percent,0.610000014305115
Israel,Historical,EV stock share,Buses,EV,2018.0,percent,
Israel,Historical,EV sales,Buses,BEV,2018.0,Vehicles,23.0
Israel,Historical,EV stock,Buses,BEV,2018.0,Vehicles,78.0
Israel,Historical,EV stock,Buses,BEV,2019.0,Vehicles,94.0
Israel,Historical,EV sales,Buses,BEV,2019.0,Vehicles,16.0
Israel,Historical,EV stock share,Buses,EV,2019.0,percent,0.259999990463257
Israel,Historical,EV sales share,Buses,EV,2019.0,,0.370000004768372
Israel,Historical,EV sales share,Cars,,2019.0,percent,1.60000002384186
Israel,Historical,EV stock share,Cars,EV,2019.0,percent,0.370000004768372
Israel,Historical,EV stock,Cars,PHEV,2019.0,Vehicles,9200.0
Israel,Historical,EV sales,Cars,PHEV,2019.0,Vehicles,3900.0
Israel,Historical,EV stock,Cars,BEV,2019.0,Vehicles,2200.0
Israel,Historical,EV sales,Cars,BEV,2019.0,Vehicles,850.0
Israel,Historical,EV sales,Cars,BEV,2020.0,Vehicles,1500.0
Israel,Historical,EV sales,Vans,BEV,2020.0,Vehicles,45.0
Israel,Historical,EV stock,Vans,,2020.0,Vehicles,2.0
Israel,Historical,EV stock,Cars,,2020.0,Vehicles,3800.0
Israel,Historical,EV sales,Cars,PHEV,2020.0,Vehicles,5400.0
Israel,Historical,EV stock,Cars,PHEV,2020.0,Vehicles,
Israel,Historical,EV stock share,Cars,EV,2020.0,percent,0.579999983310699
Israel,Historical,EV sales share,Cars,EV,2020.0,percent,2.59999990463257
Israel,Historical,EV sales share,Buses,EV,2020.0,percent,0.870000004768372
Israel,Historical,EV stock share,Buses,EV,2020.0,percent,0.319999992847443
Israel,Historical,EV sales share,Vans,EV,2020.0,percent,0.360000014305115
Israel,Historical,EV stock share,Vans,EV,2020.0,percent,0.00109999999404
Israel,Historical,EV sales,Buses,BEV,2020.0,Vehicles,24.0
Israel,Historical,EV stock,Buses,BEV,2020.0,Vehicles,120.0
Israel,Historical,EV sales,Buses,BEV,2021.0,Vehicles,33.0
Israel,Historical,EV stock share,Vans,EV,2021.0,percent,0.014000000432134
Israel,Historical,EV sales share,Vans,EV,2021.0,percent,0.490000009536743
Israel,Historical,EV stock share,Buses,EV,2021.0,percent,0.400000005960465
Israel,Historical,EV sales share,Buses,EV,2021.0,percent,0.779999971389771
Israel,Historical,EV sales share,Cars,EV,2021.0,percent,6.90000009536743
Israel,Historical,EV stock share,Cars,EV,2021.0,percent,1.29999995231628
Israel,Historical,EV stock,Cars,PHEV,,Vehicles,28000.0
Israel,Historical,EV sales,Cars,PHEV,2021.0,Vehicles,
Israel,Historical,EV stock,Cars,BEV,2021.0,Vehicles,15000.0
Israel,Historical,EV stock,Vans,BEV,2021.0,Vehicles,
Israel,Historical,EV sales,Vans,BEV,2021.0,Vehicles,76.0
Israel,Historical,EV sales,Cars,BEV,2021.0,Vehicles,11000.0
Israel,Historical,EV stock,Buses,BEV,2021.0,Vehicles,150.0
Israel,Historical,EV sales,Vans,PHEV,2021.0,Vehicles,2.0
Israel,Historical,EV sales,Vans,PHEV,2022.0,Vehicles,
Israel,Historical,EV stock,Buses,BEV,2022.0,Vehicles,
Israel,Historical,EV sales,Cars,,2022.0,Vehicles,27000.0
Israel,Historical,EV sales,Vans,BEV,2022.0,Vehicles,87.0
Israel,Historical,EV stock,Vans,BEV,2022.0,Vehicles,120.0
Israel,Historical,EV stock,Cars,,2022.0,Vehicles,44000.0
Israel,Historical,EV sales,Cars,PHEV,2022.0,Vehicles,
Israel,Historical,EV stock,Cars,PHEV,2022.0,Vehicles,44000.0
Israel,Historical,EV stock share,Cars,EV,2022.0,percent,2.5
Israel,Historical,EV sales share,Cars,EV,2022.0,percent,12.0
Israel,Historical,EV sales share,Buses,EV,2022.0,percent,10.0
Israel,Historical,EV stock share,Buses,EV,2022.0,percent,
Israel,Historical,EV sales share,Vans,EV,2022.0,,0.689999997615814
Israel,Historical,EV stock share,Vans,EV,2022.0,,0.061999998986721
Israel,Historical,EV sales,Buses,BEV,2022.0,Vehicles,480.0
Israel,Historical,EV sales,Buses,BEV,2023.0,Vehicles,450.0
Israel,Historical,EV stock share,Vans,EV,2023.0,percent,0.170000001788139
Israel,Historical,EV sales share,Vans,EV,2023.0,percent,0.600000023841858
Israel,Historical,EV stock share,Buses,EV,2023.0,percent,2.59999990463257
Israel,Historical,EV sales share,Buses,EV,2023.0,percent,11.0
Israel,Historical,EV sales share,Cars,,2023.0,percent,19.0
Israel,Historical,EV stock share,Cars,EV,2023.0,percent,4.19999980926514
Israel,Historical,EV stock,Cars,PHEV,2023.0,Vehicles,60000.0
Israel,Historical,EV sales,Cars,PHEV,2023.0,Vehicles,16000.0
Israel,Historical,EV stock,Cars,BEV,2023.0,Vehicles,91000.0
Israel,Historical,EV stock,Vans,BEV,2023.0,Vehicles,300.0
Israel,Historical,EV sales,Vans,BEV,2023.0,Vehicles,90.0
Israel,Historical,EV sales,Cars,BEV,2023.0,Vehicles,49000.0
Israel,Historical,EV stock,Buses,BEV,2023.0,Vehicles,1100.0
Israel,Historical,EV stock,Vans,PHEV,2023.0,Vehicles,
Italy,Historical,EV sales,Vans,BEV,2010.0,Vehicles,210.0
Italy,Historical,EV stock,Vans,BEV,2010.0,Vehicles,
Italy,Historical,EV sales,Cars,BEV,2010.0,Vehicles,40.0
Italy,Historical,EV stock,Cars,BEV,2010.0,Vehicles,650.0
Italy,Historical,EV sales share,Vans,EV,2010.0,percent,0.119999997317791
Italy,Historical,EV stock share,Vans,EV,2010.0,percent,0.021999999880791
Italy,Historical,EV sales share,Cars,EV,2010.0,percent,0.002000000094995
Italy,Historical,EV stock share,Cars,EV,2010.0,percent,0.001700000022538
Italy,Historical,EV stock share,Cars,,2011.0,percent,0.002000000094995
Italy,Historical,EV sales share,Cars,EV,2011.0,percent,0.00650000013411
Italy,Historical,EV stock share,Vans,EV,2011.0,percent,0.023000000044704
Italy,Historical,EV sales share,Vans,EV,2011.0,percent,
Italy,Historical,EV stock,Cars,BEV,2011.0,Vehicles,760.0
Italy,Historical,EV sales,Cars,BEV,2011.0,Vehicles,
Italy,Historical,EV stock,Vans,BEV,2011.0,Vehicles,910.0
Italy,Historical,EV sales,Vans,BEV,2011.0,Vehicles,84.0
Italy,Historical,EV sales,Vans,BEV,2012.0,Vehicles,360.0
Italy,Historical,EV stock,Vans,,2012.0,Vehicles,1300.0
Italy,Historical,EV sales,Vans,,2012.0,Vehicles,3.0
Italy,Historical,EV sales,Cars,BEV,2012.0,Vehicles,
Italy,Historical,EV stock,Cars,BEV,2012.0,Vehicles,1200.0
Italy,Historical,EV sales share,Vans,EV,2012.0,percent,0.310000002384186
Italy,Historical,EV stock share,Vans,EV,2012.0,percent,0.034000001847744
Italy,Historical,EV sales share,Cars,,2012.0,percent,0.032999999821186
Italy,Historical,EV stock share,Cars,EV,2012.0,percent,0.003199999919161
Italy,Historical,EV stock share,Cars,,2013.0,percent,0.005799999926239
Italy,Historical,EV sales share,Cars,EV,2013.0,percent,0.079999998211861
Italy,Historical,EV stock share,Vans,EV,2013.0,percent,0.037000000476837
Italy,Historical,EV sales share,Vans,EV,2013.0,percent,0.200000002980232
Italy,Historical,EV stock,Cars,BEV,2013.0,Vehicles,2000.0
Italy,Historical,EV sales,Cars,BEV,2013.0,Vehicles,860.0
Italy,Historical,EV sales,Vans,PHEV,2013.0,Vehicles,1.0
Italy,Historical,EV stock,Vans,,2013.0,Vehicles,1400.0
Italy,Historical,EV sales,Vans,BEV,2013.0,Vehicles,
Italy,Historical,EV sales,Cars,PHEV,2013.0,Vehicles,180.0
Italy,Historical,EV stock,Cars,PHEV,2013.0,Vehicles,180.0
Italy,Historical,EV stock,Cars,PHEV,2014.0,Vehicles,520.0
Italy,Historical,EV sales,Cars,PHEV,2014.0,Vehicles,340.0
Italy,Historical,EV stock,Cars,FCEV,2014.0,Vehicles,
Italy,Historical,EV sales,Cars,FCEV,2014.0,Vehicles,10.0
Italy,Historical,EV sales,Vans,BEV,,Vehicles,270.0
Italy,Historical,EV stock,Vans,BEV,2014.0,Vehicles,1700.0
Italy,Historical,EV sales,Cars,BEV,2014.0,Vehicles,1000.0
Italy,Historical,EV stock,Cars,BEV,2014.0,Vehicles,
Italy,Historical,EV sales share,Vans,EV,2014.0,percent,0.25
Italy,Historical,EV stock share,Vans,EV,2014.0,percent,
Italy,Historical,EV sales share,Cars,EV,2014.0,percent,0.100000001490116
Italy,Historical,EV stock share,Cars,EV,2014.0,,0.009399999864399
Italy,Historical,EV stock share,Cars,EV,,percent,0.014999999664724
Italy,Historical,EV sales share,Cars,,2015.0,percent,0.140000000596046
Italy,Historical,EV stock share,Vans,EV,2015.0,percent,0.052999999374151
Italy,Historical,EV sales share,Vans,EV,2015.0,percent,0.349999994039536
Italy,Historical,EV stock,Cars,BEV,2015.0,Vehicles,4400.0
Italy,Historical,EV sales,Cars,BEV,2015.0,Vehicles,1500.0
Italy,Historical,EV stock,Vans,BEV,2015.0,,2100.0
Italy,Historical,EV sales,Vans,BEV,2015.0,Vehicles,
Italy,Historical,EV stock,Buses,FCEV,2015.0,Vehicles,11.0
Italy,Historical,EV sales,Cars,FCEV,2015.0,Vehicles,1.0
Italy,Historical,EV stock,Cars,FCEV,2015.0,Vehicles,11.0
Italy,Historical,EV sales,Cars,PHEV,2015.0,Vehicles,740.0
Italy,Historical,EV stock,Cars,PHEV,2015.0,Vehicles,1300.0
Italy,Historical,EV stock,Cars,PHEV,2016.0,Vehicles,
Italy,Historical,EV sales,Cars,PHEV,2016.0,Vehicles,1300.0
Italy,Historical,EV stock,Cars,,2016.0,Vehicles,11.0
Italy,Historical,EV stock,Buses,FCEV,2016.0,Vehicles,13.0
Italy,Historical,EV sales,Vans,BEV,2016.0,Vehicles,
Italy,Historical,EV stock,Vans,BEV,2016.0,Vehicles,2900.0
Italy,Historical,EV sales,Cars,BEV,2016.0,Vehicles,1400.0
Italy,Historical,EV stock,Cars,BEV,2016.0,Vehicles,5800.0
Italy,Historical,EV stock,Buses,BEV,2016.0,Vehicles,
Italy,Historical,EV sales share,Vans,EV,2016.0,percent,0.430000007152557
Italy,Historical,EV stock share,Vans,EV,2016.0,,0.071000002324581
Italy,Historical,EV stock share,Buses,EV,2016.0,percent,0.039000000804663
Italy,Historical,EV sales share,Cars,EV,2016.0,percent,0.150000005960464
Italy,Historical,EV stock share,Cars,EV,2016.0,percent,0.021999999880791
Italy,Historical,EV sales share,Buses,EV,2016.0,percent,1.39999997615814
Italy,Historical,EV sales,Buses,BEV,2016.0,Vehicles,38.0
Italy,Historical,EV sales,Buses,BEV,2017.0,Vehicles,29.0
Italy,Historical,EV sales share,Buses,EV,2017.0,percent,0.910000026226044
Italy,Historical,EV stock share,Cars,EV,2017.0,percent,0.034000001847744
Italy,Historical,EV sales share,Cars,,2017.0,percent,0.25
Italy,Historical,EV stock share,Buses,EV,2017.0,percent,0.048000000417233
Italy,Historical,EV stock share,Vans,EV,2017.0,percent,0.07599999755621
Italy,Historical,EV sales share,Vans,EV,2017.0,,0.280000001192093
Italy,Historical,EV stock,Buses,BEV,2017.0,Vehicles,46.0
Italy,Historical,EV stock,Cars,BEV,2017.0,Vehicles,7800.0
Italy,Historical,EV sales,Cars,,2017.0,Vehicles,2000.0
Italy,Historical,EV stock,Vans,BEV,2017.0,,3200.0
Italy,Historical,EV sales,Vans,PHEV,2017.0,Vehicles,2.0
Italy,Historical,EV sales,Vans,BEV,2017.0,Vehicles,500.0
Italy,Historical,EV stock,Buses,FCEV,2017.0,Vehicles,13.0
Italy,Historical,EV stock,Cars,FCEV,2017.0,Vehicles,11.0
Italy,Historical,EV sales,Cars,PHEV,2017.0,Vehicles,2900.0
Italy,Historical,EV stock,Cars,PHEV,2017.0,Vehicles,5600.0
Italy,Historical,EV stock,Cars,PHEV,2018.0,,10000.0
Italy,Historical,EV sales,Cars,PHEV,2018.0,Vehicles,4700.0
Italy,Historical,EV stock,Cars,FCEV,2018.0,Vehicles,12.0
Italy,Historical,EV sales,Cars,FCEV,2018.0,Vehicles,1.0
Italy,Historical,EV stock,Cars,BEV,2018.0,Vehicles,13000.0
Italy,Historical,EV stock,Buses,FCEV,2018.0,Vehicles,13.0
Italy,Historical,EV sales,Vans,BEV,2018.0,Vehicles,640.0
Italy,Historical,EV stock,Vans,BEV,2018.0,Vehicles,3900.0
Italy,Historical,EV sales,Cars,BEV,2018.0,Vehicles,5000.0
Italy,Historical,EV stock,Buses,BEV,2018.0,Vehicles,
Italy,Historical,EV sales share,Vans,EV,2018.0,percent,0.389999985694885
Italy,Historical,EV stock share,Vans,EV,2018.0,percent,0.093999996781349
Italy,Historical,EV stock share,Buses,EV,,percent,0.109999999403954
Italy,Historical,EV sales share,Cars,EV,2018.0,,0.509999990463257
Italy,Historical,EV stock share,Cars,EV,2018.0,percent,0.05799999833107
Italy,Historical,EV sales share,Buses,EV,2018.0,percent,1.39999997615814
Italy,Historical,EV sales,Buses,BEV,2018.0,Vehicles,60.0
Italy,Historical,EV sales,Buses,BEV,2019.0,Vehicles,65.0
Italy,Historical,EV sales share,Buses,EV,2019.0,percent,1.60000002384186
Italy,Historical,EV stock share,Cars,,2019.0,,0.100000001490116
Italy,Historical,EV sales share,Cars,EV,2019.0,percent,0.899999976158142
Italy,Historical,EV stock share,Buses,EV,2019.0,percent,0.550000011920929
Italy,Historical,EV stock share,Vans,EV,2019.0,percent,0.119999997317791
Italy,Historical,EV sales share,Vans,EV,2019.0,percent,0.610000014305115
Italy,Historical,EV stock,Buses,BEV,2019.0,Vehicles,540.0
Italy,Historical,EV sales,Cars,BEV,2019.0,Vehicles,11000.0
Italy,Historical,EV stock,Vans,BEV,,Vehicles,4900.0
Italy,Historical,EV stock,Vans,PHEV,2019.0,Vehicles,43.0
Italy,Historical,EV sales,Vans,,2019.0,Vehicles,1000.0
Italy,Historical,EV stock,Buses,FCEV,2019.0,Vehicles,13.0
Italy,Historical,EV stock,Cars,BEV,2019.0,Vehicles,23000.0
Italy,Historical,EV sales,Cars,FCEV,2019.0,Vehicles,17.0
Italy,Historical,EV stock,Cars,,2019.0,Vehicles,
Italy,Historical,EV sales,Cars,PHEV,2019.0,Vehicles,6500.0
Italy,Historical,EV stock,Cars,PHEV,2019.0,,17000.0
Italy,Historical,EV stock,Cars,PHEV,2020.0,Vehicles,44000.0
Italy,Historical,EV sales,Cars,PHEV,2020.0,Vehicles,
Italy,Historical,EV stock,Cars,FCEV,2020.0,Vehicles,35.0
Italy,Historical,EV sales,Cars,FCEV,2020.0,Vehicles,
Italy,Historical,EV stock,Cars,BEV,2020.0,Vehicles,55000.0
Italy,Historical,EV stock,Buses,FCEV,2020.0,Vehicles,13.0
Italy,Historical,EV sales,Vans,BEV,2020.0,Vehicles,1200.0
Italy,Historical,EV stock,Vans,,2020.0,Vehicles,
Italy,Historical,EV sales,Vans,,2020.0,Vehicles,53.0
Italy,Historical,EV stock,Vans,BEV,2020.0,Vehicles,6300.0
Italy,Historical,EV sales,Cars,BEV,2020.0,Vehicles,33000.0
Italy,Historical,EV stock,Buses,BEV,2020.0,Vehicles,590.0
Italy,Historical,EV sales share,Vans,EV,2020.0,percent,0.879999995231628
Italy,Historical,EV stock share,Vans,,2020.0,percent,0.150000005960464
Italy,Historical,EV stock share,Buses,EV,2020.0,percent,0.600000023841858
Italy,Historical,EV sales share,Cars,EV,2020.0,percent,4.30000019073486
Italy,Historical,EV stock share,Cars,EV,2020.0,percent,0.25
Italy,Historical,EV sales share,Buses,EV,2020.0,percent,3.09999990463257
Italy,Historical,EV sales,Buses,BEV,2020.0,Vehicles,97.0
Italy,Historical,EV sales,Buses,BEV,2021.0,,
Italy,Historical,EV sales share,Buses,EV,2021.0,percent,
Italy,Historical,EV stock share,Cars,EV,2021.0,percent,0.589999973773956
Italy,Historical,EV sales share,Cars,EV,2021.0,percent,9.5
Italy,Historical,EV stock share,Buses,EV,,percent,0.689999997615814
Italy,Historical,EV stock share,Vans,EV,2021.0,percent,0.230000004172325
Italy,Historical,EV sales share,Vans,EV,2021.0,percent,1.89999997615814
Italy,Historical,EV stock,Buses,,2021.0,Vehicles,670.0
Italy,Historical,EV sales,Cars,BEV,2021.0,Vehicles,67000.0
Italy,Historical,EV stock,Vans,BEV,2021.0,Vehicles,
Italy,Historical,EV sales,Vans,PHEV,2021.0,Vehicles,380.0
Italy,Historical,EV stock,Vans,PHEV,2021.0,Vehicles,490.0
Italy,Historical,EV sales,Vans,BEV,2021.0,Vehicles,
Italy,Historical,EV stock,Buses,FCEV,2021.0,Vehicles,13.0
Italy,Historical,EV stock,Cars,BEV,2021.0,Vehicles,120000.0
Italy,Historical,EV sales,Cars,FCEV,2021.0,Vehicles,10.0
Italy,Historical,EV stock,Cars,FCEV,2021.0,Vehicles,45.0
Italy,Historical,EV sales,Cars,PHEV,2021.0,,71000.0
Italy,Historical,EV stock,Cars,PHEV,2021.0,Vehicles,110000.0
Italy,Historical,EV stock,Cars,PHEV,2022.0,Vehicles,
Italy,Historical,EV sales,Cars,PHEV,2022.0,Vehicles,65000.0
Italy,Historical,EV stock,Cars,FCEV,2022.0,Vehicles,56.0
Italy,Historical,EV sales,Cars,FCEV,2022.0,,11.0
Italy,Historical,EV stock,Cars,BEV,,Vehicles,
Italy,Historical,EV stock,Buses,FCEV,2022.0,Vehicles,13.0
Italy,Historical,EV sales,Vans,BEV,2022.0,Vehicles,4100.0
Italy,Historical,EV stock,Vans,PHEV,2022.0,Vehicles,1100.0
Italy,Historical,EV sales,Vans,PHEV,2022.0,Vehicles,610.0
Italy,Historical,EV stock,Vans,BEV,2022.0,Vehicles,13000.0
Italy,Historical,EV sales,Cars,,2022.0,Vehicles,49000.0
Italy,Historical,EV stock,Buses,BEV,,Vehicles,790.0
Italy,Historical,EV sales share,Vans,EV,2022.0,percent,3.0
Italy,Historical,EV stock share,Vans,EV,2022.0,percent,0.330000013113022
Italy,Historical,EV stock share,Buses,EV,2022.0,percent,0.829999983310699
Italy,Historical,EV sales share,Cars,EV,2022.0,percent,8.60000038146973
Italy,Historical,EV stock share,Cars,EV,2022.0,percent,0.910000026226044
Italy,Historical,EV sales share,Buses,EV,2022.0,percent,4.09999990463257
Italy,Historical,EV sales,Buses,BEV,2022.0,Vehicles,120.0
Italy,Historical,EV sales,Buses,BEV,2023.0,Vehicles,410.0
Italy,Historical,EV sales share,Buses,EV,2023.0,percent,8.0
Italy,Historical,EV sales share,Cars,EV,2023.0,percent,9.19999980926514
Italy,Historical,EV stock share,Buses,EV,2023.0,,1.10000002384186
Italy,Historical,EV stock share,Vans,EV,2023.0,percent,0.550000011920929
Italy,Historical,EV sales share,Vans,EV,2023.0,percent,4.19999980926514
Italy,Historical,EV stock,Buses,BEV,2023.0,Vehicles,1000.0
Italy,Historical,EV sales,Buses,FCEV,2023.0,Vehicles,14.0
Italy,Historical,EV sales,Cars,,2023.0,Vehicles,66000.0
Italy,Historical,EV stock share,Cars,EV,2023.0,percent,1.29999995231628
Italy,Historical,EV stock,Vans,BEV,2023.0,Vehicles,21000.0
Italy,Historical,EV sales,Vans,PHEV,2023.0,,
Italy,Historical,EV stock,Vans,PHEV,2023.0,Vehicles,2100.0
Italy,Historical,EV sales,Vans,BEV,2023.0,Vehicles,7200.0
Italy,Historical,EV stock,Buses,FCEV,2023.0,Vehicles,14.0
Italy,Historical,EV stock,Cars,BEV,2023.0,Vehicles,240000.0
Italy,Historical,EV sales,Cars,FCEV,2023.0,Vehicles,2.0
Italy,Historical,EV stock,Cars,FCEV,2023.0,Vehicles,59.0
Italy,Historical,EV sales,Cars,PHEV,2023.0,Vehicles,70000.0
Italy,Historical,EV stock,Cars,PHEV,2023.0,Vehicles,250000.0
Japan,Historical,EV sales share,Cars,EV,2010.0,percent,0.052999999374151
Japan,Historical,EV stock share,Cars,EV,2010.0,percent,0.006099999882281
Japan,Historical,EV stock,Cars,BEV,2010.0,Vehicles,3500.0
Japan,Historical,EV sales,Cars,FCEV,2010.0,Vehicles,2.0
Japan,Historical,EV sales,Cars,,2010.0,Vehicles,2400.0
Japan,Historical,EV sales,Cars,BEV,2011.0,Vehicles,13000.0
Japan,Historical,EV stock,Vans,BEV,2011.0,Vehicles,850.0
Japan,Historical,EV stock,Cars,BEV,2011.0,Vehicles,16000.0
Japan,Historical,EV sales,Cars,PHEV,2011.0,Vehicles,15.0
Japan,Historical,EV stock,Cars,PHEV,2011.0,Vehicles,15.0
Japan,Historical,EV stock share,Cars,EV,2011.0,percent,0.028000000864267
Japan,Historical,EV sales share,Cars,EV,2011.0,percent,0.28999999165535
Japan,Historical,EV sales share,Vans,EV,2011.0,percent,
Japan,Historical,EV stock share,Vans,EV,2011.0,percent,0.006099999882281
Japan,Historical,EV sales share,Buses,EV,2011.0,percent,0.018999999389052
Japan,Historical,EV stock share,Buses,EV,2011.0,percent,0.00089000002481
Japan,Historical,EV sales,Buses,BEV,2011.0,Vehicles,2.0
Japan,Historical,EV stock,Buses,BEV,2011.0,Vehicles,2.0
Japan,Historical,EV sales,Vans,BEV,2011.0,Vehicles,850.0
Japan,Historical,EV stock,Buses,BEV,2012.0,Vehicles,6.0
Japan,Historical,EV sales,Buses,,2012.0,Vehicles,4.0
Japan,Historical,EV sales,Vans,BEV,2012.0,Vehicles,2500.0
Japan,Historical,EV stock share,Buses,EV,2012.0,percent,0.002700000070035
Japan,Historical,EV sales share,Buses,EV,2012.0,percent,0.032999999821186
Japan,Historical,EV stock share,Vans,EV,2012.0,percent,0.024000000208616
Japan,Historical,EV sales share,Vans,EV,2012.0,percent,0.379999995231628
Japan,Historical,EV sales share,Cars,EV,2012.0,percent,0.449999988079071
Japan,Historical,EV stock share,Cars,EV,2012.0,percent,0.068999998271465
Japan,Historical,EV stock,Cars,PHEV,2012.0,Vehicles,11000.0
Japan,Historical,EV sales,Cars,PHEV,2012.0,Vehicles,
Japan,Historical,EV stock,Cars,BEV,2012.0,Vehicles,
Japan,Historical,EV sales,Cars,FCEV,2012.0,Vehicles,1.0
Japan,Historical,EV stock,Vans,BEV,2012.0,Vehicles,
Japan,Historical,EV sales,Cars,BEV,2012.0,Vehicles,13000.0
Japan,Historical,EV stock,Vans,BEV,2013.0,Vehicles,5400.0
Japan,Historical,EV sales,Cars,FCEV,2013.0,,4.0
Japan,Historical,EV stock,Cars,BEV,2013.0,Vehicles,44000.0
Japan,Historical,EV sales,Cars,BEV,2013.0,Vehicles,15000.0
Japan,Historical,EV sales,Cars,PHEV,2013.0,Vehicles,14000.0
Japan,Historical,EV stock,Cars,PHEV,2013.0,Vehicles,25000.0
Japan,Historical,EV stock share,Cars,EV,2013.0,percent,0.119999997317791
Japan,Historical,EV sales share,Cars,EV,2013.0,percent,0.540000021457672
Japan,Historical,EV sales share,Vans,EV,2013.0,percent,0.310000002384186
Japan,Historical,EV stock share,Vans,EV,2013.0,percent,0.03999999910593
Japan,Historical,EV sales share,Buses,EV,2013.0,percent,0.061999998986721
Japan,Historical,EV stock share,Buses,,2013.0,percent,
Japan,Historical,EV sales,Vans,BEV,2013.0,Vehicles,2100.0
Japan,Historical,EV sales,Buses,BEV,2013.0,Vehicles,7.0
Japan,Historical,EV stock,Buses,,2013.0,Vehicles,13.0
Japan,Historical,EV stock,Buses,BEV,2014.0,Vehicles,19.0
Japan,Historical,EV sales,Buses,BEV,2014.0,Vehicles,6.0
Japan,Historical,EV sales,Vans,,2014.0,Vehicles,
Japan,Historical,EV stock share,Buses,EV,2014.0,percent,0.008399999700487
Japan,Historical,EV sales share,Buses,EV,2014.0,percent,
Japan,Historical,EV stock share,Vans,EV,2014.0,percent,0.048000000417233
Japan,Historical,EV sales share,Vans,EV,2014.0,percent,0.150000005960464
Japan,Historical,EV sales share,Cars,EV,2014.0,percent,0.610000014305115
Japan,Historical,EV stock share,Cars,EV,2014.0,percent,0.189999997615814
Japan,Historical,EV stock,Cars,PHEV,2014.0,Vehicles,
Japan,Historical,EV sales,Cars,PHEV,2014.0,Vehicles,16000.0
Japan,Historical,EV sales,Cars,BEV,2014.0,Vehicles,
Japan,Historical,EV stock,Cars,,2014.0,Vehicles,70000.0
Japan,Historical,EV sales,Cars,FCEV,2014.0,Vehicles,7.0
Japan,Historical,EV stock,Vans,BEV,2014.0,Vehicles,6400.0
Japan,Historical,EV stock,Vans,BEV,2015.0,Vehicles,7300.0
Japan,Historical,EV sales,Cars,FCEV,2015.0,Vehicles,
Japan,Historical,EV stock,Cars,BEV,2015.0,Vehicles,79000.0
Japan,Historical,EV sales,Cars,BEV,2015.0,Vehicles,10000.0
Japan,Historical,EV stock,Cars,FCEV,2015.0,Vehicles,400.0
Japan,Historical,EV stock,Cars,PHEV,2015.0,Vehicles,55000.0
Japan,Historical,EV sales,Cars,PHEV,2015.0,Vehicles,14000.0
Japan,Historical,EV stock share,Cars,EV,2015.0,percent,0.219999998807907
Japan,Historical,EV sales share,Cars,EV,2015.0,percent,0.519999980926514
Japan,Historical,EV sales share,Vans,EV,2015.0,,0.129999995231628
Japan,Historical,EV stock share,Vans,EV,2015.0,percent,0.054000001400709
Japan,Historical,EV sales share,Buses,EV,2015.0,percent,0.014999999664724
Japan,Historical,EV stock share,Buses,EV,2015.0,percent,0.009200000204146
Japan,Historical,EV sales,Vans,BEV,2015.0,Vehicles,830.0
Japan,Historical,EV sales,Buses,BEV,2015.0,Vehicles,2.0
Japan,Historical,EV stock,Buses,BEV,2015.0,Vehicles,21.0
Japan,Historical,EV stock,Buses,BEV,2016.0,Vehicles,29.0
Japan,Historical,EV sales,Buses,BEV,2016.0,Vehicles,
Japan,Historical,EV sales,Vans,BEV,2016.0,Vehicles,320.0
Japan,Historical,EV stock share,Buses,EV,2016.0,percent,0.012000000104308
Japan,Historical,EV sales share,Buses,EV,2016.0,percent,0.052000001072884
Japan,Historical,EV stock share,Vans,EV,2016.0,percent,0.057000000029802
Japan,Historical,EV sales share,Vans,EV,2016.0,percent,0.050999999046326
Japan,Historical,EV sales share,Cars,,2016.0,percent,0.509999990463257
Japan,Historical,EV stock share,Cars,EV,2016.0,percent,
Japan,Historical,EV sales,Cars,PHEV,2016.0,Vehicles,9400.0
Japan,Historical,EV stock,Cars,PHEV,2016.0,Vehicles,65000.0
Japan,Historical,EV stock,Cars,FCEV,2016.0,Vehicles,1400.0
Japan,Historical,EV sales,Cars,BEV,2016.0,Vehicles,15000.0
Japan,Historical,EV stock,Cars,BEV,2016.0,Vehicles,88000.0
Japan,Historical,EV sales,Cars,,2016.0,Vehicles,1100.0
Japan,Historical,EV stock,Vans,BEV,2016.0,Vehicles,7600.0
Japan,Historical,EV stock,Vans,BEV,2017.0,Vehicles,7900.0
Japan,Historical,EV sales,Cars,FCEV,2017.0,Vehicles,850.0
Japan,Historical,EV stock,Cars,BEV,2017.0,Vehicles,100000.0
Japan,Historical,EV sales,Cars,BEV,2017.0,Vehicles,18000.0
Japan,Historical,EV stock,Cars,FCEV,2017.0,Vehicles,
Japan,Historical,EV stock,Cars,PHEV,2017.0,Vehicles,100000.0
Japan,Historical,EV sales,Cars,PHEV,2017.0,Vehicles,36000.0
Japan,Historical,EV stock share,Cars,EV,2017.0,,0.310000002384186
Japan,Historical,EV sales share,Cars,EV,2017.0,percent,
Japan,Historical,EV sales share,Vans,EV,2017.0,percent,0.050000000745058
Japan,Historical,EV stock share,Vans,EV,2017.0,percent,0.059999998658896
Japan,Historical,EV sales share,Buses,EV,2017.0,percent,0.064000003039837
Japan,Historical,EV stock share,Buses,EV,2017.0,percent,0.012000000104308
Japan,Historical,EV sales,Vans,,2017.0,Vehicles,320.0
Japan,Historical,EV sales,Buses,BEV,2017.0,Vehicles,10.0
Japan,Historical,EV stock,Buses,BEV,2017.0,Vehicles,29.0
Japan,Historical,EV stock,Buses,BEV,2018.0,Vehicles,39.0
Japan,Historical,EV stock share,Cars,EV,2018.0,,0.360000014305115
Japan,Historical,EV sales,Buses,BEV,2018.0,Vehicles,10.0
Japan,Historical,EV sales,Vans,BEV,2018.0,Vehicles,280.0
Japan,Historical,EV stock share,Buses,EV,2018.0,percent,0.017000000923872
Japan,Historical,EV sales share,Buses,EV,2018.0,percent,0.072999998927116
Japan,Historical,EV stock share,Vans,EV,2018.0,percent,0.061999998986721
Japan,Historical,EV sales share,Vans,,2018.0,percent,0.03999999910593
Japan,Historical,EV sales share,Cars,EV,2018.0,percent,1.10000002384186
Japan,Historical,EV sales,Cars,PHEV,2018.0,Vehicles,23000.0
Japan,Historical,EV stock,Cars,PHEV,2018.0,Vehicles,120000.0
Japan,Historical,EV stock,Cars,FCEV,2018.0,Vehicles,2900.0
Japan,Historical,EV sales,Cars,BEV,2018.0,Vehicles,27000.0
Japan,Historical,EV stock,Cars,BEV,2018.0,Vehicles,110000.0
Japan,Historical,EV sales,Cars,FCEV,2018.0,Vehicles,610.0
Japan,Historical,EV stock,Vans,BEV,2018.0,Vehicles,8200.0
Japan,Historical,EV stock,Vans,BEV,2019.0,Vehicles,8700.0
Japan,Historical,EV sales,Cars,FCEV,2019.0,Vehicles,670.0
Japan,Historical,EV stock,Cars,BEV,2019.0,Vehicles,120000.0
Japan,Historical,EV sales,Cars,BEV,2019.0,Vehicles,21000.0
Japan,Historical,EV stock,Cars,FCEV,2019.0,Vehicles,3600.0
Japan,Historical,EV stock,Cars,PHEV,2019.0,Vehicles,140000.0
Japan,Historical,EV sales,Cars,PHEV,2019.0,Vehicles,18000.0
Japan,Historical,EV sales share,Cars,EV,2019.0,percent,0.860000014305115
Japan,Historical,EV sales share,Vans,EV,2019.0,percent,0.075000002980232
Japan,Historical,EV stock share,Vans,EV,2019.0,percent,0.06700000166893
Japan,Historical,EV sales share,Buses,EV,2019.0,percent,0.059000000357628
Japan,Historical,EV stock share,Buses,EV,2019.0,percent,0.019999999552965
Japan,Historical,EV sales,Vans,BEV,2019.0,Vehicles,520.0
Japan,Historical,EV sales,Buses,BEV,2019.0,Vehicles,8.0
Japan,Historical,EV stock share,Cars,EV,2019.0,percent,0.409999996423721
Japan,Historical,EV stock,Buses,BEV,2019.0,Vehicles,47.0
Japan,Historical,EV stock,Buses,BEV,2020.0,Vehicles,57.0
Japan,Historical,EV stock share,Cars,EV,2020.0,percent,0.449999988079071
Japan,Historical,EV sales,Buses,FCEV,2020.0,Vehicles,100.0
Japan,Historical,EV stock,Buses,FCEV,2020.0,Vehicles,10.0
Japan,Historical,EV sales,Buses,BEV,2020.0,Vehicles,10.0
Japan,Historical,EV sales,Vans,BEV,2020.0,,1500.0
Japan,Historical,EV stock share,Buses,EV,2020.0,percent,0.025000000372529
Japan,Historical,EV sales share,Buses,,2020.0,percent,0.109999999403954
Japan,Historical,EV stock share,Vans,EV,2020.0,percent,0.078000001609325
Japan,Historical,EV sales share,Vans,EV,2020.0,percent,0.239999994635582
Japan,Historical,EV sales share,Cars,EV,2020.0,percent,0.75
Japan,Historical,EV sales,Cars,PHEV,2020.0,Vehicles,15000.0
Japan,Historical,EV stock,Cars,PHEV,2020.0,Vehicles,160000.0
Japan,Historical,EV stock,Cars,FCEV,2020.0,Vehicles,
Japan,Historical,EV sales,Cars,BEV,2020.0,Vehicles,15000.0
Japan,Historical,EV stock,Cars,BEV,2020.0,Vehicles,140000.0
Japan,Historical,EV sales,Cars,,2020.0,Vehicles,490.0
Japan,Historical,EV stock,Vans,BEV,2020.0,Vehicles,10000.0
Japan,Historical,EV stock,Vans,BEV,2021.0,Vehicles,11000.0
Japan,Historical,EV sales,Cars,FCEV,2021.0,Vehicles,2500.0
Japan,Historical,EV stock,Cars,BEV,,Vehicles,160000.0
Japan,Historical,EV sales,Cars,BEV,2021.0,Vehicles,22000.0
Japan,Historical,EV stock,Cars,FCEV,2021.0,Vehicles,6600.0
Japan,Historical,EV stock,Cars,PHEV,2021.0,Vehicles,180000.0
Japan,Historical,EV sales,Cars,PHEV,2021.0,Vehicles,
Japan,Historical,EV sales share,Cars,EV,2021.0,percent,1.20000004768372
Japan,Historical,EV sales share,Vans,EV,2021.0,percent,0.150000005960464
Japan,Historical,EV stock share,Vans,EV,2021.0,percent,0.08500000089407
Japan,Historical,EV sales share,Buses,EV,2021.0,percent,0.46000000834465
Japan,Historical,EV stock share,Buses,EV,2021.0,percent,0.026000000536442
Japan,Historical,EV sales,Vans,BEV,2021.0,Vehicles,920.0
Japan,Historical,EV sales,Buses,BEV,2021.0,Vehicles,32.0
Japan,Historical,EV stock share,Cars,EV,2021.0,percent,
Japan,Historical,EV stock,Buses,BEV,2021.0,Vehicles,57.0
Japan,Historical,EV stock,Buses,BEV,2022.0,Vehicles,77.0
Japan,Historical,EV stock share,Cars,EV,2022.0,percent,
Japan,Historical,EV stock,Buses,FCEV,2022.0,Vehicles,10.0
Japan,Historical,EV sales,Buses,BEV,2022.0,Vehicles,20.0
Japan,Historical,EV sales,Vans,BEV,2022.0,Vehicles,1600.0
Japan,Historical,EV stock share,Buses,EV,2022.0,percent,0.037000000476837
Japan,Historical,EV sales share,Buses,EV,2022.0,percent,0.360000014305115
Japan,Historical,EV stock share,Vans,EV,2022.0,percent,0.310000002384186
Japan,Historical,EV sales share,Vans,EV,2022.0,percent,0.25
Japan,Historical,EV sales share,Cars,EV,2022.0,percent,2.79999995231628
Japan,Historical,EV sales,Cars,PHEV,2022.0,Vehicles,38000.0
Japan,Historical,EV stock,Cars,PHEV,2022.0,Vehicles,200000.0
Japan,Historical,EV stock,Cars,,2022.0,Vehicles,7600.0
Japan,Historical,EV sales,Cars,BEV,2022.0,Vehicles,59000.0
Japan,Historical,EV stock,Cars,BEV,2022.0,Vehicles,210000.0
Japan,Historical,EV sales,Cars,FCEV,2022.0,Vehicles,990.0
Japan,Historical,EV stock,Vans,BEV,2022.0,Vehicles,39000.0
Japan,Historical,EV stock,Vans,BEV,2023.0,Vehicles,15000.0
Japan,Historical,EV sales,Cars,FCEV,2023.0,Vehicles,
Japan,Historical,EV stock,Cars,BEV,2023.0,Vehicles,290000.0
Japan,Historical,EV sales,Cars,BEV,2023.0,Vehicles,88000.0
Japan,Historical,EV stock,Cars,FCEV,2023.0,Vehicles,7900.0
Japan,Historical,EV stock,Cars,PHEV,2023.0,Vehicles,250000.0
Japan,Historical,EV sales,Cars,PHEV,2023.0,Vehicles,52000.0
Japan,Historical,EV sales share,Cars,EV,2023.0,percent,3.59999990463257
Japan,Historical,EV sales share,Vans,EV,2023.0,percent,0.430000007152557
Japan,Historical,EV stock share,Vans,EV,2023.0,percent,
Japan,Historical,EV sales share,Buses,EV,2023.0,percent,
Japan,Historical,EV stock share,Buses,EV,2023.0,percent,0.087999999523163
Japan,Historical,EV sales,Vans,BEV,2023.0,Vehicles,2800.0
Japan,Historical,EV sales,Buses,BEV,2023.0,Vehicles,69.0
Japan,Historical,EV stock,Buses,FCEV,2023.0,Vehicles,100.0
Japan,Historical,EV stock share,Cars,EV,2023.0,percent,
Japan,Historical,EV stock,Buses,BEV,2023.0,Vehicles,170.0
Korea,Historical,EV stock,Buses,BEV,2010.0,Vehicles,5.0
Korea,Historical,EV sales,Buses,BEV,2010.0,Vehicles,
Korea,Historical,EV sales,Cars,BEV,2010.0,Vehicles,61.0
Korea,Historical,EV stock,Cars,BEV,2010.0,Vehicles,
Korea,Historical,EV sales share,Buses,EV,2010.0,percent,0.007000000216067
Korea,Historical,EV stock share,Buses,EV,2010.0,percent,0.000869999988936
Korea,Historical,EV stock share,Cars,EV,2010.0,percent,0.000399999989895
Korea,Historical,EV sales share,Cars,EV,2010.0,percent,0.004999999888241
Korea,Historical,EV sales share,Cars,EV,2011.0,percent,0.023000000044704
Korea,Historical,EV stock share,Cars,EV,2011.0,percent,0.002199999988079
Korea,Historical,EV stock share,Buses,EV,2011.0,,0.001700000022538
Korea,Historical,EV sales share,Buses,EV,2011.0,percent,0.005400000140071
Korea,Historical,EV stock,Cars,BEV,2011.0,,340.0
Korea,Historical,EV sales,Cars,BEV,,Vehicles,270.0
Korea,Historical,EV sales,Buses,BEV,2011.0,Vehicles,4.0
Korea,Historical,EV stock,Buses,BEV,2011.0,Vehicles,9.0
Korea,Historical,EV stock,Buses,BEV,2012.0,Vehicles,11.0
Korea,Historical,EV sales,Buses,BEV,2012.0,Vehicles,2.0
Korea,Historical,EV sales,Cars,BEV,2012.0,Vehicles,
Korea,Historical,EV stock,Cars,BEV,2012.0,Vehicles,
Korea,Historical,EV sales share,Buses,EV,2012.0,percent,0.00289999996312
Korea,Historical,EV stock share,Buses,EV,2012.0,percent,0.002099999925122
Korea,Historical,EV stock share,Cars,EV,2012.0,percent,0.005400000140071
Korea,Historical,EV sales share,Cars,EV,2012.0,percent,0.041000001132488
Korea,Historical,EV sales share,Cars,EV,2013.0,percent,0.0489999987185
Korea,Historical,EV stock share,Cars,EV,2013.0,percent,
Korea,Historical,EV stock share,Buses,EV,2013.0,,0.003400000045076
Korea,Historical,EV sales share,Buses,EV,2013.0,percent,0.008100000210106
Korea,Historical,EV stock,Cars,BEV,2013.0,Vehicles,1400.0
Korea,Historical,EV sales,Cars,BEV,2013.0,Vehicles,600.0
Korea,Historical,EV sales,Buses,BEV,2013.0,Vehicles,6.0
Korea,Historical,EV stock,Buses,BEV,2013.0,Vehicles,17.0
Korea,Historical,EV stock,Buses,BEV,2014.0,Vehicles,20.0
Korea,Historical,EV sales,Buses,BEV,2014.0,Vehicles,3.0
Korea,Historical,EV sales,Cars,BEV,2014.0,Vehicles,1300.0
Korea,Historical,EV stock,Cars,BEV,2014.0,Vehicles,2700.0
Korea,Historical,EV sales share,Buses,EV,2014.0,percent,0.003899999894202
Korea,Historical,EV stock share,Buses,EV,2014.0,percent,0.004100000020117
Korea,Historical,EV stock share,Cars,EV,2014.0,percent,0.017000000923872
Korea,Historical,EV sales share,Cars,EV,2014.0,percent,0.093000002205372
Korea,Historical,EV sales share,Cars,EV,2015.0,percent,
Korea,Historical,EV stock share,Cars,EV,2015.0,percent,0.035999998450279
Korea,Historical,EV stock share,Buses,,2015.0,percent,0.004499999806285
Korea,Historical,EV sales share,Buses,EV,2015.0,percent,0.002700000070035
Korea,Historical,EV sales share,Vans,EV,2015.0,percent,0.010999999940395
Korea,Historical,EV stock share,Vans,EV,2015.0,percent,0.000750000006519
Korea,Historical,EV stock,Cars,BEV,2015.0,Vehicles,5800.0
Korea,Historical,EV sales,Cars,BEV,2015.0,Vehicles,
Korea,Historical,EV sales,Cars,FCEV,2015.0,Vehicles,29.0
Korea,Historical,EV stock,Cars,FCEV,2015.0,Vehicles,12.0
Korea,Historical,EV sales,Cars,PHEV,2015.0,Vehicles,250.0
Korea,Historical,EV stock,Cars,PHEV,2015.0,Vehicles,250.0
Korea,Historical,EV sales,Buses,BEV,2015.0,Vehicles,2.0
Korea,Historical,EV stock,Buses,BEV,2015.0,Vehicles,22.0
Korea,Historical,EV stock,Vans,BEV,2015.0,Vehicles,18.0
Korea,Historical,EV sales,Vans,BEV,2015.0,Vehicles,18.0
Korea,Historical,EV sales,Vans,BEV,2016.0,Vehicles,
Korea,Historical,EV stock,Vans,BEV,2016.0,Vehicles,
Korea,Historical,EV stock,Buses,BEV,2016.0,,52.0
Korea,Historical,EV sales,Buses,BEV,2016.0,Vehicles,30.0
Korea,Historical,EV stock,Cars,PHEV,2016.0,Vehicles,580.0
Korea,Historical,EV sales,Cars,,2016.0,Vehicles,330.0
Korea,Historical,EV stock,Cars,FCEV,2016.0,Vehicles,46.0
Korea,Historical,EV sales,Cars,FCEV,2016.0,Vehicles,58.0
Korea,Historical,EV sales,Cars,BEV,2016.0,Vehicles,4700.0
Korea,Historical,EV stock,Cars,BEV,2016.0,Vehicles,10000.0
Korea,Historical,EV stock share,Vans,EV,2016.0,percent,0.001300000003539
Korea,Historical,EV sales share,Vans,EV,2016.0,percent,0.009399999864399
Korea,Historical,EV sales share,Buses,,2016.0,percent,0.041999999433756
Korea,Historical,EV stock share,Buses,EV,2016.0,percent,0.010999999940395
Korea,Historical,EV stock share,Cars,,2016.0,percent,0.064000003039837
Korea,Historical,EV sales share,Cars,EV,2016.0,percent,0.330000013113022
Korea,Historical,EV sales share,Cars,EV,2017.0,percent,0.949999988079071
Korea,Historical,EV stock share,Cars,EV,2017.0,percent,
Korea,Historical,EV stock share,Buses,EV,2017.0,percent,
Korea,Historical,EV stock share,Vans,,2017.0,percent,0.001300000003539
Korea,Historical,EV stock,Cars,BEV,2017.0,Vehicles,24000.0
Korea,Historical,EV sales,Cars,BEV,2017.0,Vehicles,14000.0
Korea,Historical,EV sales,Cars,FCEV,2017.0,Vehicles,75.0
Korea,Historical,EV stock,Cars,FCEV,2017.0,Vehicles,100.0
Korea,Historical,EV sales,Cars,PHEV,2017.0,Vehicles,670.0
Korea,Historical,EV stock,Cars,PHEV,2017.0,Vehicles,1300.0
Korea,Historical,EV stock,Buses,BEV,2017.0,Vehicles,52.0
Korea,Historical,EV stock,Vans,,2017.0,Vehicles,32.0
Korea,Historical,EV stock,Vans,,2018.0,,330.0
Korea,Historical,EV sales,Vans,,2018.0,Vehicles,300.0
Korea,Historical,EV stock,Buses,BEV,2018.0,Vehicles,100.0
Korea,Historical,EV sales,Buses,BEV,2018.0,Vehicles,50.0
Korea,Historical,EV stock,Cars,PHEV,2018.0,Vehicles,5600.0
Korea,Historical,EV sales,Cars,PHEV,2018.0,Vehicles,4400.0
Korea,Historical,EV stock,Cars,FCEV,2018.0,Vehicles,
Korea,Historical,EV sales,Cars,FCEV,2018.0,Vehicles,910.0
Korea,Historical,EV sales,Cars,BEV,2018.0,Vehicles,55000.0
Korea,Historical,EV stock,Cars,BEV,2018.0,Vehicles,55000.0
Korea,Historical,EV sales,Vans,FCEV,2018.0,,2.0
Korea,Historical,EV stock share,Vans,EV,2018.0,percent,0.013000000268221
Korea,Historical,EV sales share,Vans,EV,2018.0,percent,0.140000000596046
Korea,Historical,EV stock share,Buses,EV,2018.0,percent,0.017000000923872
Korea,Historical,EV sales share,Buses,EV,2018.0,percent,0.035000000149012
Korea,Historical,EV stock share,Cars,EV,2018.0,percent,
Korea,Historical,EV sales share,Cars,EV,2018.0,percent,3.79999995231628
Korea,Historical,EV sales share,Cars,EV,2019.0,percent,2.29999995231628
Korea,Historical,EV stock share,Cars,EV,2019.0,percent,0.529999971389771
Korea,Historical,EV sales share,Buses,EV,2019.0,percent,0.086000002920628
Korea,Historical,EV stock share,Buses,EV,,percent,0.032999999821186
Korea,Historical,EV sales share,Vans,EV,2019.0,percent,0.730000019073486
Korea,Historical,EV stock share,Vans,EV,2019.0,percent,0.072999998927116
Korea,Historical,EV sales,Vans,FCEV,2019.0,Vehicles,15.0
Korea,Historical,EV stock,Cars,BEV,2019.0,Vehicles,89000.0
Korea,Historical,EV sales,Cars,BEV,2019.0,Vehicles,33000.0
Korea,Historical,EV sales,Cars,FCEV,2019.0,Vehicles,4200.0
Korea,Historical,EV stock,Cars,,2019.0,Vehicles,5100.0
Korea,Historical,EV sales,Cars,PHEV,2019.0,Vehicles,
Korea,Historical,EV stock,Cars,,2019.0,Vehicles,11000.0
Korea,Historical,EV sales,Buses,BEV,2019.0,Vehicles,110.0
Korea,Historical,EV stock,Buses,BEV,2019.0,Vehicles,
Korea,Historical,EV stock,Buses,FCEV,2019.0,Vehicles,15.0
Korea,Historical,EV sales,Vans,,2019.0,Vehicles,1500.0
Korea,Historical,EV stock,Vans,BEV,2019.0,Vehicles,
Korea,Historical,EV sales,Vans,BEV,2020.0,Vehicles,15000.0
Korea,Historical,EV stock,Buses,FCEV,2020.0,Vehicles,52.0
Korea,Historical,EV sales,Buses,FCEV,2020.0,Vehicles,
Korea,Historical,EV stock,Buses,BEV,2020.0,Vehicles,1800.0
Korea,Historical,EV sales,Buses,BEV,2020.0,Vehicles,700.0
Korea,Historical,EV stock,Cars,PHEV,2020.0,Vehicles,
Korea,Historical,EV sales,Cars,PHEV,2020.0,Vehicles,8700.0
Korea,Historical,EV stock,Cars,FCEV,2020.0,Vehicles,10000.0
Korea,Historical,EV sales,Cars,FCEV,2020.0,Vehicles,
Korea,Historical,EV sales,Cars,BEV,2020.0,Vehicles,31000.0
Korea,Historical,EV stock,Cars,BEV,2020.0,Vehicles,120000.0
Korea,Historical,EV stock,Vans,BEV,2020.0,Vehicles,16000.0
Korea,Historical,EV sales,Vans,FCEV,2020.0,Vehicles,60.0
Korea,Historical,EV stock share,Vans,EV,2020.0,percent,0.629999995231628
Korea,Historical,EV sales share,Vans,EV,2020.0,percent,6.0
Korea,Historical,EV stock share,Buses,EV,2020.0,percent,0.259999990463257
Korea,Historical,EV sales share,Buses,EV,2020.0,percent,0.479999989271164
Korea,Historical,EV stock share,Cars,EV,2020.0,percent,0.740000009536743
Korea,Historical,EV sales share,Cars,EV,2020.0,percent,2.40000009536743
Korea,Historical,EV sales share,Cars,EV,2021.0,percent,
Korea,Historical,EV stock share,Cars,EV,2021.0,percent,
Korea,Historical,EV sales share,Buses,EV,2021.0,percent,0.209999993443489
Korea,Historical,EV stock share,Buses,EV,2021.0,percent,0.400000005960465
Korea,Historical,EV sales share,Vans,EV,2021.0,percent,12.0
Korea,Historical,EV stock share,Vans,EV,2021.0,percent,1.70000004768372
Korea,Historical,EV sales,Vans,FCEV,2021.0,Vehicles,54.0
Korea,Historical,EV stock,Vans,BEV,2021.0,Vehicles,45000.0
Korea,Historical,EV stock,Cars,BEV,2021.0,,190000.0
Korea,Historical,EV sales,Cars,BEV,2021.0,Vehicles,72000.0
Korea,Historical,EV sales,Cars,,2021.0,Vehicles,9200.0
Korea,Historical,EV stock,Cars,FCEV,2021.0,Vehicles,19000.0
Korea,Historical,EV sales,Cars,PHEV,2021.0,Vehicles,19000.0
Korea,Historical,EV stock,Cars,PHEV,2021.0,Vehicles,44000.0
Korea,Historical,EV sales,Buses,BEV,2021.0,Vehicles,340.0
Korea,Historical,EV stock,Buses,BEV,2021.0,Vehicles,3100.0
Korea,Historical,EV sales,Buses,FCEV,2021.0,Vehicles,77.0
Korea,Historical,EV stock,Buses,FCEV,2021.0,Vehicles,
Korea,Historical,EV sales,Vans,BEV,2021.0,Vehicles,29000.0
Korea,Historical,EV sales,Vans,BEV,2022.0,Vehicles,36000.0
Korea,Historical,EV stock,Buses,FCEV,2022.0,Vehicles,280.0
Korea,Historical,EV sales,Buses,FCEV,2022.0,,150.0
Korea,Historical,EV stock,Buses,BEV,2022.0,Vehicles,5200.0
Korea,Historical,EV sales,Buses,BEV,2022.0,,640.0
Korea,Historical,EV stock,Cars,PHEV,2022.0,Vehicles,57000.0
Korea,Historical,EV sales,Cars,PHEV,2022.0,Vehicles,11000.0
Korea,Historical,EV stock,Cars,FCEV,2022.0,Vehicles,29000.0
Korea,Historical,EV sales,Cars,FCEV,2022.0,Vehicles,10000.0
Korea,Historical,EV sales,Cars,BEV,2022.0,Vehicles,120000.0
Korea,Historical,EV stock,Cars,BEV,2022.0,Vehicles,
Korea,Historical,EV stock,Vans,BEV,2022.0,Vehicles,81000.0
Korea,Historical,EV stock share,Vans,EV,2022.0,percent,2.90000009536743
Korea,Historical,EV sales share,Vans,,2022.0,percent,15.0
Korea,Historical,EV stock share,Buses,EV,2022.0,percent,
Korea,Historical,EV sales share,Buses,EV,2022.0,percent,0.25
Korea,Historical,EV stock share,Cars,EV,2022.0,percent,1.70000004768372
Korea,Historical,EV sales share,Cars,EV,2022.0,,8.5
Korea,Historical,EV sales share,Cars,EV,2023.0,percent,7.90000009536743
Korea,Historical,EV stock share,Cars,EV,2023.0,percent,2.40000009536743
Korea,Historical,EV sales share,Buses,EV,2023.0,,0.97000002861023
Korea,Historical,EV stock share,Buses,EV,2023.0,percent,0.409999996423721
Korea,Historical,EV sales share,Vans,EV,2023.0,percent,
Korea,Historical,EV stock share,Vans,EV,2023.0,percent,4.19999980926514
Korea,Historical,EV stock,Vans,BEV,2023.0,Vehicles,
Korea,Historical,EV stock,Cars,BEV,2023.0,Vehicles,460000.0
Korea,Historical,EV sales,Cars,BEV,2023.0,Vehicles,120000.0
Korea,Historical,EV sales,Cars,FCEV,2023.0,Vehicles,4300.0
Korea,Historical,EV stock,Cars,FCEV,2023.0,Vehicles,
Korea,Historical,EV sales,Cars,PHEV,2023.0,Vehicles,12000.0
Korea,Historical,EV stock,Cars,PHEV,2023.0,Vehicles,59000.0
Korea,Historical,EV sales,Buses,BEV,2023.0,Vehicles,2500.0
Korea,Historical,EV stock,Buses,BEV,2023.0,Vehicles,4400.0
Korea,Historical,EV sales,Buses,FCEV,2023.0,Vehicles,370.0
Korea,Historical,EV stock,Buses,FCEV,2023.0,Vehicles,650.0
Korea,Historical,EV sales,Vans,BEV,2023.0,Vehicles,41000.0
Latvia,Historical,EV sales share,Cars,EV,2015.0,percent,0.189999997615814
Latvia,Historical,EV sales,Cars,PHEV,2015.0,Vehicles,
Latvia,Historical,EV sales,Cars,BEV,2015.0,Vehicles,17.0
Latvia,Historical,EV sales,Cars,BEV,2016.0,Vehicles,22.0
Latvia,Historical,EV sales,Cars,PHEV,2016.0,Vehicles,18.0
Latvia,Historical,EV sales share,Cars,EV,2016.0,percent,0.239999994635582
Latvia,Historical,EV sales share,Cars,EV,2017.0,percent,
Latvia,Historical,EV sales,Cars,PHEV,,Vehicles,18.0
Latvia,Historical,EV sales,Cars,BEV,2017.0,Vehicles,22.0
Latvia,Historical,EV sales,Cars,BEV,2018.0,Vehicles,73.0
Latvia,Historical,EV sales,Cars,PHEV,2018.0,Vehicles,17.0
Latvia,Historical,EV sales share,Cars,EV,2018.0,percent,
Latvia,Historical,EV sales share,Cars,EV,2019.0,percent,0.540000021457672
Latvia,Historical,EV sales,Cars,PHEV,2019.0,Vehicles,12.0
Latvia,Historical,EV sales,Cars,BEV,2019.0,Vehicles,86.0
Latvia,Historical,EV sales,Cars,BEV,2020.0,Vehicles,310.0
Latvia,Historical,EV sales,Cars,PHEV,2020.0,Vehicles,73.0
Latvia,Historical,EV sales share,Cars,EV,2020.0,,2.59999990463257
Latvia,Historical,EV sales share,Cars,EV,2021.0,percent,3.90000009536743
Latvia,Historical,EV sales,Cars,PHEV,2021.0,Vehicles,140.0
Latvia,Historical,EV sales,Cars,BEV,2021.0,Vehicles,410.0
Latvia,Historical,EV sales,Cars,BEV,2022.0,Vehicles,1100.0
Latvia,Historical,EV sales,Cars,PHEV,2022.0,Vehicles,300.0
Latvia,Historical,EV sales share,Cars,EV,2022.0,percent,8.10000038146973
Latvia,Historical,EV sales share,Cars,EV,2023.0,percent,11.0
Latvia,Historical,EV sales,Cars,PHEV,2023.0,Vehicles,360.0
Latvia,Historical,EV sales,Cars,BEV,,Vehicles,1700.0
Lithuania,Historical,EV sales,Cars,BEV,2015.0,Vehicles,37.0
Lithuania,Historical,EV sales share,Cars,EV,2015.0,percent,0.219999998807907
Lithuania,Historical,EV sales share,Cars,EV,2016.0,percent,0.319999992847443
Lithuania,Historical,EV sales,Cars,BEV,2016.0,Vehicles,64.0
Lithuania,Historical,EV sales,Cars,BEV,2017.0,Vehicles,52.0
Lithuania,Historical,EV sales share,Cars,EV,2017.0,percent,0.200000002980232
Lithuania,Historical,EV sales,Cars,BEV,2018.0,Vehicles,140.0
Lithuania,Historical,EV sales,Cars,BEV,2019.0,Vehicles,160.0
Lithuania,Historical,EV sales share,Cars,EV,2019.0,percent,0.349999994039536
Lithuania,Historical,EV sales share,Cars,,2020.0,percent,1.10000002384186
Lithuania,Historical,EV sales,Cars,BEV,2020.0,Vehicles,450.0
Lithuania,Historical,EV sales,Cars,BEV,2021.0,Vehicles,1200.0
Lithuania,Historical,EV sales,Cars,PHEV,2021.0,Vehicles,400.0
Lithuania,Historical,EV sales share,Cars,EV,2021.0,percent,5.0
Lithuania,Historical,EV sales share,Cars,EV,2022.0,percent,7.90000009536743
Lithuania,Historical,EV sales,Cars,PHEV,2022.0,Vehicles,670.0
Lithuania,Historical,EV sales,Cars,BEV,2022.0,Vehicles,1400.0
Lithuania,Historical,EV sales,Cars,BEV,2023.0,Vehicles,2100.0
Lithuania,Historical,EV sales share,Cars,EV,2023.0,percent,7.5
Luxembourg,Historical,EV sales share,Cars,EV,2019.0,percent,3.5
Luxembourg,Historical,EV sales,Cars,PHEV,2019.0,Vehicles,
Luxembourg,Historical,EV sales,Cars,BEV,2019.0,Vehicles,990.0
Luxembourg,Historical,EV sales,Cars,BEV,2020.0,Vehicles,
Luxembourg,Historical,EV sales,Cars,PHEV,2020.0,Vehicles,2700.0
Luxembourg,Historical,EV sales share,Cars,EV,2020.0,percent,11.0
Luxembourg,Historical,EV sales share,Cars,,2021.0,percent,20.0
Luxembourg,Historical,EV sales,Cars,PHEV,2021.0,Vehicles,4400.0
Luxembourg,Historical,EV sales,Cars,BEV,2021.0,Vehicles,4600.0
Luxembourg,Historical,EV sales,Cars,BEV,2022.0,Vehicles,6400.0
Luxembourg,Historical,EV sales,Cars,PHEV,2022.0,Vehicles,3800.0
Luxembourg,Historical,EV sales share,Cars,,2022.0,percent,24.0
Luxembourg,Historical,EV sales share,Cars,EV,2023.0,percent,32.0
Luxembourg,Historical,EV sales,Cars,PHEV,2023.0,Vehicles,4800.0
Luxembourg,Historical,EV sales,Cars,BEV,2023.0,Vehicles,11000.0
Mexico,Historical,EV sales,Cars,BEV,2011.0,Vehicles,3.0
Mexico,Historical,EV stock,Cars,BEV,,Vehicles,
Mexico,Historical,EV sales share,Cars,EV,2011.0,percent,0.000260000000708
Mexico,Historical,EV stock share,Cars,EV,2011.0,percent,1.49999996210681e-05
Mexico,Historical,EV stock share,Cars,,2012.0,percent,0.000440000003437
Mexico,Historical,EV sales share,Cars,EV,2012.0,percent,0.007699999958277
Mexico,Historical,EV stock,Cars,BEV,2012.0,Vehicles,91.0
Mexico,Historical,EV sales,Cars,BEV,2012.0,Vehicles,88.0
Mexico,Historical,EV sales,Cars,BEV,2013.0,Vehicles,12.0
Mexico,Historical,EV stock,Cars,BEV,2013.0,,100.0
Mexico,Historical,EV sales share,Cars,EV,2013.0,percent,0.00089000002481
Mexico,Historical,EV stock share,Cars,EV,2013.0,,0.000479999987874
Mexico,Historical,EV stock share,Cars,EV,2014.0,percent,0.000669999979436
Mexico,Historical,EV sales share,Cars,EV,2014.0,percent,0.003800000064075
Mexico,Historical,EV stock,Cars,BEV,2014.0,Vehicles,150.0
Mexico,Historical,EV sales,Cars,BEV,2014.0,Vehicles,48.0
Mexico,Historical,EV sales,Cars,BEV,2015.0,Vehicles,92.0
Mexico,Historical,EV stock,Cars,,2015.0,,240.0
Mexico,Historical,EV sales,Cars,PHEV,2015.0,Vehicles,
Mexico,Historical,EV stock,Cars,PHEV,2015.0,Vehicles,7.0
Mexico,Historical,EV sales share,Cars,EV,2015.0,percent,
Mexico,Historical,EV stock share,Cars,,2015.0,percent,
Mexico,Historical,EV stock share,Cars,EV,2016.0,percent,0.004199999850243
Mexico,Historical,EV sales share,Cars,EV,2016.0,percent,0.052999999374151
Mexico,Historical,EV stock,Cars,PHEV,2016.0,Vehicles,530.0
Mexico,Historical,EV sales,Cars,PHEV,2016.0,Vehicles,520.0
Mexico,Historical,EV stock,Cars,BEV,2016.0,Vehicles,
Mexico,Historical,EV sales,Cars,BEV,2016.0,Vehicles,250.0
Mexico,Historical,EV sales,Cars,BEV,2017.0,Vehicles,230.0
Mexico,Historical,EV stock,Cars,BEV,2017.0,Vehicles,730.0
Mexico,Historical,EV sales,Cars,PHEV,2017.0,Vehicles,970.0
Mexico,Historical,EV stock,Cars,PHEV,2017.0,Vehicles,1500.0
Mexico,Historical,EV sales share,Cars,EV,2017.0,percent,0.086000002920628
Mexico,Historical,EV stock share,Cars,EV,2017.0,percent,0.008899999782443
Mexico,Historical,EV stock share,Cars,EV,2018.0,percent,
Mexico,Historical,EV sales share,Cars,EV,2018.0,percent,
Mexico,Historical,EV stock,Cars,PHEV,2018.0,Vehicles,3100.0
Mexico,Historical,EV sales,Cars,PHEV,2018.0,Vehicles,1600.0
Mexico,Historical,EV stock,Cars,BEV,2018.0,Vehicles,
Mexico,Historical,EV sales,Cars,BEV,2018.0,Vehicles,200.0
Mexico,Historical,EV sales,Cars,BEV,2019.0,Vehicles,
Mexico,Historical,EV stock,Cars,BEV,2019.0,Vehicles,1200.0
Mexico,Historical,EV sales,Cars,PHEV,2019.0,Vehicles,1400.0
Mexico,Historical,EV stock,Cars,PHEV,2019.0,Vehicles,
Mexico,Historical,EV sales share,Cars,EV,2019.0,percent,0.140000000596046
Mexico,Historical,EV stock share,Cars,,2019.0,percent,0.020999999716878
Mexico,Historical,EV stock share,Cars,EV,2020.0,percent,0.035000000149012
Mexico,Historical,EV sales share,Cars,EV,2020.0,percent,0.449999988079071
Mexico,Historical,EV stock,Cars,,2020.0,Vehicles,6400.0
Mexico,Historical,EV sales,Cars,PHEV,2020.0,Vehicles,2000.0
Mexico,Historical,EV stock,Cars,BEV,2020.0,Vehicles,3100.0
Mexico,Historical,EV sales,Cars,BEV,2020.0,,1800.0
Mexico,Historical,EV sales,Cars,BEV,2021.0,Vehicles,3000.0
Mexico,Historical,EV stock,Cars,BEV,2021.0,Vehicles,6100.0
Mexico,Historical,EV sales,Cars,PHEV,2021.0,Vehicles,
Mexico,Historical,EV stock,Cars,PHEV,2021.0,Vehicles,9900.0
Mexico,Historical,EV sales share,Cars,EV,2021.0,percent,0.72000002861023
Mexico,Historical,EV stock share,Cars,EV,2021.0,percent,0.059000000357628
Mexico,Historical,EV stock share,Cars,EV,2022.0,percent,0.089000001549721
Mexico,Historical,EV sales share,Cars,EV,2022.0,,0.889999985694885
Mexico,Historical,EV sales,Cars,PHEV,2022.0,Vehicles,4000.0
Mexico,Historical,EV stock,Cars,BEV,2022.0,Vehicles,10000.0
Mexico,Historical,EV sales,Cars,BEV,2022.0,Vehicles,
Mexico,Historical,EV stock,Cars,PHEV,2022.0,Vehicles,14000.0
Mexico,Historical,EV stock,Cars,PHEV,2023.0,Vehicles,16000.0
Mexico,Historical,EV sales,Cars,BEV,2023.0,Vehicles,13000.0
Mexico,Historical,EV stock,Cars,BEV,2023.0,Vehicles,
Mexico,Historical,EV sales,Cars,PHEV,,Vehicles,2200.0
Mexico,Historical,EV sales share,Cars,EV,2023.0,percent,1.29999995231628
Mexico,Historical,EV stock share,Cars,EV,2023.0,percent,
Netherlands,Historical,EV sales share,Vans,EV,2010.0,percent,0.079000003635883
Netherlands,Historical,EV stock share,Buses,EV,2010.0,percent,0.150000005960464
Netherlands,Historical,EV stock share,Vans,EV,2010.0,percent,0.009999999776483
Netherlands,Historical,EV sales share,Cars,EV,2010.0,percent,0.025000000372529
Netherlands,Historical,EV stock share,Cars,EV,2010.0,percent,0.00359999993816
Netherlands,Historical,EV stock,Cars,PHEV,2010.0,,11.0
Netherlands,Historical,EV sales,Cars,BEV,2010.0,Vehicles,120.0
Netherlands,Historical,EV stock,Cars,BEV,2010.0,Vehicles,270.0
Netherlands,Historical,EV sales,Vans,BEV,2010.0,Vehicles,39.0
Netherlands,Historical,EV stock,Buses,,2010.0,Vehicles,15.0
Netherlands,Historical,EV stock,Vans,BEV,2010.0,Vehicles,86.0
Netherlands,Historical,EV stock,Vans,BEV,2011.0,Vehicles,160.0
Netherlands,Historical,EV stock,Buses,BEV,2011.0,Vehicles,22.0
Netherlands,Historical,EV sales,Vans,BEV,2011.0,Vehicles,72.0
Netherlands,Historical,EV stock,Cars,BEV,2011.0,Vehicles,1100.0
Netherlands,Historical,EV sales,Cars,BEV,2011.0,Vehicles,
Netherlands,Historical,EV stock,Cars,PHEV,2011.0,Vehicles,
Netherlands,Historical,EV sales,Cars,PHEV,2011.0,Vehicles,17.0
Netherlands,Historical,EV stock share,Cars,EV,2011.0,percent,0.014999999664724
Netherlands,Historical,EV sales share,Cars,EV,2011.0,percent,0.159999996423721
Netherlands,Historical,EV stock share,Vans,,2011.0,percent,0.017000000923872
Netherlands,Historical,EV stock share,Buses,EV,2011.0,percent,0.219999998807907
Netherlands,Historical,EV sales share,Vans,EV,2011.0,percent,0.119999997317791
Netherlands,Historical,EV sales share,Vans,EV,2012.0,percent,0.589999973773956
Netherlands,Historical,EV stock share,Buses,EV,2012.0,percent,0.239999994635582
Netherlands,Historical,EV stock share,Vans,EV,2012.0,percent,0.054999999701977
Netherlands,Historical,EV sales share,Cars,EV,2012.0,percent,1.0
Netherlands,Historical,EV stock share,Cars,EV,2012.0,percent,0.079000003635883
Netherlands,Historical,EV sales,Cars,PHEV,2012.0,Vehicles,4300.0
Netherlands,Historical,EV stock,Cars,PHEV,2012.0,Vehicles,4400.0
Netherlands,Historical,EV sales,Cars,BEV,2012.0,Vehicles,790.0
Netherlands,Historical,EV stock,Cars,BEV,2012.0,Vehicles,1900.0
Netherlands,Historical,EV sales,Vans,BEV,2012.0,Vehicles,340.0
Netherlands,Historical,EV stock,Buses,BEV,2012.0,Vehicles,23.0
Netherlands,Historical,EV stock,Vans,BEV,2012.0,Vehicles,490.0
Netherlands,Historical,EV stock,Vans,,2013.0,Vehicles,670.0
Netherlands,Historical,EV stock,Buses,BEV,2013.0,Vehicles,39.0
Netherlands,Historical,EV sales,Vans,BEV,2013.0,Vehicles,180.0
Netherlands,Historical,EV sales,Buses,BEV,2013.0,Vehicles,
Netherlands,Historical,EV stock,Cars,BEV,2013.0,Vehicles,4200.0
Netherlands,Historical,EV sales,Cars,BEV,2013.0,Vehicles,2600.0
Netherlands,Historical,EV stock,Cars,PHEV,2013.0,Vehicles,24000.0
Netherlands,Historical,EV sales,Cars,PHEV,2013.0,Vehicles,20000.0
Netherlands,Historical,EV stock share,Cars,EV,2013.0,percent,0.360000014305115
Netherlands,Historical,EV sales share,Cars,EV,2013.0,percent,5.5
Netherlands,Historical,EV stock share,Vans,EV,2013.0,percent,0.075000002980232
Netherlands,Historical,EV sales share,Vans,EV,2013.0,percent,0.349999994039536
Netherlands,Historical,EV stock share,Buses,,2013.0,percent,0.430000007152557
Netherlands,Historical,EV sales share,Buses,EV,2013.0,percent,0.839999973773956
Netherlands,Historical,EV sales share,Buses,EV,2014.0,percent,1.0
Netherlands,Historical,EV stock share,Buses,EV,2014.0,percent,0.519999980926514
Netherlands,Historical,EV sales share,Vans,EV,2014.0,percent,1.10000002384186
Netherlands,Historical,EV stock share,Vans,EV,2014.0,percent,0.140000000596046
Netherlands,Historical,EV sales share,Cars,EV,2014.0,percent,3.90000009536743
Netherlands,Historical,EV stock share,Cars,EV,2014.0,percent,0.550000011920929
Netherlands,Historical,EV sales,Cars,PHEV,2014.0,Vehicles,12000.0
Netherlands,Historical,EV stock,Cars,PHEV,2014.0,Vehicles,37000.0
Netherlands,Historical,EV sales,Cars,BEV,2014.0,Vehicles,2700.0
Netherlands,Historical,EV stock,Cars,BEV,2014.0,Vehicles,6800.0
Netherlands,Historical,EV sales,Cars,FCEV,2014.0,Vehicles,2.20000004768372
Netherlands,Historical,EV stock,Cars,FCEV,2014.0,Vehicles,2.20000004768372
Netherlands,Historical,EV sales,Buses,BEV,2014.0,Vehicles,
Netherlands,Historical,EV sales,Vans,,2014.0,Vehicles,590.0
Netherlands,Historical,EV stock,Buses,BEV,2014.0,Vehicles,
Netherlands,Historical,EV stock,Vans,BEV,2014.0,Vehicles,1300.0
Netherlands,Historical,EV stock,Vans,BEV,2015.0,Vehicles,1500.0
Netherlands,Historical,EV stock,Buses,BEV,2015.0,Vehicles,92.0
Netherlands,Historical,EV stock,Buses,FCEV,2015.0,Vehicles,2.0
Netherlands,Historical,EV stock,Buses,PHEV,2015.0,Vehicles,12.0
Netherlands,Historical,EV sales,Vans,BEV,2015.0,Vehicles,260.0
Netherlands,Historical,EV sales,Buses,BEV,2015.0,Vehicles,12.0
Netherlands,Historical,EV stock,Cars,FCEV,,Vehicles,
Netherlands,Historical,EV sales,Cars,FCEV,2015.0,Vehicles,19.0
Netherlands,Historical,EV stock,Cars,BEV,2015.0,Vehicles,9400.0
Netherlands,Historical,EV sales,Cars,BEV,2015.0,Vehicles,3400.0
Netherlands,Historical,EV stock,Vans,FCEV,2015.0,Vehicles,4.0
Netherlands,Historical,EV stock,Vans,PHEV,2015.0,Vehicles,2.0
Netherlands,Historical,EV stock,Cars,PHEV,2015.0,Vehicles,79000.0
Netherlands,Historical,EV sales,Cars,PHEV,2015.0,Vehicles,39000.0
Netherlands,Historical,EV stock share,Cars,EV,2015.0,percent,1.10000002384186
Netherlands,Historical,EV sales share,Cars,EV,2015.0,percent,9.5
Netherlands,Historical,EV stock share,Vans,,2015.0,percent,0.159999996423721
Netherlands,Historical,EV sales share,Vans,EV,2015.0,percent,0.469999998807907
Netherlands,Historical,EV stock share,Buses,EV,2015.0,percent,1.10000002384186
Netherlands,Historical,EV sales share,Buses,EV,2015.0,percent,3.70000004768372
Netherlands,Historical,EV sales share,Buses,EV,2016.0,percent,9.80000019073486
Netherlands,Historical,EV stock share,Buses,,2016.0,percent,1.79999995231628
Netherlands,Historical,EV sales share,Vans,EV,2016.0,percent,0.430000007152557
Netherlands,Historical,EV stock share,Vans,EV,2016.0,percent,0.170000001788139
Netherlands,Historical,EV sales share,Cars,EV,2016.0,percent,5.80000019073486
Netherlands,Historical,EV stock share,Cars,EV,2016.0,,1.39999997615814
Netherlands,Historical,EV sales,Cars,PHEV,2016.0,Vehicles,
Netherlands,Historical,EV stock,Cars,FCEV,2016.0,Vehicles,33.0
Netherlands,Historical,EV stock,Cars,PHEV,2016.0,Vehicles,99000.0
Netherlands,Historical,EV stock,Vans,PHEV,2016.0,Vehicles,2.0
Netherlands,Historical,EV stock,Vans,FCEV,2016.0,Vehicles,
Netherlands,Historical,EV sales,Cars,BEV,2016.0,Vehicles,4000.0
Netherlands,Historical,EV stock,Cars,BEV,2016.0,Vehicles,13000.0
Netherlands,Historical,EV sales,Cars,FCEV,2016.0,Vehicles,7.0
Netherlands,Historical,EV sales,Buses,BEV,2016.0,Vehicles,80.0
Netherlands,Historical,EV sales,Vans,BEV,2016.0,Vehicles,290.0
Netherlands,Historical,EV stock,Buses,PHEV,2016.0,Vehicles,13.0
Netherlands,Historical,EV stock,Buses,FCEV,2016.0,Vehicles,
Netherlands,Historical,EV stock,Buses,BEV,2016.0,Vehicles,
Netherlands,Historical,EV sales,Buses,FCEV,2016.0,Vehicles,1.0
Netherlands,Historical,EV stock,Vans,BEV,2016.0,Vehicles,
Netherlands,Historical,EV sales,Buses,FCEV,2017.0,Vehicles,3.0
Netherlands,Historical,EV stock,Buses,BEV,2017.0,Vehicles,250.0
Netherlands,Historical,EV stock,Buses,FCEV,2017.0,Vehicles,6.0
Netherlands,Historical,EV stock,Buses,,2017.0,Vehicles,13.0
Netherlands,Historical,EV sales,Vans,BEV,2017.0,Vehicles,650.0
Netherlands,Historical,EV sales,Buses,BEV,2017.0,Vehicles,150.0
Netherlands,Historical,EV sales,Cars,FCEV,2017.0,Vehicles,7.0
Netherlands,Historical,EV stock,Cars,BEV,2017.0,Vehicles,
Netherlands,Historical,EV sales,Cars,BEV,2017.0,Vehicles,8700.0
Netherlands,Historical,EV sales,Vans,FCEV,2017.0,Vehicles,1.0
Netherlands,Historical,EV stock,Vans,FCEV,2017.0,Vehicles,3.0
Netherlands,Historical,EV stock,Vans,PHEV,2017.0,Vehicles,2.0
Netherlands,Historical,EV stock,Vans,BEV,2017.0,,
Netherlands,Historical,EV stock,Cars,PHEV,2017.0,Vehicles,
Netherlands,Historical,EV stock,Cars,FCEV,2017.0,Vehicles,39.0
Netherlands,Historical,EV sales,Cars,PHEV,2017.0,Vehicles,2500.0
Netherlands,Historical,EV stock share,Cars,EV,2017.0,percent,1.39999997615814
Netherlands,Historical,EV sales share,Cars,EV,2017.0,percent,1.79999995231628
Netherlands,Historical,EV stock share,Vans,EV,2017.0,,0.230000004172325
Netherlands,Historical,EV sales share,Vans,EV,2017.0,percent,0.740000009536743
Netherlands,Historical,EV stock share,Buses,,2017.0,percent,2.70000004768372
Netherlands,Historical,EV sales share,Buses,EV,2017.0,percent,14.0
Netherlands,Historical,EV sales share,Buses,EV,2018.0,percent,17.0
Netherlands,Historical,EV stock share,Buses,EV,2018.0,percent,3.79999995231628
Netherlands,Historical,EV sales share,Vans,,2018.0,percent,1.10000002384186
Netherlands,Historical,EV stock share,Vans,EV,2018.0,percent,0.319999992847443
Netherlands,Historical,EV sales share,Cars,EV,2018.0,percent,4.69999980926514
Netherlands,Historical,EV stock share,Cars,EV,2018.0,percent,1.60000002384186
Netherlands,Historical,EV sales,Cars,PHEV,2018.0,,5100.0
Netherlands,Historical,EV stock,Cars,FCEV,2018.0,Vehicles,
Netherlands,Historical,EV stock,Cars,PHEV,,Vehicles,95000.0
Netherlands,Historical,EV stock,Vans,BEV,2018.0,Vehicles,3100.0
Netherlands,Historical,EV stock,Vans,PHEV,2018.0,Vehicles,3.0
Netherlands,Historical,EV stock,Vans,FCEV,2018.0,Vehicles,5.0
Netherlands,Historical,EV sales,Vans,FCEV,2018.0,Vehicles,2.0
Netherlands,Historical,EV sales,Cars,BEV,2018.0,Vehicles,
Netherlands,Historical,EV stock,Cars,BEV,2018.0,Vehicles,44000.0
Netherlands,Historical,EV sales,Cars,FCEV,2018.0,Vehicles,13.0
Netherlands,Historical,EV sales,Buses,BEV,2018.0,Vehicles,110.0
Netherlands,Historical,EV sales,Vans,BEV,2018.0,Vehicles,1000.0
Netherlands,Historical,EV stock,Buses,,,Vehicles,13.0
Netherlands,Historical,EV stock,Buses,FCEV,2018.0,Vehicles,6.0
Netherlands,Historical,EV stock,Buses,BEV,2018.0,Vehicles,
Netherlands,Historical,EV stock,Buses,,2019.0,Vehicles,730.0
Netherlands,Historical,EV sales,Buses,FCEV,2019.0,,1.0
Netherlands,Historical,EV stock,Buses,FCEV,2019.0,Vehicles,7.0
Netherlands,Historical,EV stock,Buses,PHEV,2019.0,Vehicles,
Netherlands,Historical,EV sales,Vans,BEV,2019.0,Vehicles,1400.0
Netherlands,Historical,EV sales,Buses,BEV,2019.0,Vehicles,380.0
Netherlands,Historical,EV sales,Cars,FCEV,2019.0,Vehicles,160.0
Netherlands,Historical,EV stock,Cars,,2019.0,Vehicles,
Netherlands,Historical,EV sales,Cars,BEV,2019.0,Vehicles,
Netherlands,Historical,EV stock,Vans,FCEV,2019.0,Vehicles,5.0
Netherlands,Historical,EV stock,Vans,PHEV,2019.0,Vehicles,3.0
Netherlands,Historical,EV stock,Vans,BEV,2019.0,Vehicles,4300.0
Netherlands,Historical,EV stock,Cars,PHEV,2019.0,Vehicles,
Netherlands,Historical,EV stock,Cars,FCEV,2019.0,Vehicles,210.0
Netherlands,Historical,EV sales,Cars,PHEV,,Vehicles,6700.0
Netherlands,Historical,EV stock share,Cars,EV,2019.0,percent,2.29999995231628
Netherlands,Historical,EV sales share,Cars,EV,2019.0,percent,11.0
Netherlands,Historical,EV stock share,Vans,EV,2019.0,percent,0.439999997615814
Netherlands,Historical,EV sales share,Vans,EV,2019.0,percent,
Netherlands,Historical,EV stock share,Buses,EV,2019.0,percent,8.39999961853027
Netherlands,Historical,EV sales share,Buses,EV,2019.0,percent,38.0
Netherlands,Historical,EV sales share,Buses,,2020.0,percent,65.0
Netherlands,Historical,EV stock share,Buses,EV,2020.0,percent,13.0
Netherlands,Historical,EV sales share,Vans,EV,2020.0,percent,2.40000009536743
Netherlands,Historical,EV stock share,Vans,EV,2020.0,percent,
Netherlands,Historical,EV sales share,Cars,EV,2020.0,percent,16.0
Netherlands,Historical,EV stock share,Cars,,2020.0,percent,
Netherlands,Historical,EV sales,Cars,PHEV,2020.0,Vehicles,18000.0
Netherlands,Historical,EV stock,Cars,FCEV,2020.0,Vehicles,360.0
Netherlands,Historical,EV stock,Cars,PHEV,2020.0,Vehicles,98000.0
Netherlands,Historical,EV stock,Vans,BEV,2020.0,Vehicles,5900.0
Netherlands,Historical,EV stock,Vans,PHEV,2020.0,Vehicles,30.0
Netherlands,Historical,EV stock,Vans,FCEV,2020.0,Vehicles,12.0
Netherlands,Historical,EV sales,Cars,BEV,2020.0,Vehicles,76000.0
Netherlands,Historical,EV stock,Cars,,2020.0,Vehicles,170000.0
Netherlands,Historical,EV sales,Cars,FCEV,2020.0,,170.0
Netherlands,Historical,EV sales,Vans,PHEV,2020.0,Vehicles,33.0
Netherlands,Historical,EV sales,Buses,BEV,2020.0,Vehicles,450.0
Netherlands,Historical,EV sales,Vans,BEV,2020.0,Vehicles,1700.0
Netherlands,Historical,EV stock,Buses,PHEV,2020.0,Vehicles,99.0
Netherlands,Historical,EV stock,Buses,FCEV,2020.0,Vehicles,5.0
Netherlands,Historical,EV stock,Buses,BEV,2020.0,Vehicles,1200.0
Netherlands,Historical,EV stock,Buses,BEV,2021.0,Vehicles,1300.0
Netherlands,Historical,EV sales,Buses,FCEV,2021.0,Vehicles,37.0
Netherlands,Historical,EV stock,Buses,FCEV,2021.0,Vehicles,41.0
Netherlands,Historical,EV stock,Buses,PHEV,2021.0,Vehicles,99.0
Netherlands,Historical,EV sales,Vans,BEV,2021.0,Vehicles,3300.0
Netherlands,Historical,EV sales,Buses,BEV,2021.0,Vehicles,150.0
Netherlands,Historical,EV sales,Vans,PHEV,2021.0,Vehicles,46.0
Netherlands,Historical,EV sales,Cars,,2021.0,Vehicles,140.0
Netherlands,Historical,EV stock,Cars,,2021.0,Vehicles,240000.0
Netherlands,Historical,EV sales,Cars,BEV,2021.0,Vehicles,70000.0
Netherlands,Historical,EV stock,Vans,FCEV,2021.0,Vehicles,13.0
Netherlands,Historical,EV stock,Vans,PHEV,2021.0,Vehicles,
Netherlands,Historical,EV stock,Vans,BEV,2021.0,Vehicles,9000.0
Netherlands,Historical,EV stock,Cars,PHEV,2021.0,Vehicles,140000.0
Netherlands,Historical,EV stock,Cars,FCEV,2021.0,Vehicles,490.0
Netherlands,Historical,EV sales,Cars,,2021.0,Vehicles,40000.0
Netherlands,Historical,EV stock share,Cars,EV,2021.0,percent,4.30000019073486
Netherlands,Historical,EV sales share,Cars,EV,2021.0,percent,19.0
Netherlands,Historical,EV stock share,Vans,EV,2021.0,percent,0.870000004768372
Netherlands,Historical,EV sales share,Vans,EV,2021.0,percent,
Netherlands,Historical,EV stock share,Buses,EV,2021.0,percent,15.0
Netherlands,Historical,EV sales share,Buses,EV,2021.0,percent,37.0
Netherlands,Historical,EV sales share,Buses,EV,2022.0,percent,25.0
Netherlands,Historical,EV stock share,Buses,EV,2022.0,percent,
Netherlands,Historical,EV sales share,Vans,EV,2022.0,percent,
Netherlands,Historical,EV stock share,Vans,EV,2022.0,percent,
Netherlands,Historical,EV sales share,Cars,EV,2022.0,percent,26.0
Netherlands,Historical,EV stock share,Cars,EV,2022.0,percent,6.0
Netherlands,Historical,EV sales,Cars,PHEV,2022.0,Vehicles,50000.0
Netherlands,Historical,EV stock,Cars,FCEV,2022.0,Vehicles,600.0
Netherlands,Historical,EV stock,Cars,PHEV,2022.0,,190000.0
Netherlands,Historical,EV stock,Vans,BEV,2022.0,Vehicles,
Netherlands,Historical,EV stock,Vans,PHEV,,Vehicles,130.0
Netherlands,Historical,EV stock,Vans,FCEV,2022.0,Vehicles,13.0
Netherlands,Historical,EV sales,Cars,BEV,2022.0,Vehicles,87000.0
Netherlands,Historical,EV stock,Cars,BEV,,Vehicles,330000.0
Netherlands,Historical,EV sales,Cars,FCEV,2022.0,Vehicles,87.0
Netherlands,Historical,EV sales,Vans,PHEV,2022.0,Vehicles,35.0
Netherlands,Historical,EV sales,Buses,BEV,2022.0,Vehicles,99.0
Netherlands,Historical,EV sales,Vans,BEV,2022.0,Vehicles,5000.0
Netherlands,Historical,EV stock,Buses,PHEV,2022.0,Vehicles,100.0
Netherlands,Historical,EV stock,Buses,FCEV,2022.0,Vehicles,55.0
Netherlands,Historical,EV sales,Buses,FCEV,2022.0,Vehicles,14.0
Netherlands,Historical,EV stock,Buses,BEV,2022.0,Vehicles,1400.0
Netherlands,Historical,EV stock,Buses,BEV,2023.0,Vehicles,1600.0
Netherlands,Historical,EV sales,Buses,FCEV,2023.0,Vehicles,9.0
Netherlands,Historical,EV stock,Buses,FCEV,2023.0,Vehicles,64.0
Netherlands,Historical,EV stock,Buses,PHEV,2023.0,Vehicles,97.0
Netherlands,Historical,EV sales,Vans,BEV,2023.0,Vehicles,10000.0
Netherlands,Historical,EV sales,Buses,BEV,2023.0,Vehicles,
Netherlands,Historical,EV sales,Vans,PHEV,2023.0,Vehicles,90.0
Netherlands,Historical,EV sales,Cars,FCEV,2023.0,Vehicles,
Netherlands,Historical,EV stock,Cars,BEV,2023.0,Vehicles,440000.0
Netherlands,Historical,EV sales,Cars,BEV,2023.0,Vehicles,130000.0
Netherlands,Historical,EV stock,Vans,FCEV,2023.0,Vehicles,13.0
Netherlands,Historical,EV stock,Vans,,2023.0,Vehicles,160.0
Netherlands,Historical,EV stock,Vans,,2023.0,Vehicles,23000.0
Netherlands,Historical,EV stock,Cars,PHEV,2023.0,Vehicles,260000.0
Netherlands,Historical,EV stock,Cars,FCEV,2023.0,Vehicles,620.0
Netherlands,Historical,EV sales,Cars,PHEV,2023.0,Vehicles,80000.0
Netherlands,Historical,EV stock share,Cars,EV,2023.0,percent,8.30000019073486
Netherlands,Historical,EV sales share,Cars,EV,2023.0,percent,35.0
Netherlands,Historical,EV stock share,Vans,EV,2023.0,percent,2.20000004768372
Netherlands,Historical,EV sales share,Vans,EV,2023.0,percent,12.0
Netherlands,Historical,EV stock share,Buses,EV,2023.0,,18.0
Netherlands,Historical,EV sales share,Buses,EV,2023.0,percent,31.0
New Zealand,Historical,EV stock,Buses,BEV,2010.0,Vehicles,
New Zealand,Historical,EV sales,Cars,BEV,2010.0,Vehicles,10.0
New Zealand,Historical,EV stock,Cars,BEV,,,14.0
New Zealand,Historical,EV sales share,Cars,EV,2010.0,percent,0.006300000008196
New Zealand,Historical,EV stock share,Buses,EV,2010.0,percent,0.28999999165535
New Zealand,Historical,EV stock share,Cars,EV,2010.0,percent,0.000479999987874
New Zealand,Historical,EV stock share,Cars,EV,2011.0,percent,0.000989999971353
New Zealand,Historical,EV stock share,Buses,,2011.0,percent,0.300000011920929
New Zealand,Historical,EV sales share,Cars,EV,2011.0,percent,0.009899999946356
New Zealand,Historical,EV sales share,Buses,EV,2011.0,percent,
New Zealand,Historical,EV stock,Cars,BEV,2011.0,Vehicles,27.0
New Zealand,Historical,EV sales,Cars,PHEV,2011.0,Vehicles,2.0
New Zealand,Historical,EV stock,Cars,PHEV,2011.0,Vehicles,2.0
New Zealand,Historical,EV sales,Cars,BEV,2011.0,Vehicles,13.0
New Zealand,Historical,EV stock,Buses,BEV,2011.0,Vehicles,64.0
New Zealand,Historical,EV sales,Buses,BEV,2011.0,Vehicles,2.0
New Zealand,Historical,EV sales,Buses,BEV,2012.0,Vehicles,
New Zealand,Historical,EV stock,Buses,BEV,2012.0,Vehicles,65.0
New Zealand,Historical,EV sales,Cars,BEV,2012.0,Vehicles,22.0
New Zealand,Historical,EV stock,Cars,PHEV,2012.0,Vehicles,7.0
New Zealand,Historical,EV sales,Cars,PHEV,2012.0,Vehicles,5.0
New Zealand,Historical,EV stock,Cars,BEV,2012.0,Vehicles,49.0
New Zealand,Historical,EV sales share,Buses,EV,2012.0,percent,0.119999997317791
New Zealand,Historical,EV sales share,Cars,EV,2012.0,,0.017000000923872
New Zealand,Historical,EV stock share,Buses,,2012.0,percent,0.300000011920929
New Zealand,Historical,EV stock share,Cars,EV,2012.0,percent,0.001900000032038
New Zealand,Historical,EV stock share,Cars,EV,2013.0,percent,0.003100000089034
New Zealand,Historical,EV stock share,Buses,EV,2013.0,percent,0.300000011920929
New Zealand,Historical,EV sales share,Cars,EV,2013.0,percent,0.018999999389052
New Zealand,Historical,EV stock,Cars,BEV,2013.0,Vehicles,79.0
New Zealand,Historical,EV sales,Cars,PHEV,2013.0,Vehicles,6.0
New Zealand,Historical,EV stock,Cars,PHEV,2013.0,Vehicles,13.0
New Zealand,Historical,EV sales,Cars,,2013.0,Vehicles,
New Zealand,Historical,EV stock,Buses,BEV,2013.0,Vehicles,65.0
New Zealand,Historical,EV stock,Buses,,2014.0,,65.0
New Zealand,Historical,EV sales,Cars,BEV,2014.0,Vehicles,110.0
New Zealand,Historical,EV stock,Cars,PHEV,2014.0,Vehicles,220.0
New Zealand,Historical,EV sales,Cars,PHEV,2014.0,Vehicles,210.0
New Zealand,Historical,EV stock,Cars,BEV,2014.0,Vehicles,190.0
New Zealand,Historical,EV sales share,Cars,EV,2014.0,percent,0.140000000596046
New Zealand,Historical,EV stock share,Buses,EV,2014.0,,
New Zealand,Historical,EV stock share,Cars,EV,2014.0,percent,0.014000000432134
New Zealand,Historical,EV stock share,Cars,EV,2015.0,percent,0.029999999329448
New Zealand,Historical,EV stock share,Buses,EV,2015.0,percent,0.280000001192093
New Zealand,Historical,EV sales share,Cars,EV,2015.0,percent,0.300000011920929
New Zealand,Historical,EV stock,Cars,BEV,,Vehicles,490.0
New Zealand,Historical,EV sales,Cars,PHEV,2015.0,Vehicles,200.0
New Zealand,Historical,EV stock,Cars,PHEV,2015.0,Vehicles,420.0
New Zealand,Historical,EV sales,Cars,BEV,2015.0,Vehicles,300.0
New Zealand,Historical,EV stock,Buses,,2015.0,Vehicles,
New Zealand,Historical,EV stock,Buses,BEV,2016.0,Vehicles,65.0
New Zealand,Historical,EV sales,Cars,BEV,2016.0,Vehicles,1200.0
New Zealand,Historical,EV stock,Cars,PHEV,2016.0,,760.0
New Zealand,Historical,EV sales,Cars,,2016.0,Vehicles,340.0
New Zealand,Historical,EV stock,Cars,BEV,2016.0,Vehicles,
New Zealand,Historical,EV sales share,Cars,EV,2016.0,percent,0.779999971389771
New Zealand,Historical,EV stock share,Buses,EV,2016.0,percent,0.270000010728836
New Zealand,Historical,EV stock share,Cars,EV,2016.0,percent,0.079999998211861
New Zealand,Historical,EV stock share,Cars,EV,2017.0,percent,0.189999997615814
New Zealand,Historical,EV stock share,Buses,EV,2017.0,percent,0.25
New Zealand,Historical,EV sales share,Cars,EV,,percent,1.39999997615814
New Zealand,Historical,EV sales share,Buses,EV,,percent,0.03999999910593
New Zealand,Historical,EV stock,Cars,BEV,2017.0,Vehicles,4600.0
New Zealand,Historical,EV sales,Cars,PHEV,2017.0,Vehicles,540.0
New Zealand,Historical,EV stock,Cars,PHEV,2017.0,Vehicles,1300.0
New Zealand,Historical,EV sales,Cars,BEV,2017.0,Vehicles,2900.0
New Zealand,Historical,EV stock,Buses,BEV,2017.0,Vehicles,
New Zealand,Historical,EV sales,Buses,,2017.0,Vehicles,1.0
New Zealand,Historical,EV sales,Buses,BEV,2018.0,Vehicles,11.0
New Zealand,Historical,EV stock,Buses,,2018.0,Vehicles,77.0
New Zealand,Historical,EV sales,Cars,BEV,2018.0,Vehicles,4400.0
New Zealand,Historical,EV stock,Cars,PHEV,2018.0,Vehicles,2500.0
New Zealand,Historical,EV sales,Cars,PHEV,2018.0,Vehicles,1200.0
New Zealand,Historical,EV stock,Cars,BEV,2018.0,Vehicles,8900.0
New Zealand,Historical,EV sales share,Buses,EV,2018.0,percent,0.430000007152557
New Zealand,Historical,EV sales share,Cars,EV,2018.0,percent,
New Zealand,Historical,EV stock share,Buses,,2018.0,percent,0.280000001192093
New Zealand,Historical,EV stock share,Cars,EV,2018.0,percent,
New Zealand,Historical,EV stock share,Vans,EV,2019.0,percent,0.129999995231628
New Zealand,Historical,EV stock share,Buses,EV,2019.0,percent,0.349999994039536
New Zealand,Historical,EV sales share,Cars,EV,2019.0,percent,2.29999995231628
New Zealand,Historical,EV sales share,Vans,EV,2019.0,percent,0.119999997317791
New Zealand,Historical,EV sales share,Buses,EV,2019.0,percent,0.529999971389771
New Zealand,Historical,EV stock,Cars,BEV,2019.0,Vehicles,13000.0
New Zealand,Historical,EV sales,Cars,PHEV,2019.0,Vehicles,
New Zealand,Historical,EV sales,Cars,FCEV,2019.0,Vehicles,2.0
New Zealand,Historical,EV stock,Cars,PHEV,2019.0,Vehicles,4400.0
New Zealand,Historical,EV stock,Cars,FCEV,2019.0,Vehicles,2.0
New Zealand,Historical,EV sales,Cars,BEV,2019.0,Vehicles,5300.0
New Zealand,Historical,EV stock,Buses,BEV,2019.0,,100.0
New Zealand,Historical,EV sales,Vans,BEV,2019.0,Vehicles,
New Zealand,Historical,EV stock,Vans,BEV,2019.0,Vehicles,780.0
New Zealand,Historical,EV sales,Buses,BEV,2019.0,Vehicles,13.0
New Zealand,Historical,EV stock share,Cars,EV,2019.0,percent,0.569999992847443
New Zealand,Historical,EV stock share,Cars,EV,2020.0,percent,0.72000002861023
New Zealand,Historical,EV sales,Buses,,2020.0,Vehicles,17.0
New Zealand,Historical,EV stock,Vans,BEV,2020.0,Vehicles,850.0
New Zealand,Historical,EV sales,Vans,BEV,2020.0,Vehicles,78.0
New Zealand,Historical,EV sales,Vans,PHEV,2020.0,,1.0
New Zealand,Historical,EV stock,Vans,PHEV,2020.0,Vehicles,1.0
New Zealand,Historical,EV stock,Buses,BEV,2020.0,Vehicles,120.0
New Zealand,Historical,EV stock,Cars,FCEV,2020.0,Vehicles,5.0
New Zealand,Historical,EV stock,Cars,PHEV,2020.0,Vehicles,5900.0
New Zealand,Historical,EV sales,Cars,FCEV,2020.0,Vehicles,3.0
New Zealand,Historical,EV sales,Cars,PHEV,2020.0,Vehicles,1500.0
New Zealand,Historical,EV stock,Cars,BEV,2020.0,Vehicles,17000.0
New Zealand,Historical,EV sales,Cars,BEV,2020.0,Vehicles,3900.0
New Zealand,Historical,EV sales share,Buses,EV,2020.0,percent,0.899999976158142
New Zealand,Historical,EV sales share,Vans,EV,2020.0,percent,0.140000000596046
New Zealand,Historical,EV sales share,Cars,EV,2020.0,percent,
New Zealand,Historical,EV stock share,Buses,EV,2020.0,percent,0.389999985694885
New Zealand,Historical,EV stock share,Vans,EV,2020.0,percent,0.129999995231628
New Zealand,Historical,EV stock share,Vans,EV,2021.0,percent,0.150000005960464
New Zealand,Historical,EV stock share,Buses,EV,2021.0,percent,0.540000021457672
New Zealand,Historical,EV sales share,Cars,EV,2021.0,percent,3.40000009536743
New Zealand,Historical,EV sales share,Vans,,2021.0,percent,
New Zealand,Historical,EV sales share,Buses,EV,2021.0,percent,2.90000009536743
New Zealand,Historical,EV sales,Cars,BEV,2021.0,Vehicles,6800.0
New Zealand,Historical,EV stock,Cars,BEV,2021.0,Vehicles,26000.0
New Zealand,Historical,EV sales,Cars,PHEV,2021.0,Vehicles,3500.0
New Zealand,Historical,EV sales,Cars,FCEV,2021.0,Vehicles,1.0
New Zealand,Historical,EV stock,Cars,PHEV,2021.0,Vehicles,
New Zealand,Historical,EV stock,Cars,FCEV,2021.0,Vehicles,6.0
New Zealand,Historical,EV stock,Buses,BEV,2021.0,Vehicles,170.0
New Zealand,Historical,EV sales,Buses,PHEV,2021.0,Vehicles,1.0
New Zealand,Historical,EV stock,Buses,PHEV,2021.0,Vehicles,1.0
New Zealand,Historical,EV stock,Vans,PHEV,2021.0,Vehicles,25.0
New Zealand,Historical,EV sales,Vans,,2021.0,,22.0
New Zealand,Historical,EV sales,Vans,BEV,2021.0,Vehicles,140.0
New Zealand,Historical,EV stock,Vans,BEV,2021.0,Vehicles,
New Zealand,Historical,EV sales,Buses,BEV,2021.0,Vehicles,
New Zealand,Historical,EV stock,Vans,FCEV,2021.0,Vehicles,6.0
New Zealand,Historical,EV stock share,Cars,EV,2021.0,percent,1.10000002384186
New Zealand,Historical,EV stock share,Cars,EV,2022.0,percent,1.89999997615814
New Zealand,Historical,EV stock,Vans,FCEV,2022.0,Vehicles,6.0
New Zealand,Historical,EV sales,Buses,BEV,2022.0,Vehicles,110.0
New Zealand,Historical,EV stock,Vans,BEV,2022.0,Vehicles,
New Zealand,Historical,EV sales,Vans,BEV,2022.0,Vehicles,
New Zealand,Historical,EV sales,Vans,PHEV,2022.0,Vehicles,
New Zealand,Historical,EV stock,Vans,PHEV,2022.0,Vehicles,74.0
New Zealand,Historical,EV stock,Buses,PHEV,,Vehicles,1.0
New Zealand,Historical,EV stock,Buses,BEV,2022.0,Vehicles,260.0
New Zealand,Historical,EV stock,Cars,FCEV,2022.0,Vehicles,
New Zealand,Historical,EV stock,Cars,PHEV,2022.0,Vehicles,19000.0
New Zealand,Historical,EV sales,Cars,FCEV,2022.0,Vehicles,10.0
New Zealand,Historical,EV sales,Cars,PHEV,2022.0,Vehicles,9200.0
New Zealand,Historical,EV stock,Cars,BEV,2022.0,Vehicles,
New Zealand,Historical,EV sales,Cars,,2022.0,Vehicles,19000.0
New Zealand,Historical,EV sales share,Buses,EV,2022.0,percent,6.0
New Zealand,Historical,EV sales share,Vans,EV,2022.0,percent,1.10000002384186
New Zealand,Historical,EV sales share,Cars,EV,2022.0,percent,11.0
New Zealand,Historical,EV stock share,Buses,EV,2022.0,percent,0.800000011920929
New Zealand,Historical,EV stock share,Vans,EV,2022.0,percent,0.209999993443489
New Zealand,Historical,EV stock share,Vans,,2023.0,percent,0.259999990463257
New Zealand,Historical,EV stock share,Buses,EV,2023.0,percent,1.0
New Zealand,Historical,EV sales share,Cars,EV,2023.0,percent,14.0
New Zealand,Historical,EV sales share,Vans,EV,2023.0,percent,1.5
New Zealand,Historical,EV sales share,Buses,EV,2023.0,percent,5.19999980926514
New Zealand,Historical,EV sales,Cars,BEV,2023.0,Vehicles,26000.0
New Zealand,Historical,EV stock,Cars,BEV,2023.0,Vehicles,
New Zealand,Historical,EV sales,Cars,PHEV,2023.0,,
New Zealand,Historical,EV sales,Cars,FCEV,2023.0,Vehicles,4.0
New Zealand,Historical,EV stock,Cars,PHEV,2023.0,Vehicles,30000.0
New Zealand,Historical,EV stock,Cars,FCEV,2023.0,Vehicles,20.0
New Zealand,Historical,EV stock,Buses,BEV,2023.0,Vehicles,350.0
New Zealand,Historical,EV stock,Buses,PHEV,2023.0,Vehicles,1.0
New Zealand,Historical,EV stock,Vans,PHEV,2023.0,Vehicles,
New Zealand,Historical,EV sales,Vans,PHEV,2023.0,Vehicles,15.0
New Zealand,Historical,EV sales,Vans,BEV,2023.0,,500.0
New Zealand,Historical,EV stock,Vans,,2023.0,Vehicles,
New Zealand,Historical,EV sales,Buses,BEV,2023.0,Vehicles,100.0
New Zealand,Historical,EV stock share,Cars,EV,2023.0,percent,2.79999995231628
Norway,Historical,EV stock,Cars,PHEV,2010.0,Vehicles,2.0
Norway,Historical,EV sales,Cars,BEV,2010.0,Vehicles,360.0
Norway,Historical,EV stock,Cars,BEV,2010.0,Vehicles,2700.0
Norway,Historical,EV sales,Vans,BEV,2010.0,Vehicles,1.0
Norway,Historical,EV sales share,Vans,EV,2010.0,percent,
Norway,Historical,EV sales share,Cars,EV,2010.0,percent,0.280000001192093
Norway,Historical,EV stock share,Cars,EV,2010.0,percent,0.119999997317791
Norway,Historical,EV stock share,Cars,EV,2011.0,percent,0.170000001788139
Norway,Historical,EV sales share,Cars,EV,2011.0,percent,1.39999997615814
Norway,Historical,EV sales share,Vans,EV,,percent,0.119999997317791
Norway,Historical,EV stock share,Vans,,2011.0,percent,0.000220000001718
Norway,Historical,EV sales,Vans,BEV,2011.0,Vehicles,
Norway,Historical,EV stock,Vans,BEV,2011.0,,1.0
Norway,Historical,EV stock,Cars,BEV,2011.0,Vehicles,3900.0
Norway,Historical,EV sales,Cars,BEV,2011.0,Vehicles,2000.0
Norway,Historical,EV stock,Cars,PHEV,2011.0,Vehicles,3.0
Norway,Historical,EV stock,Cars,PHEV,2012.0,Vehicles,340.0
Norway,Historical,EV sales,Cars,PHEV,2012.0,Vehicles,320.0
Norway,Historical,EV sales,Cars,BEV,2012.0,Vehicles,3900.0
Norway,Historical,EV stock,Cars,BEV,2012.0,Vehicles,8000.0
Norway,Historical,EV stock,Vans,BEV,2012.0,Vehicles,5.0
Norway,Historical,EV sales,Vans,BEV,2012.0,Vehicles,61.0
Norway,Historical,EV stock share,Vans,EV,2012.0,percent,0.00109999999404
Norway,Historical,EV sales share,Vans,EV,2012.0,percent,0.189999997615814
Norway,Historical,EV sales share,Cars,EV,2012.0,percent,3.09999990463257
Norway,Historical,EV stock share,Cars,EV,2012.0,percent,0.360000014305115
Norway,Historical,EV stock share,Cars,EV,2013.0,percent,0.639999985694885
Norway,Historical,EV sales share,Cars,EV,2013.0,percent,5.80000019073486
Norway,Historical,EV sales share,Vans,EV,2013.0,percent,1.20000004768372
Norway,Historical,EV stock share,Vans,EV,2013.0,percent,0.001000000047497
Norway,Historical,EV sales,Vans,BEV,2013.0,Vehicles,340.0
Norway,Historical,EV stock,Vans,BEV,2013.0,Vehicles,5.0
Norway,Historical,EV stock,Cars,BEV,2013.0,Vehicles,
Norway,Historical,EV sales,Cars,BEV,2013.0,Vehicles,7900.0
Norway,Historical,EV sales,Cars,PHEV,2013.0,Vehicles,340.0
Norway,Historical,EV stock,Cars,PHEV,2013.0,Vehicles,660.0
Norway,Historical,EV sales,Cars,PHEV,2014.0,Vehicles,1700.0
Norway,Historical,EV stock,Cars,FCEV,2014.0,Vehicles,4.0
Norway,Historical,EV sales,Cars,BEV,2014.0,Vehicles,20000.0
Norway,Historical,EV stock,Cars,,2014.0,Vehicles,33000.0
Norway,Historical,EV sales,Cars,FCEV,2014.0,Vehicles,4.0
Norway,Historical,EV stock,Vans,BEV,2014.0,Vehicles,560.0
Norway,Historical,EV sales,Vans,BEV,2014.0,Vehicles,560.0
Norway,Historical,EV stock share,Vans,EV,2014.0,percent,0.119999997317791
Norway,Historical,EV sales share,Vans,,2014.0,percent,2.0
Norway,Historical,EV sales share,Cars,EV,2014.0,percent,15.0
Norway,Historical,EV stock share,Cars,EV,2014.0,,1.39999997615814
Norway,Historical,EV stock,Cars,PHEV,2014.0,Vehicles,2300.0
Norway,Historical,EV stock,Cars,PHEV,2015.0,Vehicles,10000.0
Norway,Historical,EV stock share,Cars,EV,2015.0,percent,2.70000004768372
Norway,Historical,EV sales share,Cars,EV,2015.0,percent,22.0
Norway,Historical,EV sales share,Vans,,2015.0,percent,2.29999995231628
Norway,Historical,EV stock share,Vans,EV,2015.0,percent,0.259999990463257
Norway,Historical,EV sales,Vans,BEV,2015.0,Vehicles,710.0
Norway,Historical,EV stock,Vans,BEV,,Vehicles,1300.0
Norway,Historical,EV sales,Cars,FCEV,2015.0,,9.0
Norway,Historical,EV stock,Cars,BEV,2015.0,Vehicles,59000.0
Norway,Historical,EV sales,Cars,BEV,2015.0,Vehicles,26000.0
Norway,Historical,EV stock,Cars,FCEV,,Vehicles,13.0
Norway,Historical,EV sales,Cars,PHEV,2015.0,Vehicles,7900.0
Norway,Historical,EV sales,Cars,PHEV,2016.0,Vehicles,21000.0
Norway,Historical,EV stock,Cars,FCEV,2016.0,Vehicles,40.0
Norway,Historical,EV sales share,Buses,EV,2016.0,percent,0.930000007152557
Norway,Historical,EV sales,Cars,BEV,2016.0,Vehicles,
Norway,Historical,EV stock,Cars,BEV,2016.0,Vehicles,83000.0
Norway,Historical,EV sales,Cars,FCEV,2016.0,Vehicles,20.0
Norway,Historical,EV stock,Vans,BEV,2016.0,Vehicles,2000.0
Norway,Historical,EV sales,Vans,BEV,2016.0,Vehicles,640.0
Norway,Historical,EV stock,Buses,BEV,2016.0,Vehicles,13.0
Norway,Historical,EV sales,Buses,BEV,2016.0,Vehicles,13.0
Norway,Historical,EV stock share,Vans,EV,2016.0,percent,0.389999985694885
Norway,Historical,EV sales share,Vans,EV,2016.0,percent,1.89999997615814
Norway,Historical,EV stock share,Buses,EV,2016.0,percent,0.100000001490116
Norway,Historical,EV sales share,Cars,EV,2016.0,percent,29.0
Norway,Historical,EV stock share,Cars,EV,2016.0,,4.30000019073486
Norway,Historical,EV stock,Cars,PHEV,2016.0,Vehicles,31000.0
Norway,Historical,EV stock,Cars,PHEV,2017.0,Vehicles,60000.0
Norway,Historical,EV stock share,Cars,EV,2017.0,,6.40000009536743
Norway,Historical,EV sales share,Cars,EV,2017.0,percent,39.0
Norway,Historical,EV stock share,Buses,EV,2017.0,percent,0.239999994635582
Norway,Historical,EV sales share,Vans,EV,2017.0,percent,
Norway,Historical,EV stock share,Vans,EV,2017.0,percent,0.569999992847443
Norway,Historical,EV sales,Buses,BEV,2017.0,Vehicles,18.0
Norway,Historical,EV stock,Buses,BEV,2017.0,Vehicles,31.0
Norway,Historical,EV sales,Vans,BEV,2017.0,Vehicles,
Norway,Historical,EV stock,Vans,BEV,2017.0,Vehicles,2900.0
Norway,Historical,EV sales,Cars,FCEV,2017.0,Vehicles,30.0
Norway,Historical,EV stock,Vans,,2017.0,Vehicles,10.0
Norway,Historical,EV stock,Cars,BEV,2017.0,Vehicles,120000.0
Norway,Historical,EV sales,Cars,BEV,2017.0,Vehicles,
Norway,Historical,EV sales share,Buses,EV,2017.0,percent,1.5
Norway,Historical,EV stock,Cars,FCEV,2017.0,Vehicles,70.0
Norway,Historical,EV sales,Cars,PHEV,2017.0,Vehicles,29000.0
Norway,Historical,EV sales,Cars,PHEV,2018.0,Vehicles,27000.0
Norway,Historical,EV stock,Cars,FCEV,2018.0,Vehicles,120.0
Norway,Historical,EV sales,Cars,FCEV,2018.0,Vehicles,45.0
Norway,Historical,EV sales share,Buses,EV,2018.0,percent,
Norway,Historical,EV sales,Cars,BEV,2018.0,Vehicles,46000.0
Norway,Historical,EV stock,Cars,BEV,2018.0,Vehicles,160000.0
Norway,Historical,EV stock,Vans,PHEV,2018.0,Vehicles,10.0
Norway,Historical,EV stock,Vans,BEV,2018.0,Vehicles,4700.0
Norway,Historical,EV sales,Vans,BEV,2018.0,Vehicles,1800.0
Norway,Historical,EV stock,Buses,BEV,2018.0,Vehicles,43.0
Norway,Historical,EV sales,Buses,BEV,2018.0,Vehicles,12.0
Norway,Historical,EV stock share,Vans,EV,2018.0,percent,0.899999976158142
Norway,Historical,EV sales share,Vans,EV,2018.0,percent,5.09999990463257
Norway,Historical,EV stock share,Buses,EV,2018.0,percent,0.330000013113022
Norway,Historical,EV sales share,Cars,EV,2018.0,percent,49.0
Norway,Historical,EV stock share,Cars,EV,2018.0,percent,8.89999961853027
Norway,Historical,EV stock,Cars,PHEV,2018.0,Vehicles,87000.0
Norway,Historical,EV stock,Cars,PHEV,,Vehicles,110000.0
Norway,Historical,EV stock share,Cars,EV,2019.0,percent,12.0
Norway,Historical,EV sales share,Cars,EV,2019.0,percent,56.0
Norway,Historical,EV stock share,Buses,EV,2019.0,percent,1.5
Norway,Historical,EV sales share,Vans,,2019.0,percent,5.59999990463257
Norway,Historical,EV stock share,Vans,EV,2019.0,percent,
Norway,Historical,EV sales,Buses,BEV,2019.0,Vehicles,
Norway,Historical,EV stock,Buses,BEV,2019.0,Vehicles,200.0
Norway,Historical,EV sales,Vans,BEV,2019.0,Vehicles,2000.0
Norway,Historical,EV stock,Vans,BEV,2019.0,Vehicles,6700.0
Norway,Historical,EV stock,Vans,PHEV,2019.0,Vehicles,10.0
Norway,Historical,EV stock,Cars,BEV,2019.0,Vehicles,220000.0
Norway,Historical,EV sales,Cars,BEV,2019.0,Vehicles,60000.0
Norway,Historical,EV sales share,Buses,EV,2019.0,percent,
Norway,Historical,EV sales,Cars,FCEV,2019.0,Vehicles,29.0
Norway,Historical,EV stock,Cars,,2019.0,Vehicles,180.0
Norway,Historical,EV sales,Cars,,2019.0,Vehicles,19000.0
Norway,Historical,EV sales,Cars,PHEV,2020.0,Vehicles,29000.0
Norway,Historical,EV stock,Cars,FCEV,2020.0,Vehicles,
Norway,Historical,EV sales,Cars,FCEV,2020.0,Vehicles,16.0
Norway,Historical,EV sales share,Buses,EV,2020.0,percent,21.0
Norway,Historical,EV sales,Cars,BEV,2020.0,Vehicles,77000.0
Norway,Historical,EV stock,Cars,BEV,2020.0,Vehicles,340000.0
Norway,Historical,EV stock,Vans,PHEV,2020.0,,43.0
Norway,Historical,EV stock,Vans,BEV,2020.0,Vehicles,9700.0
Norway,Historical,EV stock,Vans,,2020.0,Vehicles,1.0
Norway,Historical,EV sales,Vans,,2020.0,Vehicles,11.0
Norway,Historical,EV sales,Vans,BEV,2020.0,Vehicles,2600.0
Norway,Historical,EV stock,Buses,BEV,2020.0,Vehicles,420.0
Norway,Historical,EV stock,Buses,FCEV,2020.0,Vehicles,5.0
Norway,Historical,EV sales,Buses,,2020.0,Vehicles,
Norway,Historical,EV sales,Buses,BEV,2020.0,Vehicles,230.0
Norway,Historical,EV stock,Buses,PHEV,2020.0,Vehicles,63.0
Norway,Historical,EV stock share,Vans,EV,2020.0,percent,1.79999995231628
Norway,Historical,EV sales share,Vans,EV,2020.0,percent,8.5
Norway,Historical,EV stock share,Buses,EV,2020.0,percent,3.40000009536743
Norway,Historical,EV sales share,Cars,EV,2020.0,percent,75.0
Norway,Historical,EV stock share,Cars,EV,2020.0,percent,17.0
Norway,Historical,EV stock,Cars,PHEV,2020.0,Vehicles,150000.0
Norway,Historical,EV stock,Cars,PHEV,2021.0,Vehicles,180000.0
Norway,Historical,EV stock share,Cars,EV,2021.0,percent,21.0
Norway,Historical,EV sales share,Cars,EV,2021.0,percent,86.0
Norway,Historical,EV stock share,Buses,EV,2021.0,percent,4.19999980926514
Norway,Historical,EV sales share,Vans,EV,2021.0,percent,5.59999990463257
Norway,Historical,EV stock share,Vans,,2021.0,percent,2.20000004768372
Norway,Historical,EV sales,Buses,BEV,2021.0,Vehicles,99.0
Norway,Historical,EV sales,Buses,PHEV,2021.0,Vehicles,5.0
Norway,Historical,EV stock,Buses,BEV,2021.0,Vehicles,520.0
Norway,Historical,EV sales,Vans,BEV,2021.0,Vehicles,1600.0
Norway,Historical,EV stock,Buses,PHEV,2021.0,Vehicles,70.0
Norway,Historical,EV sales,Vans,,2021.0,Vehicles,58.0
Norway,Historical,EV stock,Vans,FCEV,2021.0,Vehicles,1.0
Norway,Historical,EV stock,Vans,BEV,2021.0,Vehicles,11000.0
Norway,Historical,EV stock,Vans,PHEV,2021.0,Vehicles,310.0
Norway,Historical,EV stock,Cars,BEV,2021.0,Vehicles,450000.0
Norway,Historical,EV sales,Cars,BEV,2021.0,Vehicles,110000.0
Norway,Historical,EV sales share,Buses,EV,2021.0,percent,9.0
Norway,Historical,EV sales,Cars,FCEV,2021.0,Vehicles,39.0
Norway,Historical,EV stock,Cars,FCEV,2021.0,Vehicles,230.0
Norway,Historical,EV sales,Cars,PHEV,,Vehicles,38000.0
Norway,Historical,EV sales,Cars,PHEV,2022.0,Vehicles,16000.0
Norway,Historical,EV stock,Cars,FCEV,2022.0,Vehicles,260.0
Norway,Historical,EV sales,Cars,FCEV,2022.0,Vehicles,27.0
Norway,Historical,EV sales share,Buses,EV,2022.0,percent,48.0
Norway,Historical,EV sales,Cars,BEV,2022.0,Vehicles,140000.0
Norway,Historical,EV stock,Cars,BEV,2022.0,Vehicles,590000.0
Norway,Historical,EV stock,Vans,PHEV,2022.0,Vehicles,500.0
Norway,Historical,EV stock,Vans,BEV,2022.0,Vehicles,21000.0
Norway,Historical,EV stock,Vans,FCEV,2022.0,Vehicles,1.0
Norway,Historical,EV sales,Vans,PHEV,2022.0,Vehicles,220.0
Norway,Historical,EV stock,Buses,PHEV,2022.0,Vehicles,69.0
Norway,Historical,EV sales,Vans,BEV,2022.0,,7000.0
Norway,Historical,EV stock,Buses,,2022.0,Vehicles,830.0
Norway,Historical,EV stock,Buses,FCEV,,Vehicles,10.0
Norway,Historical,EV sales,Buses,BEV,2022.0,,310.0
Norway,Historical,EV stock share,Vans,EV,2022.0,percent,4.09999990463257
Norway,Historical,EV sales share,Vans,EV,,percent,24.0
Norway,Historical,EV stock share,Buses,EV,,percent,6.59999990463257
Norway,Historical,EV sales share,Cars,EV,2022.0,,
Norway,Historical,EV stock share,Cars,EV,2022.0,percent,26.0
Norway,Historical,EV stock,Cars,PHEV,2022.0,Vehicles,
Norway,Historical,EV stock,Cars,PHEV,2023.0,Vehicles,210000.0
Norway,Historical,EV stock share,Cars,EV,2023.0,percent,29.0
Norway,Historical,EV sales share,Cars,EV,2023.0,percent,93.0
Norway,Historical,EV stock share,Buses,EV,2023.0,percent,9.89999961853027
Norway,Historical,EV sales share,Vans,EV,2023.0,percent,29.0
Norway,Historical,EV stock share,Vans,EV,2023.0,percent,5.80000019073486
Norway,Historical,EV sales share,Buses,EV,2023.0,,53.0
Norway,Historical,EV sales,Buses,BEV,2023.0,Vehicles,540.0
Norway,Historical,EV stock,Buses,BEV,2023.0,Vehicles,1200.0
Norway,Historical,EV sales,Vans,BEV,2023.0,Vehicles,8800.0
Norway,Historical,EV stock,Buses,PHEV,2023.0,Vehicles,68.0
Norway,Historical,EV sales,Vans,PHEV,2023.0,Vehicles,130.0
Norway,Historical,EV stock,Vans,FCEV,2023.0,Vehicles,1.0
Norway,Historical,EV stock,Vans,BEV,2023.0,Vehicles,30000.0
Norway,Historical,EV stock,Vans,PHEV,2023.0,Vehicles,660.0
Norway,Historical,EV stock,Cars,BEV,2023.0,Vehicles,690000.0
Norway,Historical,EV sales,Cars,BEV,2023.0,Vehicles,
Norway,Historical,EV sales,Cars,FCEV,2023.0,Vehicles,6.0
Norway,Historical,EV stock,Cars,FCEV,2023.0,Vehicles,290.0
Norway,Historical,EV sales,Cars,PHEV,2023.0,Vehicles,10000.0
Poland,Historical,EV sales,Vans,BEV,2010.0,Vehicles,3.0
Poland,Historical,EV sales,Cars,BEV,2010.0,Vehicles,15.0
Poland,Historical,EV sales,Cars,PHEV,2010.0,Vehicles,1.0
Poland,Historical,EV sales share,Vans,EV,2010.0,percent,0.007799999788404
Poland,Historical,EV sales share,Cars,EV,2010.0,percent,0.004800000227988
Poland,Historical,EV sales share,Cars,EV,2011.0,percent,0.014000000432134
Poland,Historical,EV sales share,Vans,,2011.0,percent,0.006599999964237
Poland,Historical,EV sales,Cars,BEV,,Vehicles,43.0
Poland,Historical,EV sales,Vans,BEV,2011.0,Vehicles,3.0
Poland,Historical,EV sales,Vans,BEV,2012.0,Vehicles,16.0
Poland,Historical,EV sales,Cars,,2012.0,Vehicles,44.0
Poland,Historical,EV sales,Cars,PHEV,2012.0,Vehicles,4.0
Poland,Historical,EV sales share,Vans,EV,2012.0,percent,0.041999999433756
Poland,Historical,EV sales share,Cars,EV,2012.0,percent,0.017000000923872
Poland,Historical,EV sales share,Cars,EV,2013.0,percent,0.013000000268221
Poland,Historical,EV sales share,Vans,EV,,percent,0.025000000372529
Poland,Historical,EV sales,Cars,PHEV,2013.0,Vehicles,
Poland,Historical,EV sales,Cars,BEV,2013.0,Vehicles,31.0
Poland,Historical,EV sales,Vans,BEV,2013.0,Vehicles,10.0
Poland,Historical,EV sales,Vans,BEV,2014.0,Vehicles,8.0
Poland,Historical,EV sales,Cars,BEV,2014.0,Vehicles,140.0
Poland,Historical,EV sales,Cars,PHEV,2014.0,Vehicles,61.0
Poland,Historical,EV sales share,Vans,EV,2014.0,percent,0.01799999922514
Poland,Historical,EV sales share,Cars,EV,2014.0,percent,0.061999998986721
Poland,Historical,EV sales share,Cars,EV,2015.0,percent,0.061000000685454
Poland,Historical,EV stock share,Vans,EV,2015.0,percent,0.000739999988582
Poland,Historical,EV sales share,Vans,EV,2015.0,percent,0.028000000864267
Poland,Historical,EV stock share,Buses,EV,2015.0,percent,0.023000000044704
Poland,Historical,EV stock share,Cars,EV,2015.0,percent,0.012000000104308
Poland,Historical,EV sales,Cars,PHEV,2015.0,Vehicles,150.0
Poland,Historical,EV sales,Cars,BEV,2015.0,Vehicles,70.0
Poland,Historical,EV stock,Cars,BEV,2015.0,,2500.0
Poland,Historical,EV sales,Vans,,2015.0,Vehicles,
Poland,Historical,EV stock,Buses,PHEV,2015.0,Vehicles,14.0
Poland,Historical,EV stock,Vans,BEV,2015.0,Vehicles,18.0
Poland,Historical,EV sales,Vans,PHEV,2015.0,Vehicles,2.0
Poland,Historical,EV stock,Vans,BEV,2016.0,Vehicles,27.0
Poland,Historical,EV stock,Buses,PHEV,2016.0,Vehicles,34.0
Poland,Historical,EV sales,Vans,BEV,2016.0,Vehicles,16.0
Poland,Historical,EV stock,Cars,BEV,2016.0,Vehicles,
Poland,Historical,EV sales,Cars,BEV,2016.0,Vehicles,110.0
Poland,Historical,EV sales,Cars,PHEV,2016.0,Vehicles,400.0
Poland,Historical,EV stock share,Cars,EV,2016.0,percent,
Poland,Historical,EV stock share,Buses,EV,2016.0,percent,0.054999999701977
Poland,Historical,EV sales share,Vans,EV,2016.0,percent,0.027000000700355
Poland,Historical,EV stock share,Vans,EV,2016.0,percent,0.00109999999404
Poland,Historical,EV sales share,Cars,EV,2016.0,percent,0.119999997317791
Poland,Historical,EV sales share,Cars,EV,2017.0,percent,0.219999998807907
Poland,Historical,EV stock share,Vans,,2017.0,percent,0.001300000003539
Poland,Historical,EV sales share,Vans,EV,2017.0,percent,0.046999998390675
Poland,Historical,EV stock share,Buses,EV,2017.0,percent,0.054999999701977
Poland,Historical,EV stock share,Cars,EV,2017.0,percent,0.014000000432134
Poland,Historical,EV sales,Cars,PHEV,,Vehicles,640.0
Poland,Historical,EV sales,Cars,BEV,2017.0,Vehicles,
Poland,Historical,EV stock,Cars,BEV,2017.0,Vehicles,3100.0
Poland,Historical,EV stock,Cars,FCEV,2017.0,Vehicles,14.0
Poland,Historical,EV sales,Vans,BEV,2017.0,,28.0
Poland,Historical,EV stock,Buses,PHEV,2017.0,Vehicles,34.0
Poland,Historical,EV stock,Vans,BEV,2017.0,Vehicles,34.0
Poland,Historical,EV stock,Buses,BEV,2017.0,Vehicles,1.0
Poland,Historical,EV stock,Buses,BEV,2018.0,Vehicles,63.0
Poland,Historical,EV sales,Buses,BEV,2018.0,Vehicles,63.0
Poland,Historical,EV stock,Vans,BEV,2018.0,Vehicles,120.0
Poland,Historical,EV sales,Buses,PHEV,2018.0,Vehicles,38.0
Poland,Historical,EV stock,Buses,PHEV,2018.0,Vehicles,38.0
Poland,Historical,EV sales,Vans,BEV,2018.0,Vehicles,42.0
Poland,Historical,EV stock,Cars,FCEV,2018.0,Vehicles,28.0
Poland,Historical,EV stock,Cars,BEV,2018.0,Vehicles,
Poland,Historical,EV sales,Cars,,2018.0,Vehicles,620.0
Poland,Historical,EV sales,Cars,PHEV,2018.0,Vehicles,760.0
Poland,Historical,EV sales,Cars,FCEV,2018.0,Vehicles,1.0
Poland,Historical,EV sales share,Buses,EV,2018.0,percent,1.70000004768372
Poland,Historical,EV stock share,Cars,,2018.0,percent,0.020999999716878
Poland,Historical,EV stock share,Buses,EV,2018.0,percent,0.150000005960464
Poland,Historical,EV sales share,Vans,EV,2018.0,percent,0.061000000685454
Poland,Historical,EV stock share,Vans,EV,2018.0,percent,0.005799999926239
Poland,Historical,EV sales share,Cars,EV,2018.0,percent,0.259999990463257
Poland,Historical,EV sales share,Cars,EV,2019.0,percent,0.490000009536743
Poland,Historical,EV stock share,Vans,EV,2019.0,,0.021999999880791
Poland,Historical,EV sales share,Vans,EV,2019.0,percent,0.189999997615814
Poland,Historical,EV stock share,Buses,EV,2019.0,percent,0.389999985694885
Poland,Historical,EV stock share,Cars,EV,2019.0,percent,0.046999998390675
Poland,Historical,EV sales share,Buses,EV,2019.0,percent,1.20000004768372
Poland,Historical,EV stock,Vans,PHEV,2019.0,Vehicles,3.0
Poland,Historical,EV sales,Cars,PHEV,2019.0,Vehicles,1200.0
Poland,Historical,EV sales,Cars,,2019.0,Vehicles,1500.0
Poland,Historical,EV stock,Cars,BEV,2019.0,Vehicles,4800.0
Poland,Historical,EV stock,Cars,FCEV,2019.0,Vehicles,
Poland,Historical,EV stock,Cars,PHEV,2019.0,Vehicles,3800.0
Poland,Historical,EV sales,Vans,BEV,2019.0,Vehicles,130.0
Poland,Historical,EV stock,Buses,,2019.0,Vehicles,38.0
Poland,Historical,EV sales,Buses,PHEV,2019.0,Vehicles,
Poland,Historical,EV stock,Vans,BEV,2019.0,Vehicles,490.0
Poland,Historical,EV sales,Buses,BEV,2019.0,Vehicles,54.0
Poland,Historical,EV stock,Buses,BEV,2019.0,Vehicles,230.0
Poland,Historical,EV stock,Buses,BEV,2020.0,Vehicles,430.0
Poland,Historical,EV sales,Buses,BEV,2020.0,Vehicles,200.0
Poland,Historical,EV stock,Vans,BEV,2020.0,Vehicles,
Poland,Historical,EV sales,Vans,PHEV,2020.0,Vehicles,2.0
Poland,Historical,EV stock,Buses,PHEV,2020.0,Vehicles,38.0
Poland,Historical,EV sales,Vans,BEV,2020.0,Vehicles,220.0
Poland,Historical,EV stock,Cars,PHEV,2020.0,Vehicles,
Poland,Historical,EV stock,Cars,FCEV,2020.0,Vehicles,28.0
Poland,Historical,EV stock,Cars,BEV,2020.0,Vehicles,9400.0
Poland,Historical,EV sales,Cars,BEV,2020.0,Vehicles,3700.0
Poland,Historical,EV sales,Cars,PHEV,2020.0,Vehicles,4500.0
Poland,Historical,EV stock,Vans,PHEV,2020.0,Vehicles,8.0
Poland,Historical,EV sales share,Buses,EV,2020.0,percent,
Poland,Historical,EV stock share,Cars,EV,2020.0,percent,
Poland,Historical,EV stock share,Buses,EV,2020.0,percent,0.709999978542328
Poland,Historical,EV sales share,Vans,EV,2020.0,percent,0.370000004768372
Poland,Historical,EV stock share,Vans,EV,2020.0,percent,
Poland,Historical,EV sales share,Cars,EV,2020.0,percent,1.89999997615814
Poland,Historical,EV sales share,Cars,EV,2021.0,percent,
Poland,Historical,EV stock share,Vans,EV,2021.0,percent,0.063000001013279
Poland,Historical,EV sales share,Vans,EV,2021.0,percent,1.10000002384186
Poland,Historical,EV stock share,Buses,,2021.0,,0.959999978542328
Poland,Historical,EV stock share,Cars,EV,2021.0,percent,0.189999997615814
Poland,Historical,EV sales share,Buses,EV,2021.0,percent,16.0
Poland,Historical,EV stock,Vans,PHEV,2021.0,Vehicles,4.0
Poland,Historical,EV sales,Cars,FCEV,2021.0,Vehicles,78.0
Poland,Historical,EV sales,Cars,PHEV,2021.0,Vehicles,9100.0
Poland,Historical,EV sales,Cars,BEV,2021.0,Vehicles,
Poland,Historical,EV stock,Cars,BEV,2021.0,Vehicles,18000.0
Poland,Historical,EV stock,Cars,FCEV,2021.0,Vehicles,91.0
Poland,Historical,EV stock,Cars,PHEV,2021.0,Vehicles,19000.0
Poland,Historical,EV sales,Vans,BEV,2021.0,Vehicles,840.0
Poland,Historical,EV stock,Buses,PHEV,2021.0,Vehicles,38.0
Poland,Historical,EV sales,Vans,PHEV,2021.0,Vehicles,1.0
Poland,Historical,EV sales,Buses,PHEV,2021.0,Vehicles,1.0
Poland,Historical,EV stock,Vans,,2021.0,Vehicles,1500.0
Poland,Historical,EV sales,Buses,BEV,2021.0,Vehicles,220.0
Poland,Historical,EV stock,Buses,BEV,2021.0,Vehicles,600.0
Poland,Historical,EV stock,Buses,BEV,2022.0,Vehicles,
Poland,Historical,EV sales,Buses,BEV,2022.0,Vehicles,180.0
Poland,Historical,EV stock,Vans,BEV,2022.0,Vehicles,3100.0
Poland,Historical,EV sales,Buses,PHEV,2022.0,Vehicles,
Poland,Historical,EV sales,Vans,PHEV,2022.0,Vehicles,1.0
Poland,Historical,EV stock,Buses,PHEV,2022.0,Vehicles,38.0
Poland,Historical,EV sales,Vans,BEV,2022.0,Vehicles,1100.0
Poland,Historical,EV stock,Cars,PHEV,2022.0,Vehicles,30000.0
Poland,Historical,EV stock,Cars,,2022.0,Vehicles,130.0
Poland,Historical,EV stock,Cars,BEV,2022.0,Vehicles,
Poland,Historical,EV sales,Cars,,2022.0,Vehicles,14000.0
Poland,Historical,EV sales,Cars,PHEV,2022.0,Vehicles,11000.0
Poland,Historical,EV sales,Cars,FCEV,2022.0,Vehicles,46.0
Poland,Historical,EV stock,Vans,PHEV,2022.0,Vehicles,
Poland,Historical,EV sales share,Buses,EV,2022.0,percent,16.0
Poland,Historical,EV stock share,Cars,EV,2022.0,percent,0.310000002384186
Poland,Historical,EV stock share,Buses,EV,2022.0,percent,1.29999995231628
Poland,Historical,EV sales share,Vans,EV,2022.0,percent,1.79999995231628
Poland,Historical,EV stock share,Vans,EV,2022.0,percent,0.129999995231628
Poland,Historical,EV sales share,Cars,EV,2022.0,,6.0
Poland,Historical,EV sales share,Cars,EV,2023.0,percent,6.59999990463257
Poland,Historical,EV stock share,Vans,EV,2023.0,percent,0.239999994635582
Poland,Historical,EV sales share,Vans,EV,2023.0,percent,3.79999995231628
Poland,Historical,EV stock share,Buses,EV,2023.0,percent,
Poland,Historical,EV stock share,Cars,EV,2023.0,percent,0.490000009536743
Poland,Historical,EV sales share,Buses,EV,2023.0,percent,
Poland,Historical,EV stock,Vans,PHEV,2023.0,Vehicles,6.0
Poland,Historical,EV sales,Cars,FCEV,2023.0,,83.0
Poland,Historical,EV sales,Cars,PHEV,2023.0,Vehicles,13000.0
Poland,Historical,EV sales,Cars,BEV,2023.0,Vehicles,17000.0
Poland,Historical,EV stock,Cars,BEV,2023.0,Vehicles,52000.0
Poland,Historical,EV stock,Cars,FCEV,2023.0,Vehicles,210.0
Poland,Historical,EV stock,Cars,PHEV,2023.0,Vehicles,47000.0
Poland,Historical,EV sales,Vans,BEV,2023.0,Vehicles,2400.0
Poland,Historical,EV stock,Buses,PHEV,2023.0,Vehicles,
Poland,Historical,EV sales,Buses,PHEV,2023.0,Vehicles,3.0
Poland,Historical,EV stock,Vans,BEV,2023.0,Vehicles,5800.0
Poland,Historical,EV sales,Buses,BEV,2023.0,Vehicles,360.0
Poland,Historical,EV stock,Buses,BEV,,Vehicles,1200.0
Poland,Historical,EV sales,Buses,FCEV,2023.0,Vehicles,
Poland,Historical,EV stock,Buses,FCEV,2023.0,Vehicles,34.0
Portugal,Historical,EV sales,Cars,BEV,2010.0,Vehicles,13.0
Portugal,Historical,EV stock,Cars,BEV,2010.0,Vehicles,720.0
Portugal,Historical,EV stock share,Cars,EV,2010.0,percent,0.014999999664724
Portugal,Historical,EV sales share,Cars,EV,2010.0,percent,0.005799999926239
Portugal,Historical,EV sales share,Cars,EV,2011.0,percent,
Portugal,Historical,EV stock share,Cars,EV,2011.0,percent,0.018999999389052
Portugal,Historical,EV stock,Cars,BEV,2011.0,Vehicles,910.0
Portugal,Historical,EV sales,Cars,BEV,2011.0,Vehicles,170.0
Portugal,Historical,EV sales,Cars,PHEV,2011.0,Vehicles,2.0
Portugal,Historical,EV sales,Cars,PHEV,2012.0,Vehicles,30.0
Portugal,Historical,EV sales,Cars,BEV,2012.0,Vehicles,54.0
Portugal,Historical,EV stock,Cars,BEV,2012.0,Vehicles,960.0
Portugal,Historical,EV stock share,Cars,,2012.0,percent,0.023000000044704
Portugal,Historical,EV sales share,Cars,EV,2012.0,percent,0.087999999523163
Portugal,Historical,EV sales share,Cars,EV,2013.0,percent,0.170000001788139
Portugal,Historical,EV stock share,Cars,EV,2013.0,percent,0.027000000700355
Portugal,Historical,EV sales share,Vans,EV,2013.0,percent,0.150000005960464
Portugal,Historical,EV stock,Cars,BEV,2013.0,Vehicles,1100.0
Portugal,Historical,EV sales,Cars,BEV,2013.0,Vehicles,150.0
Portugal,Historical,EV sales,Cars,PHEV,2013.0,Vehicles,35.0
Portugal,Historical,EV stock,Cars,PHEV,2013.0,Vehicles,37.0
Portugal,Historical,EV sales,Vans,BEV,2013.0,Vehicles,27.0
Portugal,Historical,EV sales,Vans,BEV,2014.0,Vehicles,26.0
Portugal,Historical,EV sales,Buses,PHEV,2014.0,Vehicles,2.0
Portugal,Historical,EV stock,Cars,PHEV,2014.0,Vehicles,46.0
Portugal,Historical,EV sales,Cars,PHEV,2014.0,Vehicles,98.0
Portugal,Historical,EV sales,Cars,BEV,2014.0,Vehicles,190.0
Portugal,Historical,EV stock,Cars,BEV,2014.0,Vehicles,
Portugal,Historical,EV sales share,Vans,EV,2014.0,percent,0.100000001490116
Portugal,Historical,EV sales share,Buses,EV,2014.0,percent,0.839999973773956
Portugal,Historical,EV stock share,Cars,EV,2014.0,percent,
Portugal,Historical,EV sales share,Cars,EV,2014.0,percent,0.200000002980232
Portugal,Historical,EV sales share,Cars,EV,2015.0,percent,0.620000004768372
Portugal,Historical,EV stock share,Cars,,2015.0,percent,0.052999999374151
Portugal,Historical,EV stock,Cars,BEV,2015.0,Vehicles,2000.0
Portugal,Historical,EV sales,Cars,BEV,2015.0,Vehicles,
Portugal,Historical,EV sales,Cars,PHEV,2015.0,Vehicles,430.0
Portugal,Historical,EV stock,Cars,PHEV,2015.0,Vehicles,530.0
Portugal,Historical,EV stock,Cars,PHEV,2016.0,Vehicles,1600.0
Portugal,Historical,EV sales,Cars,PHEV,2016.0,Vehicles,1000.0
Portugal,Historical,EV sales,Cars,BEV,2016.0,Vehicles,800.0
Portugal,Historical,EV stock,Cars,BEV,2016.0,Vehicles,
Portugal,Historical,EV stock share,Cars,EV,2016.0,percent,0.093000002205372
Portugal,Historical,EV sales share,Cars,EV,2016.0,percent,0.870000004768372
Portugal,Historical,EV sales share,Cars,EV,2017.0,percent,2.0
Portugal,Historical,EV stock share,Cars,EV,2017.0,percent,0.189999997615814
Portugal,Historical,EV sales share,Buses,EV,2017.0,percent,0.519999980926514
Portugal,Historical,EV sales share,Vans,EV,2017.0,percent,0.560000002384186
Portugal,Historical,EV stock share,Buses,EV,2017.0,percent,0.159999996423721
Portugal,Historical,EV stock share,Vans,EV,2017.0,percent,0.006899999920279
Portugal,Historical,EV stock,Cars,BEV,2017.0,Vehicles,4700.0
Portugal,Historical,EV sales,Cars,BEV,2017.0,Vehicles,1900.0
Portugal,Historical,EV stock,Vans,BEV,2017.0,Vehicles,76.0
Portugal,Historical,EV sales,Cars,PHEV,2017.0,Vehicles,2500.0
Portugal,Historical,EV sales,Buses,,2017.0,Vehicles,
Portugal,Historical,EV sales,Vans,BEV,2017.0,Vehicles,200.0
Portugal,Historical,EV stock,Buses,BEV,2017.0,Vehicles,23.0
Portugal,Historical,EV stock,Cars,PHEV,2017.0,Vehicles,4100.0
Portugal,Historical,EV stock,Cars,PHEV,2018.0,Vehicles,8000.0
Portugal,Historical,EV stock,Buses,BEV,2018.0,Vehicles,33.0
Portugal,Historical,EV sales,Buses,,2018.0,,10.0
Portugal,Historical,EV sales,Vans,BEV,2018.0,Vehicles,260.0
Portugal,Historical,EV sales,Cars,PHEV,2018.0,Vehicles,3900.0
Portugal,Historical,EV stock,Vans,,,Vehicles,330.0
Portugal,Historical,EV sales,Cars,BEV,2018.0,Vehicles,4300.0
Portugal,Historical,EV stock,Cars,BEV,2018.0,Vehicles,8700.0
Portugal,Historical,EV stock share,Vans,EV,2018.0,percent,0.028999999165535
Portugal,Historical,EV stock share,Buses,EV,2018.0,percent,0.230000004172325
Portugal,Historical,EV sales share,Vans,,2018.0,percent,0.670000016689301
Portugal,Historical,EV sales share,Buses,,2018.0,percent,1.89999997615814
Portugal,Historical,EV stock share,Cars,EV,,percent,0.360000014305115
Portugal,Historical,EV sales share,Cars,,2018.0,percent,3.59999990463257
Portugal,Historical,EV sales share,Cars,EV,2019.0,percent,5.59999990463257
Portugal,Historical,EV stock share,Cars,EV,2019.0,percent,0.620000004768372
Portugal,Historical,EV sales share,Buses,EV,2019.0,percent,4.90000009536743
Portugal,Historical,EV sales share,Vans,EV,2019.0,percent,0.620000004768372
Portugal,Historical,EV stock share,Buses,EV,2019.0,percent,
Portugal,Historical,EV stock share,Vans,EV,2019.0,percent,0.048000000417233
Portugal,Historical,EV stock,Cars,BEV,2019.0,Vehicles,16000.0
Portugal,Historical,EV sales,Cars,BEV,2019.0,Vehicles,6800.0
Portugal,Historical,EV stock,Vans,BEV,2019.0,Vehicles,
Portugal,Historical,EV stock,Buses,PHEV,2019.0,Vehicles,10.0
Portugal,Historical,EV sales,Cars,PHEV,2019.0,Vehicles,5800.0
Portugal,Historical,EV sales,Vans,BEV,2019.0,Vehicles,
Portugal,Historical,EV sales,Buses,PHEV,2019.0,Vehicles,10.0
Portugal,Historical,EV sales,Buses,BEV,2019.0,Vehicles,17.0
Portugal,Historical,EV stock,Buses,BEV,2019.0,Vehicles,50.0
Portugal,Historical,EV stock,Cars,PHEV,2019.0,,
Portugal,Historical,EV stock,Cars,PHEV,2020.0,Vehicles,26000.0
Portugal,Historical,EV stock,Buses,BEV,2020.0,Vehicles,60.0
Portugal,Historical,EV sales,Buses,BEV,2020.0,Vehicles,
Portugal,Historical,EV sales,Vans,BEV,2020.0,Vehicles,270.0
Portugal,Historical,EV sales,Cars,PHEV,2020.0,Vehicles,
Portugal,Historical,EV stock,Buses,PHEV,2020.0,Vehicles,10.0
Portugal,Historical,EV stock,Vans,,2020.0,Vehicles,1900.0
Portugal,Historical,EV sales,Cars,BEV,2020.0,Vehicles,7800.0
Portugal,Historical,EV stock,Cars,BEV,2020.0,Vehicles,23000.0
Portugal,Historical,EV stock share,Vans,EV,2020.0,percent,0.170000001788139
Portugal,Historical,EV stock share,Buses,,,percent,0.490000009536743
Portugal,Historical,EV sales share,Vans,EV,2020.0,,0.990000009536743
Portugal,Historical,EV sales share,Buses,EV,2020.0,percent,2.20000004768372
Portugal,Historical,EV stock share,Cars,EV,2020.0,percent,1.10000002384186
Portugal,Historical,EV sales share,Cars,EV,2020.0,percent,13.0
Portugal,Historical,EV sales share,Cars,EV,2021.0,percent,20.0
Portugal,Historical,EV stock share,Cars,EV,2021.0,percent,1.70000004768372
Portugal,Historical,EV sales share,Buses,EV,2021.0,percent,7.40000009536743
Portugal,Historical,EV sales share,Vans,EV,2021.0,percent,1.29999995231628
Portugal,Historical,EV stock share,Buses,EV,2021.0,percent,0.810000002384186
Portugal,Historical,EV stock share,Vans,EV,2021.0,percent,0.200000002980232
Portugal,Historical,EV stock,Cars,BEV,2021.0,Vehicles,37000.0
Portugal,Historical,EV stock,Buses,FCEV,2021.0,Vehicles,2.0
Portugal,Historical,EV sales,Vans,PHEV,2021.0,Vehicles,7.0
Portugal,Historical,EV stock,Vans,PHEV,2021.0,Vehicles,7.0
Portugal,Historical,EV sales,Cars,FCEV,2021.0,Vehicles,1.0
Portugal,Historical,EV sales,Cars,BEV,2021.0,Vehicles,13000.0
Portugal,Historical,EV stock,Vans,,2021.0,Vehicles,2300.0
Portugal,Historical,EV stock,Buses,PHEV,2021.0,Vehicles,
Portugal,Historical,EV sales,Cars,PHEV,2021.0,Vehicles,16000.0
Portugal,Historical,EV sales,Vans,BEV,2021.0,Vehicles,360.0
Portugal,Historical,EV sales,Buses,PHEV,2021.0,Vehicles,2.0
Portugal,Historical,EV sales,Buses,,2021.0,Vehicles,44.0
Portugal,Historical,EV stock,Buses,BEV,2021.0,Vehicles,100.0
Portugal,Historical,EV stock,Cars,FCEV,2021.0,Vehicles,3.0
Portugal,Historical,EV stock,Cars,PHEV,,Vehicles,41000.0
Portugal,Historical,EV stock,Cars,PHEV,2022.0,Vehicles,57000.0
Portugal,Historical,EV stock,Cars,FCEV,2022.0,Vehicles,3.0
Portugal,Historical,EV stock,Buses,BEV,2022.0,Vehicles,250.0
Portugal,Historical,EV sales,Buses,BEV,2022.0,Vehicles,76.0
Portugal,Historical,EV sales,Vans,BEV,2022.0,Vehicles,1000.0
Portugal,Historical,EV sales,Cars,PHEV,2022.0,Vehicles,16000.0
Portugal,Historical,EV stock,Buses,PHEV,2022.0,Vehicles,12.0
Portugal,Historical,EV stock,Vans,BEV,2022.0,Vehicles,3300.0
Portugal,Historical,EV sales,Cars,,2022.0,,18000.0
Portugal,Historical,EV stock,Vans,PHEV,2022.0,Vehicles,9.0
Portugal,Historical,EV sales,Vans,PHEV,2022.0,Vehicles,2.0
Portugal,Historical,EV stock,Buses,FCEV,2022.0,,3.0
Portugal,Historical,EV stock,Cars,BEV,2022.0,Vehicles,54000.0
Portugal,Historical,EV stock share,Vans,EV,2022.0,percent,0.300000011920929
Portugal,Historical,EV stock share,Buses,EV,2022.0,percent,1.70000004768372
Portugal,Historical,EV sales share,Vans,EV,2022.0,percent,4.30000019073486
Portugal,Historical,EV sales share,Buses,EV,2022.0,percent,5.30000019073486
Portugal,Historical,EV stock share,Cars,EV,2022.0,percent,2.5
Portugal,Historical,EV sales share,Cars,EV,2022.0,percent,22.0
Portugal,Historical,EV sales share,Cars,EV,2023.0,percent,
Portugal,Historical,EV stock share,Cars,EV,2023.0,percent,3.90000009536743
Portugal,Historical,EV sales share,Buses,EV,2023.0,percent,36.0
Portugal,Historical,EV sales share,Vans,EV,2023.0,percent,8.60000038146973
Portugal,Historical,EV stock share,Buses,EV,2023.0,percent,3.59999990463257
Portugal,Historical,EV stock share,Vans,EV,2023.0,percent,0.469999998807907
Portugal,Historical,EV stock,Cars,BEV,2023.0,Vehicles,91000.0
Portugal,Historical,EV stock,Buses,FCEV,,Vehicles,1.0
Portugal,Historical,EV stock,Vans,PHEV,2023.0,Vehicles,9.0
Portugal,Historical,EV sales,Cars,FCEV,2023.0,Vehicles,2.0
Portugal,Historical,EV sales,Cars,BEV,2023.0,Vehicles,36000.0
Portugal,Historical,EV stock,Vans,BEV,2023.0,Vehicles,4800.0
Portugal,Historical,EV stock,Buses,PHEV,2023.0,Vehicles,16.0
Portugal,Historical,EV sales,Cars,PHEV,2023.0,Vehicles,27000.0
Portugal,Historical,EV sales,Vans,BEV,2023.0,Vehicles,2500.0
Portugal,Historical,EV sales,Buses,BEV,2023.0,Vehicles,360.0
Portugal,Historical,EV stock,Buses,BEV,,Vehicles,570.0
Portugal,Historical,EV sales,Buses,FCEV,2023.0,Vehicles,1.0
Portugal,Historical,EV stock,Cars,FCEV,2023.0,Vehicles,3.0
Portugal,Historical,EV stock,Cars,,2023.0,Vehicles,84000.0
Rest of the world,Historical,EV stock,Buses,BEV,2010.0,Vehicles,180.0
Rest of the world,Historical,EV stock share,Buses,EV,2010.0,percent,0.002300000051036
Rest of the world,Historical,EV stock share,Buses,EV,,percent,0.001500000013039
Rest of the world,Historical,EV stock share,Cars,EV,2011.0,percent,0.000190000006114
Rest of the world,Historical,EV sales share,Cars,EV,2011.0,percent,0.000319999991916
Rest of the world,Historical,EV stock,Buses,BEV,2011.0,Vehicles,120.0
Rest of the world,Historical,EV sales,Cars,BEV,2011.0,Vehicles,42.0
Rest of the world,Historical,EV stock,Cars,BEV,2011.0,Vehicles,
Rest of the world,Historical,EV stock,Cars,BEV,2012.0,Vehicles,
Rest of the world,Historical,EV sales,Cars,BEV,2012.0,Vehicles,380.0
Rest of the world,Historical,EV stock,Buses,BEV,2012.0,Vehicles,120.0
Rest of the world,Historical,EV sales,Cars,PHEV,2012.0,Vehicles,68.0
Rest of the world,Historical,EV stock,Cars,PHEV,2012.0,Vehicles,68.0
Rest of the world,Historical,EV sales share,Cars,EV,2012.0,percent,0.00359999993816
Rest of the world,Historical,EV stock share,Cars,EV,2012.0,percent,0.000429999985499
Rest of the world,Historical,EV stock share,Buses,EV,2012.0,percent,0.001399999950081
Rest of the world,Historical,EV stock share,Cars,EV,2013.0,percent,0.00054999999702
Rest of the world,Historical,EV sales share,Cars,EV,2013.0,percent,0.001700000022538
Rest of the world,Historical,EV stock,Cars,PHEV,2013.0,Vehicles,88.0
Rest of the world,Historical,EV sales,Cars,PHEV,2013.0,Vehicles,21.0
Rest of the world,Historical,EV sales,Cars,BEV,2013.0,Vehicles,190.0
Rest of the world,Historical,EV stock,Cars,BEV,2013.0,Vehicles,710.0
Rest of the world,Historical,EV sales,Cars,BEV,2014.0,Vehicles,150.0
Rest of the world,Historical,EV sales,Cars,PHEV,2014.0,Vehicles,
Rest of the world,Historical,EV stock,Cars,PHEV,2014.0,Vehicles,490.0
Rest of the world,Historical,EV stock,Cars,BEV,2014.0,Vehicles,
Rest of the world,Historical,EV sales share,Cars,EV,2014.0,percent,0.004300000146031
Rest of the world,Historical,EV stock share,Cars,EV,2014.0,percent,0.00089999998454
Rest of the world,Historical,EV stock share,Cars,EV,2015.0,percent,0.00400000018999
Rest of the world,Historical,EV sales share,Cars,,2015.0,percent,0.037999998778105
Rest of the world,Historical,EV stock,Cars,,2015.0,Vehicles,4900.0
Rest of the world,Historical,EV stock,Cars,PHEV,2015.0,Vehicles,1400.0
Rest of the world,Historical,EV sales,Cars,PHEV,2015.0,Vehicles,900.0
Rest of the world,Historical,EV sales,Cars,BEV,2015.0,Vehicles,3400.0
Rest of the world,Historical,EV sales,Vans,BEV,2015.0,Vehicles,
Rest of the world,Historical,EV stock,Vans,BEV,2015.0,Vehicles,21.0
Rest of the world,Historical,EV stock,Vans,BEV,2016.0,Vehicles,39.0
Rest of the world,Historical,EV sales,Vans,BEV,2016.0,Vehicles,18.0
Rest of the world,Historical,EV sales,Cars,BEV,2016.0,Vehicles,880.0
Rest of the world,Historical,EV sales,Cars,PHEV,2016.0,Vehicles,700.0
Rest of the world,Historical,EV stock,Cars,PHEV,2016.0,Vehicles,2100.0
Rest of the world,Historical,EV stock,Cars,BEV,2016.0,Vehicles,5600.0
Rest of the world,Historical,EV sales share,Cars,EV,2016.0,percent,0.016000000759959
Rest of the world,Historical,EV stock share,Cars,EV,2016.0,percent,0.004800000227988
Rest of the world,Historical,EV stock share,Cars,EV,2017.0,percent,0.006000000052154
Rest of the world,Historical,EV sales share,Cars,EV,2017.0,percent,
Rest of the world,Historical,EV stock share,Buses,EV,2017.0,percent,0.000440000003437
Rest of the world,Historical,EV sales share,Buses,EV,2017.0,percent,0.004600000102073
Rest of the world,Historical,EV stock,Cars,BEV,2017.0,Vehicles,7300.0
Rest of the world,Historical,EV stock,Cars,PHEV,2017.0,Vehicles,2600.0
Rest of the world,Historical,EV sales,Cars,,2017.0,Vehicles,570.0
Rest of the world,Historical,EV sales,Cars,,2017.0,Vehicles,1900.0
Rest of the world,Historical,EV sales,Vans,,2017.0,Vehicles,33.0
Rest of the world,Historical,EV stock,Vans,,2017.0,Vehicles,71.0
Rest of the world,Historical,EV sales,Buses,BEV,2017.0,Vehicles,45.0
Rest of the world,Historical,EV stock,Buses,BEV,2017.0,Vehicles,45.0
Rest of the world,Historical,EV stock,Buses,BEV,2018.0,Vehicles,
Rest of the world,Historical,EV sales,Buses,BEV,2018.0,Vehicles,220.0
Rest of the world,Historical,EV sales,Buses,PHEV,2018.0,Vehicles,40.0
Rest of the world,Historical,EV stock,Buses,PHEV,2018.0,Vehicles,40.0
Rest of the world,Historical,EV stock,Vans,BEV,2018.0,Vehicles,130.0
Rest of the world,Historical,EV sales,Vans,BEV,2018.0,Vehicles,60.0
Rest of the world,Historical,EV sales,Cars,BEV,2018.0,Vehicles,1700.0
Rest of the world,Historical,EV sales,Cars,PHEV,2018.0,Vehicles,2300.0
Rest of the world,Historical,EV stock,Cars,PHEV,2018.0,Vehicles,4900.0
Rest of the world,Historical,EV stock,Cars,BEV,2018.0,Vehicles,8800.0
Rest of the world,Historical,EV sales share,Buses,EV,2018.0,percent,0.027000000700355
Rest of the world,Historical,EV stock share,Buses,EV,2018.0,,0.002000000094995
Rest of the world,Historical,EV sales share,Cars,EV,2018.0,percent,0.037000000476837
Rest of the world,Historical,EV stock share,Cars,EV,2018.0,percent,0.008200000040233
Rest of the world,Historical,EV stock share,Cars,EV,2019.0,percent,0.013000000268221
Rest of the world,Historical,EV sales share,Cars,EV,2019.0,percent,0.082000002264977
Rest of the world,Historical,EV stock share,Buses,EV,2019.0,percent,0.00400000018999
Rest of the world,Historical,EV sales share,Buses,EV,2019.0,percent,0.032999999821186
Rest of the world,Historical,EV stock,Cars,,2019.0,Vehicles,14000.0
Rest of the world,Historical,EV stock,Cars,PHEV,,Vehicles,7600.0
Rest of the world,Historical,EV sales,Cars,PHEV,2019.0,Vehicles,2800.0
Rest of the world,Historical,EV sales,Cars,BEV,2019.0,Vehicles,5200.0
Rest of the world,Historical,EV sales,Vans,BEV,2019.0,Vehicles,180.0
Rest of the world,Historical,EV stock,Vans,BEV,2019.0,Vehicles,310.0
Rest of the world,Historical,EV stock,Buses,PHEV,2019.0,Vehicles,39.0
Rest of the world,Historical,EV sales,Buses,BEV,2019.0,Vehicles,340.0
Rest of the world,Historical,EV stock,Buses,BEV,2019.0,Vehicles,
Rest of the world,Historical,EV stock,Buses,BEV,2020.0,Vehicles,650.0
Rest of the world,Historical,EV sales,Buses,BEV,2020.0,Vehicles,1200.0
Rest of the world,Historical,EV stock,Buses,PHEV,2020.0,Vehicles,42.0
Rest of the world,Historical,EV sales,Buses,PHEV,2020.0,Vehicles,4.0
Rest of the world,Historical,EV stock,Vans,BEV,2020.0,Vehicles,490.0
Rest of the world,Historical,EV sales,Vans,BEV,2020.0,Vehicles,190.0
Rest of the world,Historical,EV sales,Cars,BEV,2020.0,Vehicles,12000.0
Rest of the world,Historical,EV sales,Cars,,2020.0,Vehicles,3200.0
Rest of the world,Historical,EV stock,Cars,,2020.0,Vehicles,11000.0
Rest of the world,Historical,EV stock,Cars,FCEV,2020.0,Vehicles,4.0
Rest of the world,Historical,EV stock,Cars,BEV,2020.0,Vehicles,25000.0
Rest of the world,Historical,EV sales,Cars,FCEV,2020.0,Vehicles,
Rest of the world,Historical,EV sales share,Buses,EV,2020.0,percent,0.150000005960464
Rest of the world,Historical,EV stock share,Buses,EV,2020.0,percent,0.007000000216067
Rest of the world,Historical,EV sales share,Cars,EV,2020.0,percent,0.180000007152557
Rest of the world,Historical,EV stock share,Cars,EV,2020.0,percent,
Rest of the world,Historical,EV stock share,Cars,EV,2021.0,percent,0.035999998450279
Rest of the world,Historical,EV sales share,Cars,EV,2021.0,percent,0.280000001192093
Rest of the world,Historical,EV stock share,Buses,EV,2021.0,percent,0.010999999940395
Rest of the world,Historical,EV sales share,Buses,EV,2021.0,percent,
Rest of the world,Historical,EV stock,Cars,BEV,2021.0,Vehicles,46000.0
Rest of the world,Historical,EV stock,Cars,FCEV,2021.0,Vehicles,4.0
Rest of the world,Historical,EV stock,Cars,PHEV,2021.0,Vehicles,16000.0
Rest of the world,Historical,EV sales,Cars,PHEV,2021.0,Vehicles,5900.0
Rest of the world,Historical,EV sales,Cars,BEV,2021.0,Vehicles,21000.0
Rest of the world,Historical,EV sales,Vans,BEV,2021.0,Vehicles,530.0
Rest of the world,Historical,EV stock,Vans,BEV,2021.0,Vehicles,
Rest of the world,Historical,EV sales,Buses,PHEV,2021.0,Vehicles,
Rest of the world,Historical,EV stock,Buses,PHEV,2021.0,Vehicles,43.0
Rest of the world,Historical,EV sales,Buses,,2021.0,Vehicles,920.0
Rest of the world,Historical,EV sales,Buses,FCEV,2021.0,Vehicles,3.0
Rest of the world,Historical,EV stock,Buses,FCEV,2021.0,Vehicles,3.0
Rest of the world,Historical,EV stock,Buses,BEV,2021.0,Vehicles,1000.0
Rest of the world,Historical,EV stock,Buses,BEV,2022.0,Vehicles,
Rest of the world,Historical,EV stock,Buses,FCEV,2022.0,Vehicles,3.0
Rest of the world,Historical,EV sales,Buses,BEV,2022.0,Vehicles,
Rest of the world,Historical,EV stock,Buses,PHEV,2022.0,Vehicles,
Rest of the world,Historical,EV sales,Buses,PHEV,2022.0,Vehicles,
Rest of the world,Historical,EV stock,Vans,BEV,2022.0,Vehicles,1800.0
Rest of the world,Historical,EV sales,Vans,BEV,2022.0,Vehicles,
Rest of the world,Historical,EV sales,Cars,,2022.0,Vehicles,
Rest of the world,Historical,EV sales,Cars,PHEV,2022.0,Vehicles,7900.0
Rest of the world,Historical,EV stock,Cars,PHEV,2022.0,Vehicles,24000.0
Rest of the world,Historical,EV stock,Cars,FCEV,2022.0,Vehicles,5.0
Rest of the world,Historical,EV stock,Cars,BEV,2022.0,Vehicles,93000.0
Rest of the world,Historical,EV sales,Cars,,2022.0,Vehicles,
Rest of the world,Historical,EV sales share,Buses,EV,2022.0,percent,0.25
Rest of the world,Historical,EV stock share,Buses,EV,2022.0,percent,0.032000001519919
Rest of the world,Historical,EV sales share,Cars,EV,2022.0,percent,0.670000016689301
Rest of the world,Historical,EV stock share,Cars,EV,2022.0,percent,0.068000003695488
Rest of the world,Historical,EV stock share,Cars,EV,2023.0,percent,0.140000000596046
Rest of the world,Historical,EV sales share,Cars,EV,2023.0,,
Rest of the world,Historical,EV stock share,Buses,EV,2023.0,percent,0.039000000804663
Rest of the world,Historical,EV sales share,Buses,EV,2023.0,percent,
Rest of the world,Historical,EV stock,Cars,BEV,2023.0,Vehicles,190000.0
Rest of the world,Historical,EV stock,Cars,FCEV,2023.0,Vehicles,5.0
Rest of the world,Historical,EV stock,Cars,PHEV,2023.0,Vehicles,49000.0
Rest of the world,Historical,EV sales,Cars,PHEV,2023.0,Vehicles,26000.0
Rest of the world,Historical,EV sales,Cars,BEV,2023.0,Vehicles,100000.0
Rest of the world,Historical,EV sales,Vans,BEV,2023.0,Vehicles,1100.0
Rest of the world,Historical,EV stock,Vans,BEV,2023.0,Vehicles,2900.0
Rest of the world,Historical,EV sales,Vans,,2023.0,Vehicles,1.0
Rest of the world,Historical,EV stock,Vans,FCEV,2023.0,Vehicles,1.0
Rest of the world,Historical,EV stock,Buses,PHEV,2023.0,Vehicles,46.0
Rest of the world,Historical,EV sales,Buses,BEV,2023.0,Vehicles,1000.0
Rest of the world,Historical,EV stock,Buses,FCEV,2023.0,Vehicles,3.90000009536743
Rest of the world,Historical,EV sales,Buses,FCEV,2023.0,Vehicles,1.0
Rest of the world,Historical,EV stock,Buses,,2023.0,Vehicles,3600.0
Romania,Historical,EV sales share,Cars,EV,2015.0,percent,
Romania,Historical,EV sales,Cars,BEV,2015.0,Vehicles,24.0
Romania,Historical,EV sales,Cars,BEV,2016.0,Vehicles,74.0
Romania,Historical,EV sales share,Cars,EV,2016.0,percent,0.079999998211861
Romania,Historical,EV sales share,Cars,EV,2017.0,percent,0.180000007152557
Romania,Historical,EV sales,Cars,BEV,2017.0,Vehicles,190.0
Romania,Historical,EV sales,Cars,BEV,2018.0,Vehicles,600.0
Romania,Historical,EV sales share,Cars,EV,2018.0,percent,0.46000000834465
Romania,Historical,EV sales share,Cars,EV,2019.0,percent,0.930000007152557
Romania,Historical,EV sales,Cars,BEV,2019.0,Vehicles,1500.0
Romania,Historical,EV sales,Cars,BEV,2020.0,Vehicles,
Romania,Historical,EV sales,Cars,PHEV,2020.0,Vehicles,
Romania,Historical,EV sales share,Cars,EV,2020.0,percent,3.09999990463257
Romania,Historical,EV sales share,Cars,EV,2021.0,percent,5.19999980926514
Romania,Historical,EV sales,Cars,BEV,2021.0,Vehicles,6300.0
Romania,Historical,EV sales,Cars,,2022.0,Vehicles,
Romania,Historical,EV sales share,Cars,EV,2022.0,percent,9.0
Romania,Historical,EV sales share,Cars,EV,2023.0,percent,11.0
Romania,Historical,EV sales,Cars,BEV,2023.0,Vehicles,15000.0
Seychelles,Historical,EV sales share,Cars,EV,2015.0,percent,0.150000005960464
Seychelles,Historical,EV sales,Cars,BEV,2015.0,Vehicles,3.0
Seychelles,Historical,EV sales,Cars,BEV,2016.0,Vehicles,12.0
Seychelles,Historical,EV sales share,Cars,EV,2016.0,percent,0.629999995231628
Seychelles,Historical,EV sales share,Cars,,2017.0,percent,2.0
Seychelles,Historical,EV sales,Cars,BEV,2017.0,Vehicles,30.0
Seychelles,Historical,EV sales,Cars,BEV,2018.0,Vehicles,32.0
Seychelles,Historical,EV sales share,Cars,EV,2018.0,percent,2.29999995231628
Seychelles,Historical,EV sales share,Cars,EV,2019.0,percent,2.59999990463257
Seychelles,Historical,EV sales,Cars,,2019.0,Vehicles,37.0
Seychelles,Historical,EV sales,Cars,BEV,2020.0,Vehicles,26.0
Seychelles,Historical,EV sales share,Cars,EV,2020.0,percent,3.29999995231628
Seychelles,Historical,EV sales share,Cars,EV,2021.0,percent,4.19999980926514
Seychelles,Historical,EV sales,Cars,,2021.0,Vehicles,61.0
Seychelles,Historical,EV sales,Cars,BEV,2022.0,Vehicles,37.0
Seychelles,Historical,EV sales share,Cars,EV,2022.0,percent,1.70000004768372
Seychelles,Historical,EV sales share,Cars,EV,2023.0,percent,5.0
Seychelles,Historical,EV sales,Cars,BEV,2023.0,Vehicles,100.0
Slovakia,Historical,EV sales share,Cars,EV,2015.0,percent,0.070000000298023
Slovakia,Historical,EV sales,Cars,BEV,2015.0,Vehicles,52.0
Slovakia,Historical,EV sales,Cars,BEV,2016.0,Vehicles,
Slovakia,Historical,EV sales share,Cars,EV,2016.0,percent,0.070000000298023
Slovakia,Historical,EV sales share,Cars,,2017.0,percent,0.219999998807907
Slovakia,Historical,EV sales,Cars,BEV,2017.0,Vehicles,210.0
Slovakia,Historical,EV sales,Cars,BEV,2018.0,Vehicles,290.0
Slovakia,Historical,EV sales share,Cars,EV,2018.0,percent,0.300000011920929
Slovakia,Historical,EV sales share,Cars,EV,2019.0,percent,0.360000014305115
Slovakia,Historical,EV sales,Cars,BEV,2019.0,Vehicles,160.0
Slovakia,Historical,EV sales,Cars,PHEV,2019.0,Vehicles,200.0
Slovakia,Historical,EV sales,Cars,PHEV,2020.0,Vehicles,860.0
Slovakia,Historical,EV sales,Cars,BEV,2020.0,Vehicles,920.0
Slovakia,Historical,EV sales share,Cars,EV,2020.0,percent,
Slovakia,Historical,EV sales share,Cars,EV,2021.0,percent,
Slovakia,Historical,EV sales,Cars,BEV,2021.0,Vehicles,1100.0
Slovakia,Historical,EV sales,Cars,PHEV,2021.0,Vehicles,1200.0
Slovakia,Historical,EV sales,Cars,PHEV,2022.0,Vehicles,1600.0
Slovakia,Historical,EV sales,Cars,BEV,2022.0,Vehicles,
Slovakia,Historical,EV sales share,Cars,EV,2022.0,percent,3.70000004768372
Slovakia,Historical,EV sales share,Cars,EV,2023.0,percent,6.09999990463257
Slovakia,Historical,EV sales,Cars,,2023.0,Vehicles,2300.0
Slovakia,Historical,EV sales,Cars,,2023.0,Vehicles,3000.0
Slovenia,Historical,EV sales,Cars,PHEV,2016.0,Vehicles,46.0
Slovenia,Historical,EV sales,Cars,BEV,2016.0,Vehicles,140.0
Slovenia,Historical,EV sales share,Cars,EV,2016.0,percent,0.319999992847443
Slovenia,Historical,EV sales,Cars,BEV,,Vehicles,290.0
Slovenia,Historical,EV sales share,Cars,,2017.0,percent,0.639999985694885
Slovenia,Historical,EV sales,Cars,PHEV,2017.0,Vehicles,170.0
Slovenia,Historical,EV sales,Cars,PHEV,2018.0,Vehicles,190.0
Slovenia,Historical,EV sales share,Cars,EV,2018.0,percent,0.910000026226044
Slovenia,Historical,EV sales,Cars,BEV,2018.0,Vehicles,470.0
Slovenia,Historical,EV sales,Cars,BEV,2019.0,Vehicles,190.0
Slovenia,Historical,EV sales share,Cars,EV,2019.0,percent,0.28999999165535
Slovenia,Historical,EV sales,Cars,PHEV,,Vehicles,28.0
Slovenia,Historical,EV sales,Cars,PHEV,2020.0,Vehicles,39.0
Slovenia,Historical,EV sales share,Cars,EV,2020.0,percent,3.09999990463257
Slovenia,Historical,EV sales,Cars,BEV,2020.0,Vehicles,1600.0
Slovenia,Historical,EV sales,Cars,BEV,2021.0,Vehicles,
Slovenia,Historical,EV sales share,Cars,EV,2021.0,percent,3.79999995231628
Slovenia,Historical,EV sales,Cars,PHEV,2021.0,Vehicles,310.0
Slovenia,Historical,EV sales,Cars,PHEV,2022.0,Vehicles,590.0
Slovenia,Historical,EV sales share,Cars,EV,2022.0,percent,6.19999980926514
Slovenia,Historical,EV sales,Cars,BEV,2022.0,Vehicles,2300.0
Slovenia,Historical,EV sales,Cars,BEV,2023.0,Vehicles,4300.0
Slovenia,Historical,EV sales share,Cars,EV,2023.0,percent,11.0
Slovenia,Historical,EV sales,Cars,PHEV,2023.0,Vehicles,1000.0
South Africa,Historical,EV stock share,Cars,,2013.0,percent,0.000520000001416
South Africa,Historical,EV sales share,Cars,EV,2013.0,percent,0.007499999832362
South Africa,Historical,EV sales,Cars,BEV,2013.0,Vehicles,34.0
South Africa,Historical,EV stock,Cars,BEV,2013.0,Vehicles,34.0
South Africa,Historical,EV stock,Cars,BEV,,Vehicles,48.0
South Africa,Historical,EV sales,Cars,BEV,2014.0,Vehicles,14.0
South Africa,Historical,EV stock,Cars,PHEV,2014.0,,1.0
South Africa,Historical,EV sales,Cars,PHEV,2014.0,Vehicles,1.0
South Africa,Historical,EV sales share,Cars,EV,2014.0,percent,0.003400000045076
South Africa,Historical,EV stock share,Cars,EV,2014.0,percent,0.000720000010915
South Africa,Historical,EV stock share,Cars,EV,2015.0,percent,0.004100000020117
South Africa,Historical,EV sales share,Cars,EV,2015.0,percent,0.05799999833107
South Africa,Historical,EV sales,Cars,PHEV,2015.0,Vehicles,120.0
South Africa,Historical,EV stock,Cars,PHEV,2015.0,Vehicles,
South Africa,Historical,EV sales,Cars,BEV,2015.0,Vehicles,120.0
South Africa,Historical,EV stock,Cars,BEV,2015.0,Vehicles,160.0
South Africa,Historical,EV stock,Cars,BEV,2016.0,Vehicles,260.0
South Africa,Historical,EV sales,Cars,BEV,2016.0,Vehicles,100.0
South Africa,Historical,EV stock,Cars,PHEV,2016.0,Vehicles,400.0
South Africa,Historical,EV sales,Cars,PHEV,2016.0,,
South Africa,Historical,EV sales share,Cars,EV,2016.0,percent,0.100000001490116
South Africa,Historical,EV stock share,Cars,EV,2016.0,percent,0.009300000034273
South Africa,Historical,EV stock share,Cars,EV,2017.0,percent,0.012000000104308
South Africa,Historical,EV sales share,Cars,EV,2017.0,percent,0.052999999374151
South Africa,Historical,EV sales,Cars,PHEV,2017.0,Vehicles,130.0
South Africa,Historical,EV stock,Cars,PHEV,2017.0,Vehicles,530.0
South Africa,Historical,EV sales,Cars,BEV,2017.0,,68.0
South Africa,Historical,EV stock,Cars,BEV,2017.0,Vehicles,330.0
South Africa,Historical,EV stock,Cars,BEV,2018.0,,400.0
South Africa,Historical,EV sales,Cars,,2018.0,Vehicles,
South Africa,Historical,EV stock,Cars,PHEV,2018.0,Vehicles,610.0
South Africa,Historical,EV sales,Cars,PHEV,2018.0,Vehicles,82.0
South Africa,Historical,EV sales share,Cars,EV,2018.0,percent,
South Africa,Historical,EV stock share,Cars,EV,2018.0,percent,0.014000000432134
South Africa,Historical,EV stock share,Cars,EV,2019.0,percent,0.016000000759959
South Africa,Historical,EV sales share,Cars,EV,,percent,0.064000003039837
South Africa,Historical,EV sales,Cars,PHEV,2019.0,Vehicles,72.0
South Africa,Historical,EV stock,Cars,PHEV,2019.0,Vehicles,680.0
South Africa,Historical,EV stock,Cars,BEV,2019.0,Vehicles,560.0
South Africa,Historical,EV sales,Cars,BEV,2019.0,Vehicles,160.0
South Africa,Historical,EV sales,Cars,BEV,2020.0,Vehicles,92.0
South Africa,Historical,EV stock,Cars,,2020.0,Vehicles,640.0
South Africa,Historical,EV stock,Cars,PHEV,2020.0,Vehicles,830.0
South Africa,Historical,EV sales,Cars,,2020.0,Vehicles,150.0
South Africa,Historical,EV sales share,Cars,EV,2020.0,percent,0.097999997437
South Africa,Historical,EV stock share,Cars,EV,2020.0,percent,0.018999999389052
South Africa,Historical,EV stock share,Cars,EV,2021.0,,0.023000000044704
South Africa,Historical,EV sales share,Cars,EV,2021.0,percent,
South Africa,Historical,EV sales,Cars,PHEV,2021.0,,51.0
South Africa,Historical,EV sales,Cars,FCEV,2021.0,Vehicles,1.0
South Africa,Historical,EV stock,Cars,PHEV,2021.0,Vehicles,
South Africa,Historical,EV stock,Cars,BEV,2021.0,Vehicles,860.0
South Africa,Historical,EV stock,Cars,FCEV,2021.0,Vehicles,1.0
South Africa,Historical,EV sales,Cars,BEV,2021.0,Vehicles,220.0
South Africa,Historical,EV sales,Cars,BEV,2022.0,Vehicles,500.0
South Africa,Historical,EV stock,Cars,FCEV,2022.0,Vehicles,3.0
South Africa,Historical,EV stock,Cars,BEV,2022.0,Vehicles,1400.0
South Africa,Historical,EV stock,Cars,PHEV,2022.0,Vehicles,
South Africa,Historical,EV sales,Cars,FCEV,2022.0,Vehicles,2.0
South Africa,Historical,EV sales,Cars,PHEV,2022.0,Vehicles,120.0
South Africa,Historical,EV sales share,Cars,EV,2022.0,percent,0.170000001788139
South Africa,Historical,EV stock share,Cars,EV,2022.0,percent,0.028000000864267
South Africa,Historical,EV stock share,Cars,EV,2023.0,,0.043999999761582
South Africa,Historical,EV sales share,Cars,EV,2023.0,percent,0.28999999165535
South Africa,Historical,EV sales,Cars,,2023.0,Vehicles,270.0
South Africa,Historical,EV stock,Cars,PHEV,2023.0,Vehicles,1300.0
South Africa,Historical,EV stock,Cars,BEV,2023.0,Vehicles,2200.0
South Africa,Historical,EV stock,Cars,,2023.0,Vehicles,3.0
South Africa,Historical,EV sales,Cars,BEV,2023.0,Vehicles,810.0
Spain,Historical,EV sales,Cars,BEV,2010.0,Vehicles,76.0
Spain,Historical,EV stock,Cars,BEV,2010.0,Vehicles,76.0
Spain,Historical,EV sales share,Cars,EV,2010.0,percent,0.007699999958277
Spain,Historical,EV stock share,Cars,EV,2010.0,percent,0.000339999998687
Spain,Historical,EV stock share,Cars,,2011.0,percent,0.002099999925122
Spain,Historical,EV sales share,Cars,EV,2011.0,percent,0.0489999987185
Spain,Historical,EV sales share,Vans,EV,2011.0,percent,0.023000000044704
Spain,Historical,EV stock,Cars,BEV,2011.0,Vehicles,460.0
Spain,Historical,EV sales,Cars,BEV,2011.0,Vehicles,390.0
Spain,Historical,EV sales,Vans,BEV,2011.0,Vehicles,24.0
Spain,Historical,EV sales,Cars,PHEV,2011.0,Vehicles,8.0
Spain,Historical,EV stock,Cars,PHEV,2011.0,Vehicles,8.0
Spain,Historical,EV stock,Cars,PHEV,2012.0,Vehicles,
Spain,Historical,EV sales,Cars,PHEV,2012.0,Vehicles,
Spain,Historical,EV sales,Vans,BEV,2012.0,Vehicles,200.0
Spain,Historical,EV sales,Cars,BEV,2012.0,Vehicles,430.0
Spain,Historical,EV stock,Cars,BEV,2012.0,Vehicles,890.0
Spain,Historical,EV sales share,Vans,EV,2012.0,percent,
Spain,Historical,EV sales share,Cars,EV,2012.0,percent,
Spain,Historical,EV stock share,Cars,EV,2012.0,percent,0.004499999806285
Spain,Historical,EV stock share,Cars,EV,2013.0,percent,0.008600000292063
Spain,Historical,EV sales share,Cars,EV,2013.0,percent,0.119999997317791
Spain,Historical,EV sales share,Vans,EV,2013.0,percent,0.083999998867512
Spain,Historical,EV sales,Cars,BEV,2013.0,Vehicles,810.0
Spain,Historical,EV sales,Vans,BEV,2013.0,Vehicles,
Spain,Historical,EV sales,Cars,PHEV,2013.0,Vehicles,72.0
Spain,Historical,EV stock,Cars,PHEV,2013.0,Vehicles,
Spain,Historical,EV stock,Cars,BEV,2013.0,Vehicles,1700.0
Spain,Historical,EV stock,Cars,BEV,2014.0,Vehicles,3100.0
Spain,Historical,EV stock,Cars,PHEV,2014.0,Vehicles,520.0
Spain,Historical,EV sales,Cars,PHEV,2014.0,Vehicles,330.0
Spain,Historical,EV sales,Vans,BEV,2014.0,Vehicles,360.0
Spain,Historical,EV sales,Cars,BEV,2014.0,Vehicles,1400.0
Spain,Historical,EV sales,Buses,BEV,2014.0,Vehicles,11.0
Spain,Historical,EV sales share,Vans,EV,2014.0,percent,0.310000002384186
Spain,Historical,EV sales share,Buses,EV,2014.0,percent,0.409999996423721
Spain,Historical,EV sales share,Cars,EV,2014.0,percent,0.200000002980232
Spain,Historical,EV stock share,Cars,EV,2014.0,percent,0.016000000759959
Spain,Historical,EV stock share,Cars,EV,2015.0,percent,0.026000000536442
Spain,Historical,EV sales share,Cars,EV,2015.0,percent,0.200000002980232
Spain,Historical,EV stock share,Vans,EV,2015.0,percent,0.024000000208616
Spain,Historical,EV sales share,Buses,EV,2015.0,percent,0.059000000357628
Spain,Historical,EV sales share,Vans,EV,2015.0,percent,0.370000004768372
Spain,Historical,EV sales,Buses,BEV,2015.0,Vehicles,2.0
Spain,Historical,EV sales,Cars,BEV,2015.0,Vehicles,1300.0
Spain,Historical,EV sales,Vans,BEV,2015.0,Vehicles,540.0
Spain,Historical,EV stock,Vans,BEV,2015.0,Vehicles,1100.0
Spain,Historical,EV sales,Cars,PHEV,2015.0,Vehicles,780.0
Spain,Historical,EV stock,Cars,PHEV,2015.0,Vehicles,1300.0
Spain,Historical,EV stock,Cars,BEV,2015.0,Vehicles,
Spain,Historical,EV stock,Cars,BEV,2016.0,Vehicles,6500.0
Spain,Historical,EV stock,Cars,PHEV,2016.0,Vehicles,
Spain,Historical,EV sales,Cars,PHEV,2016.0,Vehicles,1500.0
Spain,Historical,EV stock,Vans,BEV,2016.0,Vehicles,2100.0
Spain,Historical,EV sales,Vans,BEV,2016.0,Vehicles,720.0
Spain,Historical,EV sales,Cars,BEV,2016.0,Vehicles,2000.0
Spain,Historical,EV sales,Buses,BEV,2016.0,Vehicles,27.0
Spain,Historical,EV sales share,Vans,,2016.0,percent,
Spain,Historical,EV sales share,Buses,EV,2016.0,percent,0.649999976158142
Spain,Historical,EV stock share,Vans,EV,2016.0,percent,0.061000000685454
Spain,Historical,EV sales share,Cars,EV,2016.0,percent,0.310000002384186
Spain,Historical,EV stock share,Cars,,,percent,0.03999999910593
Spain,Historical,EV stock share,Buses,EV,2017.0,percent,0.230000004172325
Spain,Historical,EV stock share,Cars,,2017.0,percent,0.071000002324581
Spain,Historical,EV sales share,Cars,EV,2017.0,percent,
Spain,Historical,EV stock share,Vans,EV,2017.0,percent,0.083999998867512
Spain,Historical,EV sales share,Buses,EV,2017.0,percent,0.300000011920929
Spain,Historical,EV sales share,Vans,EV,2017.0,percent,
Spain,Historical,EV sales,Buses,BEV,2017.0,Vehicles,8.0
Spain,Historical,EV sales,Cars,BEV,2017.0,,3900.0
Spain,Historical,EV sales,Vans,BEV,2017.0,Vehicles,840.0
Spain,Historical,EV stock,Vans,BEV,2017.0,Vehicles,
Spain,Historical,EV stock,Buses,BEV,2017.0,Vehicles,100.0
Spain,Historical,EV sales,Buses,PHEV,2017.0,Vehicles,5.0
Spain,Historical,EV stock,Buses,PHEV,2017.0,Vehicles,42.0
Spain,Historical,EV sales,Cars,PHEV,2017.0,Vehicles,3500.0
Spain,Historical,EV stock,Cars,PHEV,2017.0,Vehicles,6300.0
Spain,Historical,EV stock,Cars,BEV,2017.0,Vehicles,10000.0
Spain,Historical,EV stock,Cars,BEV,2018.0,Vehicles,16000.0
Spain,Historical,EV sales,Cars,FCEV,2018.0,Vehicles,1.0
Spain,Historical,EV stock,Cars,PHEV,2018.0,Vehicles,12000.0
Spain,Historical,EV sales,Cars,PHEV,2018.0,Vehicles,5600.0
Spain,Historical,EV stock,Cars,FCEV,2018.0,Vehicles,1.0
Spain,Historical,EV stock,Buses,PHEV,2018.0,Vehicles,50.0
Spain,Historical,EV sales,Buses,PHEV,2018.0,Vehicles,8.0
Spain,Historical,EV stock,Buses,BEV,2018.0,Vehicles,130.0
Spain,Historical,EV stock,Vans,BEV,2018.0,Vehicles,4800.0
Spain,Historical,EV sales,Vans,BEV,2018.0,Vehicles,1800.0
Spain,Historical,EV sales,Cars,BEV,2018.0,Vehicles,6000.0
Spain,Historical,EV sales,Buses,BEV,2018.0,Vehicles,30.0
Spain,Historical,EV sales share,Vans,EV,2018.0,percent,0.959999978542328
Spain,Historical,EV sales share,Buses,EV,2018.0,percent,0.910000026226044
Spain,Historical,EV stock share,Vans,EV,2018.0,percent,0.129999995231628
Spain,Historical,EV sales share,Cars,EV,2018.0,percent,0.879999995231628
Spain,Historical,EV stock share,Cars,,2018.0,percent,0.119999997317791
Spain,Historical,EV stock share,Buses,EV,2018.0,percent,0.28999999165535
Spain,Historical,EV stock share,Buses,EV,2019.0,percent,0.46000000834465
Spain,Historical,EV stock share,Cars,EV,2019.0,percent,0.189999997615814
Spain,Historical,EV sales share,Cars,EV,2019.0,percent,1.39999997615814
Spain,Historical,EV stock share,Vans,EV,2019.0,percent,0.170000001788139
Spain,Historical,EV sales share,Buses,EV,,percent,2.70000004768372
Spain,Historical,EV sales share,Vans,EV,2019.0,percent,1.10000002384186
Spain,Historical,EV sales,Cars,BEV,2019.0,Vehicles,10000.0
Spain,Historical,EV stock,Vans,PHEV,2019.0,,8.0
Spain,Historical,EV sales,Vans,BEV,2019.0,Vehicles,1900.0
Spain,Historical,EV stock,Vans,BEV,2019.0,Vehicles,6300.0
Spain,Historical,EV stock,Buses,BEV,2019.0,Vehicles,240.0
Spain,Historical,EV sales,Buses,PHEV,2019.0,Vehicles,6.0
Spain,Historical,EV stock,Buses,PHEV,2019.0,Vehicles,
Spain,Historical,EV sales,Buses,BEV,2019.0,Vehicles,100.0
Spain,Historical,EV stock,Cars,FCEV,2019.0,Vehicles,2.0
Spain,Historical,EV sales,Cars,PHEV,2019.0,Vehicles,7400.0
Spain,Historical,EV stock,Cars,PHEV,2019.0,Vehicles,19000.0
Spain,Historical,EV sales,Cars,FCEV,2019.0,,1.0
Spain,Historical,EV stock,Cars,BEV,2019.0,Vehicles,26000.0
Spain,Historical,EV stock,Cars,BEV,2020.0,Vehicles,45000.0
Spain,Historical,EV sales,Cars,FCEV,2020.0,Vehicles,7.0
Spain,Historical,EV stock,Cars,PHEV,2020.0,Vehicles,43000.0
Spain,Historical,EV sales,Cars,PHEV,2020.0,Vehicles,24000.0
Spain,Historical,EV stock,Cars,FCEV,2020.0,Vehicles,9.0
Spain,Historical,EV sales,Buses,BEV,2020.0,Vehicles,51.0
Spain,Historical,EV stock,Buses,PHEV,2020.0,Vehicles,
Spain,Historical,EV sales,Buses,PHEV,2020.0,Vehicles,7.0
Spain,Historical,EV stock,Buses,BEV,2020.0,Vehicles,240.0
Spain,Historical,EV stock,Vans,BEV,2020.0,Vehicles,7900.0
Spain,Historical,EV sales,Vans,,,Vehicles,2000.0
Spain,Historical,EV stock,Vans,,2020.0,Vehicles,8.0
Spain,Historical,EV sales,Cars,BEV,2020.0,Vehicles,18000.0
Spain,Historical,EV sales share,Vans,EV,2020.0,percent,1.5
Spain,Historical,EV sales share,Buses,EV,2020.0,percent,2.0
Spain,Historical,EV stock share,Vans,EV,2020.0,percent,0.209999993443489
Spain,Historical,EV sales share,Cars,EV,2020.0,percent,4.90000009536743
Spain,Historical,EV stock share,Cars,EV,2020.0,percent,0.360000014305115
Spain,Historical,EV stock share,Buses,EV,2020.0,percent,0.490000009536743
Spain,Historical,EV stock share,Buses,EV,2021.0,percent,0.730000019073486
Spain,Historical,EV stock share,Cars,,2021.0,percent,0.620000004768372
Spain,Historical,EV sales share,Cars,,2021.0,percent,7.80000019073486
Spain,Historical,EV stock share,Vans,EV,2021.0,,0.270000010728836
Spain,Historical,EV sales share,Buses,EV,2021.0,percent,
Spain,Historical,EV sales share,Vans,EV,2021.0,percent,
Spain,Historical,EV sales,Cars,BEV,2021.0,Vehicles,24000.0
Spain,Historical,EV stock,Vans,PHEV,2021.0,Vehicles,46.0
Spain,Historical,EV sales,Vans,PHEV,2021.0,Vehicles,46.0
Spain,Historical,EV sales,Vans,BEV,2021.0,Vehicles,2300.0
Spain,Historical,EV stock,Vans,BEV,2021.0,Vehicles,10000.0
Spain,Historical,EV stock,Buses,BEV,2021.0,Vehicles,350.0
Spain,Historical,EV sales,Buses,PHEV,2021.0,Vehicles,16.0
Spain,Historical,EV stock,Buses,PHEV,2021.0,Vehicles,100.0
Spain,Historical,EV sales,Buses,BEV,2021.0,Vehicles,150.0
Spain,Historical,EV stock,Cars,FCEV,2021.0,Vehicles,19.0
Spain,Historical,EV sales,Cars,PHEV,2021.0,Vehicles,43000.0
Spain,Historical,EV stock,Cars,,2021.0,Vehicles,86000.0
Spain,Historical,EV sales,Cars,FCEV,2021.0,Vehicles,10.0
Spain,Historical,EV stock,Cars,BEV,2021.0,Vehicles,69000.0
Spain,Historical,EV stock,Cars,BEV,2022.0,Vehicles,96000.0
Spain,Historical,EV sales,Cars,,2022.0,Vehicles,4.0
Spain,Historical,EV stock,Cars,PHEV,2022.0,,
Spain,Historical,EV sales,Cars,PHEV,2022.0,Vehicles,49000.0
Spain,Historical,EV stock,Cars,FCEV,2022.0,Vehicles,
Spain,Historical,EV sales,Buses,BEV,2022.0,Vehicles,250.0
Spain,Historical,EV stock,Buses,PHEV,2022.0,Vehicles,100.0
Spain,Historical,EV sales,Buses,PHEV,2022.0,,1.0
Spain,Historical,EV stock,Buses,BEV,2022.0,Vehicles,610.0
Spain,Historical,EV sales,Buses,,2022.0,Vehicles,
Spain,Historical,EV stock,Buses,FCEV,2022.0,Vehicles,6.0
Spain,Historical,EV stock,Vans,BEV,2022.0,Vehicles,14000.0
Spain,Historical,EV sales,Vans,BEV,2022.0,Vehicles,3500.0
Spain,Historical,EV sales,Vans,PHEV,2022.0,Vehicles,94.0
Spain,Historical,EV stock,Vans,PHEV,2022.0,Vehicles,200.0
Spain,Historical,EV sales,Cars,BEV,2022.0,Vehicles,
Spain,Historical,EV sales share,Vans,EV,2022.0,percent,3.09999990463257
Spain,Historical,EV sales share,Buses,EV,2022.0,,9.19999980926514
Spain,Historical,EV stock share,Vans,EV,2022.0,percent,0.370000004768372
Spain,Historical,EV sales share,Cars,EV,2022.0,percent,8.89999961853027
Spain,Historical,EV stock share,Cars,EV,2022.0,percent,0.939999997615814
Spain,Historical,EV stock share,Buses,EV,2022.0,percent,1.10000002384186
Spain,Historical,EV stock share,Buses,EV,2023.0,percent,1.79999995231628
Spain,Historical,EV stock share,Cars,EV,2023.0,percent,1.5
Spain,Historical,EV sales share,Cars,EV,2023.0,percent,12.0
Spain,Historical,EV stock share,Vans,EV,2023.0,percent,0.680000007152557
Spain,Historical,EV sales share,Buses,EV,2023.0,percent,13.0
Spain,Historical,EV sales share,Vans,EV,2023.0,percent,7.19999980926514
Spain,Historical,EV sales,Cars,BEV,2023.0,Vehicles,57000.0
Spain,Historical,EV stock,Vans,,2023.0,Vehicles,210.0
Spain,Historical,EV sales,Vans,,2023.0,Vehicles,5.0
Spain,Historical,EV sales,Vans,BEV,2023.0,Vehicles,10000.0
Spain,Historical,EV stock,Vans,BEV,2023.0,Vehicles,24000.0
Spain,Historical,EV stock,Buses,FCEV,2023.0,Vehicles,
Spain,Historical,EV sales,Buses,FCEV,2023.0,Vehicles,13.0
Spain,Historical,EV stock,Buses,BEV,2023.0,Vehicles,1200.0
Spain,Historical,EV sales,Buses,PHEV,2023.0,Vehicles,29.0
Spain,Historical,EV stock,Buses,PHEV,2023.0,Vehicles,72.0
Spain,Historical,EV sales,Buses,BEV,2023.0,Vehicles,520.0
Spain,Historical,EV stock,Cars,FCEV,2023.0,Vehicles,27.0
Spain,Historical,EV sales,Cars,PHEV,2023.0,Vehicles,65000.0
Spain,Historical,EV stock,Cars,PHEV,2023.0,Vehicles,200000.0
Spain,Historical,EV sales,Cars,FCEV,2023.0,Vehicles,4.0
Spain,Historical,EV stock,Cars,BEV,2023.0,Vehicles,
Sweden,Historical,EV sales,Cars,BEV,2010.0,Vehicles,4.0
Sweden,Historical,EV stock,Cars,,2010.0,,
Sweden,Historical,EV sales share,Cars,,2010.0,percent,0.001300000003539
Sweden,Historical,EV stock share,Cars,EV,2010.0,percent,9.20000020414591e-05
Sweden,Historical,EV stock share,Cars,EV,2011.0,percent,0.004100000020117
Sweden,Historical,EV sales share,Cars,EV,2011.0,percent,0.054000001400709
Sweden,Historical,EV sales share,Vans,EV,2011.0,percent,0.018999999389052
Sweden,Historical,EV stock share,Vans,EV,2011.0,percent,0.001900000032038
Sweden,Historical,EV stock,Cars,BEV,2011.0,Vehicles,180.0
Sweden,Historical,EV sales,Cars,BEV,2011.0,Vehicles,180.0
Sweden,Historical,EV sales,Vans,BEV,2011.0,Vehicles,9.0
Sweden,Historical,EV stock,Vans,BEV,2011.0,Vehicles,9.0
Sweden,Historical,EV stock,Vans,BEV,2012.0,Vehicles,370.0
Sweden,Historical,EV sales,Vans,BEV,2012.0,Vehicles,280.0
Sweden,Historical,EV sales,Cars,BEV,2012.0,,270.0
Sweden,Historical,EV stock,Buses,BEV,2012.0,Vehicles,6.0
Sweden,Historical,EV stock,Cars,BEV,2012.0,Vehicles,600.0
Sweden,Historical,EV stock,Cars,PHEV,2012.0,Vehicles,650.0
Sweden,Historical,EV sales,Cars,PHEV,2012.0,Vehicles,660.0
Sweden,Historical,EV stock share,Vans,EV,2012.0,percent,0.07599999755621
Sweden,Historical,EV sales share,Vans,EV,2012.0,percent,0.699999988079071
Sweden,Historical,EV stock share,Buses,EV,2012.0,percent,0.048000000417233
Sweden,Historical,EV sales share,Cars,,2012.0,percent,0.310000002384186
Sweden,Historical,EV stock share,Cars,EV,2012.0,percent,0.028000000864267
Sweden,Historical,EV stock share,Cars,EV,2013.0,percent,0.05799999833107
Sweden,Historical,EV sales share,Cars,EV,2013.0,percent,0.529999971389771
Sweden,Historical,EV stock share,Buses,EV,2013.0,,0.061000000685454
Sweden,Historical,EV sales share,Vans,,2013.0,percent,0.550000011920929
Sweden,Historical,EV stock share,Vans,EV,2013.0,percent,
Sweden,Historical,EV sales,Cars,PHEV,2013.0,Vehicles,1100.0
Sweden,Historical,EV stock,Cars,FCEV,2013.0,Vehicles,3.0
Sweden,Historical,EV stock,Cars,PHEV,2013.0,Vehicles,1600.0
Sweden,Historical,EV stock,Cars,BEV,2013.0,Vehicles,1000.0
Sweden,Historical,EV sales,Cars,FCEV,2013.0,Vehicles,3.0
Sweden,Historical,EV stock,Buses,BEV,2013.0,Vehicles,8.0
Sweden,Historical,EV sales,Cars,BEV,2013.0,Vehicles,430.0
Sweden,Historical,EV sales,Vans,BEV,2013.0,Vehicles,210.0
Sweden,Historical,EV stock,Vans,BEV,2013.0,Vehicles,550.0
Sweden,Historical,EV stock,Vans,BEV,2014.0,Vehicles,830.0
Sweden,Historical,EV sales,Vans,BEV,2014.0,Vehicles,280.0
Sweden,Historical,EV sales,Cars,BEV,2014.0,Vehicles,1200.0
Sweden,Historical,EV stock,Buses,BEV,2014.0,Vehicles,
Sweden,Historical,EV stock,Cars,BEV,2014.0,Vehicles,2200.0
Sweden,Historical,EV stock,Cars,PHEV,2014.0,Vehicles,4900.0
Sweden,Historical,EV stock,Cars,FCEV,2014.0,Vehicles,3.0
Sweden,Historical,EV sales,Cars,PHEV,2014.0,Vehicles,
Sweden,Historical,EV stock share,Vans,EV,2014.0,percent,0.159999996423721
Sweden,Historical,EV sales share,Vans,,2014.0,percent,0.660000026226044
Sweden,Historical,EV stock share,Buses,EV,2014.0,percent,0.083999998867512
Sweden,Historical,EV sales share,Cars,EV,2014.0,,1.39999997615814
Sweden,Historical,EV stock share,Cars,EV,2014.0,percent,0.150000005960464
Sweden,Historical,EV stock share,Cars,EV,2015.0,,0.310000002384186
Sweden,Historical,EV sales share,Cars,,2015.0,percent,
Sweden,Historical,EV stock share,Buses,EV,2015.0,percent,0.189999997615814
Sweden,Historical,EV sales share,Buses,EV,2015.0,percent,
Sweden,Historical,EV sales share,Vans,EV,2015.0,percent,0.72000002861023
Sweden,Historical,EV stock share,Vans,EV,2015.0,percent,0.239999994635582
Sweden,Historical,EV sales,Cars,PHEV,2015.0,Vehicles,5700.0
Sweden,Historical,EV stock,Cars,FCEV,2015.0,Vehicles,4.0
Sweden,Historical,EV stock,Cars,PHEV,2015.0,Vehicles,9800.0
Sweden,Historical,EV stock,Cars,BEV,2015.0,Vehicles,4800.0
Sweden,Historical,EV sales,Cars,FCEV,2015.0,Vehicles,1.0
Sweden,Historical,EV stock,Buses,BEV,2015.0,Vehicles,
Sweden,Historical,EV sales,Buses,BEV,2015.0,Vehicles,9.0
Sweden,Historical,EV sales,Cars,BEV,2015.0,,3000.0
Sweden,Historical,EV stock,Vans,PHEV,2015.0,Vehicles,7.0
Sweden,Historical,EV sales,Vans,BEV,2015.0,Vehicles,320.0
Sweden,Historical,EV stock,Vans,BEV,2015.0,Vehicles,
Sweden,Historical,EV stock,Buses,PHEV,2015.0,Vehicles,5.0
Sweden,Historical,EV sales,Buses,PHEV,2015.0,Vehicles,5.0
Sweden,Historical,EV sales,Vans,,2015.0,Vehicles,7.0
Sweden,Historical,EV sales,Buses,PHEV,,Vehicles,17.0
Sweden,Historical,EV stock,Buses,PHEV,2016.0,Vehicles,
Sweden,Historical,EV stock,Vans,BEV,,Vehicles,
Sweden,Historical,EV sales,Vans,BEV,2016.0,,
Sweden,Historical,EV stock,Vans,PHEV,2016.0,Vehicles,7.0
Sweden,Historical,EV sales,Cars,BEV,2016.0,Vehicles,2900.0
Sweden,Historical,EV sales,Buses,BEV,2016.0,Vehicles,33.0
Sweden,Historical,EV stock,Buses,BEV,2016.0,Vehicles,42.0
Sweden,Historical,EV sales,Cars,FCEV,2016.0,Vehicles,3.0
Sweden,Historical,EV stock,Cars,BEV,2016.0,Vehicles,7500.0
Sweden,Historical,EV stock,Cars,PHEV,2016.0,Vehicles,19000.0
Sweden,Historical,EV stock,Cars,FCEV,2016.0,Vehicles,7.0
Sweden,Historical,EV sales,Cars,PHEV,2016.0,Vehicles,
Sweden,Historical,EV stock share,Vans,EV,2016.0,percent,0.28999999165535
Sweden,Historical,EV sales share,Vans,EV,2016.0,percent,0.083999998867512
Sweden,Historical,EV sales share,Buses,EV,2016.0,,3.79999995231628
Sweden,Historical,EV stock share,Buses,EV,2016.0,percent,0.5
Sweden,Historical,EV sales share,Cars,EV,2016.0,percent,3.40000009536743
Sweden,Historical,EV stock share,Cars,EV,2016.0,percent,0.550000011920929
Sweden,Historical,EV stock share,Cars,EV,2017.0,percent,0.889999985694885
Sweden,Historical,EV sales share,Cars,EV,2017.0,percent,5.09999990463257
Sweden,Historical,EV stock share,Buses,EV,2017.0,percent,
Sweden,Historical,EV sales share,Buses,EV,2017.0,percent,0.910000026226044
Sweden,Historical,EV sales share,Vans,EV,2017.0,percent,0.340000003576279
Sweden,Historical,EV stock share,Vans,EV,2017.0,percent,0.349999994039536
Sweden,Historical,EV sales,Cars,PHEV,2017.0,Vehicles,16000.0
Sweden,Historical,EV stock,Cars,FCEV,2017.0,Vehicles,21.0
Sweden,Historical,EV stock,Cars,PHEV,2017.0,Vehicles,
Sweden,Historical,EV stock,Cars,,2017.0,,11000.0
Sweden,Historical,EV sales,Cars,FCEV,2017.0,Vehicles,14.0
Sweden,Historical,EV sales,Buses,BEV,2017.0,Vehicles,12.0
Sweden,Historical,EV sales,Cars,BEV,2017.0,Vehicles,4400.0
Sweden,Historical,EV stock,Vans,PHEV,2017.0,Vehicles,7.0
Sweden,Historical,EV sales,Vans,BEV,2017.0,Vehicles,200.0
Sweden,Historical,EV stock,Vans,BEV,2017.0,Vehicles,1900.0
Sweden,Historical,EV stock,Buses,PHEV,2017.0,Vehicles,32.0
Sweden,Historical,EV stock,Buses,BEV,2017.0,Vehicles,
Sweden,Historical,EV stock,Buses,BEV,2018.0,Vehicles,90.0
Sweden,Historical,EV stock,Buses,PHEV,2018.0,Vehicles,93.0
Sweden,Historical,EV stock,Vans,BEV,2018.0,Vehicles,2700.0
Sweden,Historical,EV sales,Vans,BEV,2018.0,Vehicles,760.0
Sweden,Historical,EV stock,Vans,PHEV,,Vehicles,
Sweden,Historical,EV sales,Cars,BEV,2018.0,Vehicles,7100.0
Sweden,Historical,EV sales,Buses,BEV,2018.0,Vehicles,36.0
Sweden,Historical,EV sales,Vans,PHEV,2018.0,Vehicles,9.0
Sweden,Historical,EV stock,Cars,BEV,2018.0,Vehicles,17000.0
Sweden,Historical,EV stock,Cars,PHEV,2018.0,Vehicles,49000.0
Sweden,Historical,EV stock,Cars,FCEV,2018.0,Vehicles,21.0
Sweden,Historical,EV sales,Cars,PHEV,2018.0,Vehicles,
Sweden,Historical,EV stock share,Vans,EV,2018.0,percent,0.469999998807907
Sweden,Historical,EV sales share,Vans,EV,2018.0,percent,1.29999995231628
Sweden,Historical,EV sales share,Buses,EV,2018.0,percent,4.09999990463257
Sweden,Historical,EV stock share,Buses,EV,2018.0,percent,1.39999997615814
Sweden,Historical,EV sales share,Cars,EV,2018.0,percent,7.59999990463257
Sweden,Historical,EV stock share,Cars,EV,2018.0,,1.29999995231628
Sweden,Historical,EV stock share,Cars,EV,2019.0,percent,2.0
Sweden,Historical,EV sales share,Cars,EV,2019.0,percent,11.0
Sweden,Historical,EV stock share,Buses,EV,2019.0,percent,2.09999990463257
Sweden,Historical,EV sales share,Buses,,2019.0,percent,7.40000009536743
Sweden,Historical,EV sales share,Vans,EV,2019.0,percent,2.5
Sweden,Historical,EV stock share,Vans,EV,2019.0,percent,
Sweden,Historical,EV sales,Cars,PHEV,2019.0,Vehicles,25000.0
Sweden,Historical,EV stock,Cars,FCEV,2019.0,Vehicles,42.0
Sweden,Historical,EV stock,Cars,PHEV,2019.0,Vehicles,67000.0
Sweden,Historical,EV stock,Cars,BEV,2019.0,Vehicles,30000.0
Sweden,Historical,EV sales,Cars,FCEV,,Vehicles,2.0
Sweden,Historical,EV sales,Buses,BEV,2019.0,Vehicles,
Sweden,Historical,EV sales,Cars,BEV,2019.0,Vehicles,16000.0
Sweden,Historical,EV stock,Vans,PHEV,2019.0,Vehicles,4.0
Sweden,Historical,EV sales,Vans,BEV,2019.0,Vehicles,1400.0
Sweden,Historical,EV stock,Vans,BEV,2019.0,Vehicles,3900.0
Sweden,Historical,EV stock,Buses,PHEV,2019.0,,93.0
Sweden,Historical,EV stock,Buses,BEV,2019.0,Vehicles,190.0
Sweden,Historical,EV stock,Buses,,2020.0,Vehicles,350.0
Sweden,Historical,EV stock,Buses,PHEV,2020.0,Vehicles,93.0
Sweden,Historical,EV stock,Vans,BEV,2020.0,Vehicles,5900.0
Sweden,Historical,EV sales,Vans,BEV,2020.0,Vehicles,
Sweden,Historical,EV stock,Vans,PHEV,2020.0,Vehicles,880.0
Sweden,Historical,EV sales,Cars,BEV,2020.0,Vehicles,28000.0
Sweden,Historical,EV sales,Buses,BEV,,Vehicles,160.0
Sweden,Historical,EV sales,Cars,,2020.0,Vehicles,
Sweden,Historical,EV stock,Cars,BEV,2020.0,Vehicles,56000.0
Sweden,Historical,EV stock,Cars,PHEV,2020.0,Vehicles,120000.0
Sweden,Historical,EV stock,Cars,FCEV,2020.0,Vehicles,47.0
Sweden,Historical,EV sales,Cars,PHEV,2020.0,Vehicles,66000.0
Sweden,Historical,EV stock share,Vans,EV,2020.0,,
Sweden,Historical,EV sales share,Vans,,2020.0,percent,6.09999990463257
Sweden,Historical,EV sales share,Buses,EV,2020.0,percent,9.89999961853027
Sweden,Historical,EV stock share,Buses,EV,2020.0,percent,3.70000004768372
Sweden,Historical,EV sales share,Cars,EV,2020.0,percent,32.0
Sweden,Historical,EV stock share,Cars,EV,2020.0,percent,3.59999990463257
Sweden,Historical,EV stock share,Cars,EV,2021.0,percent,
Sweden,Historical,EV sales share,Cars,EV,2021.0,percent,43.0
Sweden,Historical,EV stock share,Buses,EV,2021.0,percent,5.19999980926514
Sweden,Historical,EV sales share,Buses,EV,2021.0,percent,
Sweden,Historical,EV sales share,Vans,EV,2021.0,percent,
Sweden,Historical,EV stock share,Vans,EV,2021.0,percent,1.39999997615814
Sweden,Historical,EV sales,Cars,PHEV,2021.0,Vehicles,78000.0
Sweden,Historical,EV stock,Cars,FCEV,2021.0,Vehicles,63.0
Sweden,Historical,EV stock,Cars,PHEV,2021.0,Vehicles,190000.0
Sweden,Historical,EV stock,Cars,BEV,2021.0,Vehicles,110000.0
Sweden,Historical,EV sales,Cars,FCEV,2021.0,Vehicles,16.0
Sweden,Historical,EV sales,Buses,BEV,2021.0,Vehicles,
Sweden,Historical,EV sales,Cars,BEV,2021.0,Vehicles,57000.0
Sweden,Historical,EV stock,Vans,PHEV,2021.0,Vehicles,160.0
Sweden,Historical,EV sales,Vans,BEV,2021.0,Vehicles,2600.0
Sweden,Historical,EV stock,Vans,BEV,2021.0,Vehicles,8400.0
Sweden,Historical,EV stock,Buses,PHEV,2021.0,Vehicles,93.0
Sweden,Historical,EV stock,Buses,BEV,2021.0,Vehicles,530.0
Sweden,Historical,EV sales,Buses,FCEV,2021.0,Vehicles,2.0
Sweden,Historical,EV stock,Buses,FCEV,2021.0,Vehicles,2.0
Sweden,Historical,EV stock,Buses,FCEV,2022.0,Vehicles,2.0
Sweden,Historical,EV stock,Buses,BEV,,Vehicles,920.0
Sweden,Historical,EV stock,Buses,PHEV,2022.0,Vehicles,93.0
Sweden,Historical,EV stock,Vans,BEV,2022.0,Vehicles,13000.0
Sweden,Historical,EV sales,Vans,,2022.0,Vehicles,5000.0
Sweden,Historical,EV stock,Vans,,2022.0,Vehicles,420.0
Sweden,Historical,EV sales,Cars,BEV,2022.0,Vehicles,
Sweden,Historical,EV sales,Buses,BEV,2022.0,Vehicles,210.0
Sweden,Historical,EV sales,Cars,FCEV,2022.0,Vehicles,2.0
Sweden,Historical,EV stock,Cars,BEV,2022.0,Vehicles,200000.0
Sweden,Historical,EV stock,Cars,PHEV,,Vehicles,240000.0
Sweden,Historical,EV stock,Cars,FCEV,2022.0,Vehicles,65.0
Sweden,Historical,EV sales,Cars,PHEV,2022.0,Vehicles,67000.0
Sweden,Historical,EV stock share,Vans,EV,2022.0,percent,
Sweden,Historical,EV sales share,Vans,EV,2022.0,percent,13.0
Sweden,Historical,EV sales share,Buses,EV,2022.0,percent,17.0
Sweden,Historical,EV stock share,Buses,EV,2022.0,percent,8.5
Sweden,Historical,EV sales share,Cars,EV,2022.0,percent,54.0
Sweden,Historical,EV stock share,Cars,EV,2022.0,percent,8.69999980926514
Sweden,Historical,EV stock share,Cars,EV,2023.0,,11.0
Sweden,Historical,EV sales share,Cars,EV,2023.0,percent,
Sweden,Historical,EV stock share,Buses,EV,2023.0,percent,10.0
Sweden,Historical,EV sales share,Buses,EV,2023.0,percent,25.0
Sweden,Historical,EV sales share,Vans,EV,2023.0,percent,19.0
Sweden,Historical,EV stock share,Vans,EV,2023.0,percent,3.5
Sweden,Historical,EV sales,Cars,PHEV,2023.0,Vehicles,61000.0
Sweden,Historical,EV stock,Cars,FCEV,2023.0,Vehicles,48.0
Sweden,Historical,EV stock,Cars,PHEV,2023.0,Vehicles,270000.0
Sweden,Historical,EV stock,Cars,BEV,2023.0,Vehicles,290000.0
Sweden,Historical,EV sales,Cars,FCEV,2023.0,Vehicles,2.0
Sweden,Historical,EV sales,Buses,,2023.0,Vehicles,310.0
Sweden,Historical,EV sales,Cars,BEV,2023.0,Vehicles,110000.0
Sweden,Historical,EV stock,Vans,PHEV,2023.0,Vehicles,430.0
Sweden,Historical,EV sales,Vans,BEV,2023.0,Vehicles,8700.0
Sweden,Historical,EV stock,Vans,BEV,2023.0,Vehicles,21000.0
Sweden,Historical,EV stock,Buses,PHEV,2023.0,Vehicles,22.0
Sweden,Historical,EV stock,Buses,BEV,2023.0,Vehicles,1200.0
Sweden,Historical,EV stock,Buses,FCEV,2023.0,Vehicles,10.0
Sweden,Historical,EV sales,Buses,FCEV,2023.0,Vehicles,8.0
Sweden,Historical,EV sales,Vans,PHEV,2023.0,Vehicles,5.0
Switzerland,Historical,EV sales,Cars,BEV,2011.0,Vehicles,400.0
Switzerland,Historical,EV stock,Cars,BEV,2011.0,Vehicles,400.0
Switzerland,Historical,EV stock,Cars,PHEV,2011.0,Vehicles,41.0
Switzerland,Historical,EV sales,Cars,PHEV,2011.0,Vehicles,41.0
Switzerland,Historical,EV sales share,Cars,,2011.0,percent,0.140000000596046
Switzerland,Historical,EV stock share,Cars,EV,2011.0,percent,0.009999999776483
Switzerland,Historical,EV stock share,Cars,EV,2012.0,percent,0.028000000864267
Switzerland,Historical,EV sales share,Cars,EV,2012.0,percent,0.230000004172325
Switzerland,Historical,EV sales share,Vans,EV,2012.0,percent,0.379999995231628
Switzerland,Historical,EV stock share,Vans,EV,2012.0,percent,0.03999999910593
Switzerland,Historical,EV sales,Cars,PHEV,2012.0,Vehicles,400.0
Switzerland,Historical,EV stock,Cars,,2012.0,Vehicles,440.0
Switzerland,Historical,EV stock,Cars,BEV,2012.0,Vehicles,
Switzerland,Historical,EV sales,Cars,BEV,2012.0,,340.0
Switzerland,Historical,EV stock,Vans,BEV,2012.0,Vehicles,120.0
Switzerland,Historical,EV sales,Vans,BEV,2012.0,Vehicles,120.0
Switzerland,Historical,EV sales,Vans,BEV,2013.0,,110.0
Switzerland,Historical,EV stock,Vans,BEV,2013.0,Vehicles,230.0
Switzerland,Historical,EV sales,Cars,BEV,2013.0,Vehicles,1200.0
Switzerland,Historical,EV stock,Cars,BEV,2013.0,Vehicles,1900.0
Switzerland,Historical,EV stock,Cars,PHEV,2013.0,Vehicles,600.0
Switzerland,Historical,EV sales,Cars,PHEV,2013.0,Vehicles,170.0
Switzerland,Historical,EV stock share,Vans,EV,2013.0,percent,0.071999996900559
Switzerland,Historical,EV sales share,Vans,EV,2013.0,,
Switzerland,Historical,EV sales share,Cars,EV,2013.0,percent,0.430000007152557
Switzerland,Historical,EV stock share,Cars,EV,2013.0,percent,
Switzerland,Historical,EV stock share,Cars,EV,2014.0,percent,0.119999997317791
Switzerland,Historical,EV sales share,Cars,EV,2014.0,percent,0.959999978542328
Switzerland,Historical,EV sales share,Vans,EV,2014.0,percent,0.180000007152557
Switzerland,Historical,EV stock share,Vans,EV,2014.0,percent,0.08500000089407
Switzerland,Historical,EV sales,Cars,PHEV,2014.0,Vehicles,200.0
Switzerland,Historical,EV stock,Cars,PHEV,2014.0,Vehicles,810.0
Switzerland,Historical,EV stock,Cars,BEV,2014.0,Vehicles,
Switzerland,Historical,EV sales,Cars,BEV,2014.0,Vehicles,2700.0
Switzerland,Historical,EV stock,Vans,BEV,2014.0,Vehicles,290.0
Switzerland,Historical,EV sales,Vans,BEV,2014.0,Vehicles,52.0
Switzerland,Historical,EV sales,Vans,BEV,2015.0,Vehicles,160.0
Switzerland,Historical,EV stock,Buses,PHEV,2015.0,Vehicles,11.0
Switzerland,Historical,EV stock,Vans,BEV,2015.0,Vehicles,440.0
Switzerland,Historical,EV sales,Cars,BEV,2015.0,Vehicles,3300.0
Switzerland,Historical,EV stock,Cars,BEV,2015.0,Vehicles,7800.0
Switzerland,Historical,EV sales,Cars,FCEV,2015.0,Vehicles,10.0
Switzerland,Historical,EV stock,Cars,,2015.0,Vehicles,3200.0
Switzerland,Historical,EV sales,Cars,PHEV,2015.0,Vehicles,
Switzerland,Historical,EV stock,Cars,FCEV,2015.0,Vehicles,10.0
Switzerland,Historical,EV stock share,Vans,EV,2015.0,percent,0.129999995231628
Switzerland,Historical,EV sales share,Vans,,2015.0,percent,0.509999990463257
Switzerland,Historical,EV sales share,Cars,EV,2015.0,percent,1.70000004768372
Switzerland,Historical,EV stock share,Cars,EV,2015.0,percent,0.25
Switzerland,Historical,EV stock share,Buses,EV,2015.0,percent,0.129999995231628
Switzerland,Historical,EV stock share,Buses,EV,2016.0,percent,0.219999998807907
Switzerland,Historical,EV sales share,Buses,EV,2016.0,percent,0.610000014305115
Switzerland,Historical,EV stock share,Cars,EV,2016.0,percent,0.360000014305115
Switzerland,Historical,EV sales share,Cars,,2016.0,percent,1.89999997615814
Switzerland,Historical,EV sales share,Vans,EV,2016.0,,0.280000001192093
Switzerland,Historical,EV stock share,Vans,EV,2016.0,percent,0.150000005960464
Switzerland,Historical,EV stock,Cars,FCEV,2016.0,Vehicles,36.0
Switzerland,Historical,EV sales,Cars,PHEV,2016.0,Vehicles,
Switzerland,Historical,EV stock,Cars,PHEV,2016.0,Vehicles,5000.0
Switzerland,Historical,EV sales,Cars,FCEV,2016.0,Vehicles,26.0
Switzerland,Historical,EV stock,Cars,,2016.0,Vehicles,11000.0
Switzerland,Historical,EV sales,Cars,BEV,2016.0,Vehicles,3300.0
Switzerland,Historical,EV stock,Vans,BEV,2016.0,Vehicles,540.0
Switzerland,Historical,EV stock,Buses,PHEV,2016.0,Vehicles,14.0
Switzerland,Historical,EV sales,Vans,BEV,2016.0,Vehicles,85.0
Switzerland,Historical,EV sales,Buses,FCEV,2016.0,Vehicles,5.0
Switzerland,Historical,EV stock,Buses,FCEV,2016.0,Vehicles,4.0
Switzerland,Historical,EV sales,Buses,BEV,2016.0,Vehicles,5.0
Switzerland,Historical,EV stock,Buses,BEV,2016.0,Vehicles,5.0
Switzerland,Historical,EV stock,Buses,BEV,2017.0,Vehicles,7.0
Switzerland,Historical,EV sales,Buses,BEV,2017.0,,2.0
Switzerland,Historical,EV stock,Buses,FCEV,2017.0,Vehicles,10.0
Switzerland,Historical,EV sales,Vans,BEV,2017.0,Vehicles,
Switzerland,Historical,EV stock,Buses,PHEV,,Vehicles,35.0
Switzerland,Historical,EV stock,Vans,BEV,2017.0,Vehicles,620.0
Switzerland,Historical,EV sales,Cars,BEV,,Vehicles,4800.0
Switzerland,Historical,EV stock,Cars,BEV,2017.0,Vehicles,16000.0
Switzerland,Historical,EV sales,Cars,FCEV,2017.0,Vehicles,1.0
Switzerland,Historical,EV stock,Cars,PHEV,2017.0,Vehicles,9000.0
Switzerland,Historical,EV sales,Cars,,2017.0,,
Switzerland,Historical,EV stock,Cars,FCEV,2017.0,Vehicles,37.0
Switzerland,Historical,EV stock share,Vans,EV,2017.0,percent,0.170000001788139
Switzerland,Historical,EV sales share,Vans,EV,2017.0,percent,0.670000016689301
Switzerland,Historical,EV sales share,Cars,,2017.0,percent,2.70000004768372
Switzerland,Historical,EV stock share,Cars,EV,2017.0,percent,0.540000021457672
Switzerland,Historical,EV sales share,Buses,,2017.0,,0.25
Switzerland,Historical,EV stock share,Buses,,2017.0,percent,0.490000009536743
Switzerland,Historical,EV stock share,Buses,EV,2018.0,percent,0.589999973773956
Switzerland,Historical,EV sales share,Buses,EV,2018.0,percent,
Switzerland,Historical,EV stock share,Cars,EV,,percent,
Switzerland,Historical,EV sales share,Cars,EV,2018.0,percent,3.20000004768372
Switzerland,Historical,EV sales share,Vans,,2018.0,,0.899999976158142
Switzerland,Historical,EV stock share,Vans,EV,2018.0,percent,0.259999990463257
Switzerland,Historical,EV stock,Cars,FCEV,2018.0,Vehicles,59.0
Switzerland,Historical,EV sales,Cars,PHEV,2018.0,Vehicles,4400.0
Switzerland,Historical,EV stock,Cars,PHEV,2018.0,Vehicles,14000.0
Switzerland,Historical,EV sales,Cars,FCEV,2018.0,Vehicles,22.0
Switzerland,Historical,EV stock,Cars,BEV,2018.0,Vehicles,21000.0
Switzerland,Historical,EV sales,Cars,BEV,2018.0,Vehicles,5100.0
Switzerland,Historical,EV stock,Vans,,2018.0,Vehicles,1000.0
Switzerland,Historical,EV stock,Buses,PHEV,2018.0,Vehicles,35.0
Switzerland,Historical,EV sales,Vans,BEV,2018.0,Vehicles,300.0
Switzerland,Historical,EV stock,Buses,FCEV,2018.0,Vehicles,20.0
Switzerland,Historical,EV sales,Buses,FCEV,2018.0,Vehicles,10.0
Switzerland,Historical,EV sales,Buses,BEV,2018.0,Vehicles,18.0
Switzerland,Historical,EV stock,Buses,BEV,2018.0,Vehicles,17.0
Switzerland,Historical,EV stock,Buses,BEV,2019.0,Vehicles,
Switzerland,Historical,EV sales,Buses,BEV,2019.0,Vehicles,10.0
Switzerland,Historical,EV stock,Buses,FCEV,2019.0,Vehicles,20.0
Switzerland,Historical,EV sales,Vans,BEV,2019.0,Vehicles,580.0
Switzerland,Historical,EV stock,Buses,PHEV,2019.0,Vehicles,
Switzerland,Historical,EV stock,Vans,BEV,2019.0,Vehicles,1600.0
Switzerland,Historical,EV sales,Cars,BEV,2019.0,Vehicles,13000.0
Switzerland,Historical,EV stock,Cars,BEV,2019.0,Vehicles,34000.0
Switzerland,Historical,EV sales,Cars,FCEV,2019.0,Vehicles,25.0
Switzerland,Historical,EV stock,Cars,PHEV,2019.0,Vehicles,16000.0
Switzerland,Historical,EV sales,Cars,PHEV,2019.0,Vehicles,4300.0
Switzerland,Historical,EV stock,Cars,FCEV,,Vehicles,84.0
Switzerland,Historical,EV stock share,Vans,EV,2019.0,percent,0.409999996423721
Switzerland,Historical,EV sales share,Vans,EV,2019.0,percent,
Switzerland,Historical,EV sales share,Cars,EV,2019.0,percent,
Switzerland,Historical,EV stock share,Cars,EV,2019.0,percent,1.10000002384186
Switzerland,Historical,EV sales share,Buses,EV,2019.0,percent,1.29999995231628
Switzerland,Historical,EV stock share,Buses,EV,2019.0,percent,0.680000007152557
Switzerland,Historical,EV stock share,Buses,EV,2020.0,percent,1.0
Switzerland,Historical,EV sales share,Buses,EV,2020.0,percent,3.29999995231628
Switzerland,Historical,EV stock share,Cars,,2020.0,percent,1.79999995231628
Switzerland,Historical,EV sales share,Cars,EV,2020.0,percent,14.0
Switzerland,Historical,EV sales share,Vans,EV,2020.0,percent,2.79999995231628
Switzerland,Historical,EV stock share,Vans,EV,2020.0,,0.579999983310699
Switzerland,Historical,EV stock,Cars,FCEV,2020.0,Vehicles,84.0
Switzerland,Historical,EV sales,Cars,PHEV,2020.0,Vehicles,14000.0
Switzerland,Historical,EV stock,Cars,PHEV,2020.0,Vehicles,
Switzerland,Historical,EV stock,Cars,BEV,2020.0,Vehicles,54000.0
Switzerland,Historical,EV sales,Cars,BEV,2020.0,Vehicles,20000.0
Switzerland,Historical,EV stock,Vans,,2020.0,Vehicles,2400.0
Switzerland,Historical,EV stock,Buses,PHEV,2020.0,,35.0
Switzerland,Historical,EV sales,Vans,BEV,2020.0,Vehicles,780.0
Switzerland,Historical,EV stock,Vans,PHEV,2020.0,Vehicles,9.0
Switzerland,Historical,EV sales,Vans,PHEV,2020.0,,9.0
Switzerland,Historical,EV stock,Buses,FCEV,2020.0,Vehicles,20.0
Switzerland,Historical,EV sales,Buses,BEV,2020.0,Vehicles,22.0
Switzerland,Historical,EV stock,Buses,BEV,2020.0,Vehicles,48.0
Switzerland,Historical,EV stock,Buses,BEV,2021.0,Vehicles,91.0
Switzerland,Historical,EV sales,Buses,BEV,2021.0,Vehicles,55.0
Switzerland,Historical,EV stock,Buses,FCEV,2021.0,Vehicles,20.0
Switzerland,Historical,EV sales,Vans,PHEV,2021.0,Vehicles,170.0
Switzerland,Historical,EV stock,Vans,PHEV,2021.0,Vehicles,
Switzerland,Historical,EV sales,Vans,BEV,,Vehicles,
Switzerland,Historical,EV stock,Buses,PHEV,,Vehicles,35.0
Switzerland,Historical,EV stock,Vans,BEV,2021.0,Vehicles,3700.0
Switzerland,Historical,EV sales,Cars,BEV,2021.0,Vehicles,32000.0
Switzerland,Historical,EV stock,Cars,BEV,2021.0,Vehicles,86000.0
Switzerland,Historical,EV sales,Cars,,2021.0,Vehicles,56.0
Switzerland,Historical,EV stock,Cars,,2021.0,Vehicles,53000.0
Switzerland,Historical,EV sales,Cars,PHEV,2021.0,Vehicles,22000.0
Switzerland,Historical,EV stock,Cars,FCEV,2021.0,Vehicles,140.0
Switzerland,Historical,EV stock share,Vans,EV,2021.0,percent,0.920000016689301
Switzerland,Historical,EV sales share,Vans,EV,2021.0,percent,3.90000009536743
Switzerland,Historical,EV sales share,Cars,EV,2021.0,percent,23.0
Switzerland,Historical,EV stock share,Cars,EV,2021.0,percent,2.90000009536743
Switzerland,Historical,EV sales share,Buses,EV,2021.0,percent,6.80000019073486
Switzerland,Historical,EV stock share,Buses,EV,2021.0,percent,
Switzerland,Historical,EV stock share,Buses,EV,2022.0,,
Switzerland,Historical,EV sales share,Buses,EV,2022.0,percent,23.0
Switzerland,Historical,EV stock share,Cars,EV,2022.0,percent,4.19999980926514
Switzerland,Historical,EV sales share,Cars,EV,2022.0,percent,26.0
Switzerland,Historical,EV sales share,Vans,EV,2022.0,percent,
Switzerland,Historical,EV stock share,Vans,EV,2022.0,percent,1.60000002384186
Switzerland,Historical,EV stock,Cars,FCEV,2022.0,Vehicles,210.0
Switzerland,Historical,EV sales,Cars,,2022.0,Vehicles,19000.0
Switzerland,Historical,EV stock,Cars,PHEV,2022.0,Vehicles,71000.0
Switzerland,Historical,EV sales,Cars,FCEV,2022.0,Vehicles,72.0
Switzerland,Historical,EV stock,Cars,BEV,,Vehicles,130000.0
Switzerland,Historical,EV sales,Cars,BEV,2022.0,Vehicles,40000.0
Switzerland,Historical,EV stock,Vans,BEV,2022.0,Vehicles,6500.0
Switzerland,Historical,EV stock,Buses,PHEV,2022.0,Vehicles,35.0
Switzerland,Historical,EV sales,Vans,BEV,2022.0,Vehicles,2400.0
Switzerland,Historical,EV stock,Vans,PHEV,2022.0,Vehicles,190.0
Switzerland,Historical,EV sales,Vans,PHEV,2022.0,Vehicles,4.0
Switzerland,Historical,EV stock,Vans,FCEV,2022.0,Vehicles,10.0
Switzerland,Historical,EV stock,Buses,FCEV,2022.0,Vehicles,20.0
Switzerland,Historical,EV sales,Buses,PHEV,2022.0,Vehicles,1.0
Switzerland,Historical,EV sales,Buses,BEV,2022.0,,110.0
Switzerland,Historical,EV stock,Buses,BEV,2022.0,Vehicles,150.0
Switzerland,Historical,EV stock,Buses,BEV,2023.0,Vehicles,220.0
Switzerland,Historical,EV sales,Buses,BEV,2023.0,Vehicles,770.0
Switzerland,Historical,EV stock,Buses,FCEV,2023.0,Vehicles,15.0
Switzerland,Historical,EV stock,Vans,PHEV,2023.0,Vehicles,190.0
Switzerland,Historical,EV sales,Vans,BEV,2023.0,Vehicles,3900.0
Switzerland,Historical,EV stock,Buses,,2023.0,Vehicles,35.0
Switzerland,Historical,EV stock,Vans,,2023.0,Vehicles,10000.0
Switzerland,Historical,EV sales,Cars,BEV,2023.0,Vehicles,53000.0
Switzerland,Historical,EV stock,Cars,BEV,2023.0,Vehicles,180000.0
Switzerland,Historical,EV sales,Cars,FCEV,2023.0,,27.0
Switzerland,Historical,EV stock,Cars,PHEV,2023.0,Vehicles,96000.0
Switzerland,Historical,EV sales,Cars,PHEV,2023.0,Vehicles,23000.0
Switzerland,Historical,EV stock,Cars,FCEV,2023.0,Vehicles,240.0
Switzerland,Historical,EV stock share,Vans,EV,2023.0,percent,2.29999995231628
Switzerland,Historical,EV sales share,Vans,EV,2023.0,percent,13.0
Switzerland,Historical,EV sales share,Cars,EV,2023.0,percent,30.0
Switzerland,Historical,EV stock share,Cars,EV,2023.0,percent,5.80000019073486
Switzerland,Historical,EV sales share,Buses,EV,2023.0,percent,65.0
Switzerland,Historical,EV stock share,Buses,EV,2023.0,percent,2.5
Turkiye,Historical,EV sales,Cars,BEV,2012.0,Vehicles,92.0
Turkiye,Historical,EV sales share,Cars,EV,2012.0,percent,0.016000000759959
Turkiye,Historical,EV sales share,Cars,EV,2013.0,percent,0.000119999996969
Turkiye,Historical,EV stock share,Cars,EV,2013.0,percent,0.002499999944121
Turkiye,Historical,EV stock,Cars,BEV,2013.0,Vehicles,230.0
Turkiye,Historical,EV sales,Cars,PHEV,2013.0,Vehicles,
Turkiye,Historical,EV sales,Cars,PHEV,2014.0,Vehicles,22.0
Turkiye,Historical,EV stock,Cars,BEV,2014.0,Vehicles,260.0
Turkiye,Historical,EV sales,Cars,BEV,2014.0,Vehicles,46.0
Turkiye,Historical,EV stock share,Cars,EV,2014.0,percent,0.002700000070035
Turkiye,Historical,EV sales share,Cars,EV,2014.0,percent,0.012000000104308
Turkiye,Historical,EV sales share,Cars,EV,2015.0,percent,0.030999999493361
Turkiye,Historical,EV stock share,Cars,,2015.0,percent,0.003800000064075
Turkiye,Historical,EV stock,Cars,BEV,2015.0,Vehicles,370.0
Turkiye,Historical,EV sales,Cars,PHEV,2015.0,Vehicles,110.0
Turkiye,Historical,EV sales,Cars,BEV,2015.0,Vehicles,120.0
Turkiye,Historical,EV sales,Cars,BEV,2016.0,Vehicles,
Turkiye,Historical,EV sales,Cars,PHEV,2016.0,Vehicles,83.0
Turkiye,Historical,EV stock,Cars,BEV,2016.0,Vehicles,420.0
Turkiye,Historical,EV stock,Cars,PHEV,2016.0,Vehicles,210.0
Turkiye,Historical,EV stock share,Cars,EV,2016.0,percent,0.006000000052154
Turkiye,Historical,EV sales share,Cars,EV,2016.0,percent,
Turkiye,Historical,EV sales share,Cars,EV,2017.0,percent,0.010999999940395
Turkiye,Historical,EV stock share,Cars,EV,2017.0,percent,0.006599999964237
Turkiye,Historical,EV stock,Cars,PHEV,2017.0,Vehicles,240.0
Turkiye,Historical,EV stock,Cars,,2017.0,Vehicles,500.0
Turkiye,Historical,EV sales,Cars,PHEV,2017.0,Vehicles,34.0
Turkiye,Historical,EV sales,Cars,BEV,2017.0,Vehicles,77.0
Turkiye,Historical,EV sales,Cars,,2018.0,Vehicles,190.0
Turkiye,Historical,EV sales,Cars,PHEV,2018.0,Vehicles,45.0
Turkiye,Historical,EV stock,Cars,BEV,2018.0,Vehicles,650.0
Turkiye,Historical,EV stock,Cars,PHEV,2018.0,Vehicles,
Turkiye,Historical,EV stock share,Cars,EV,2018.0,percent,0.008200000040233
Turkiye,Historical,EV sales share,Cars,EV,2018.0,percent,0.043999999761582
Turkiye,Historical,EV sales share,Cars,EV,2019.0,percent,0.06700000166893
Turkiye,Historical,EV stock share,Cars,EV,2019.0,,0.016000000759959
Turkiye,Historical,EV stock,Cars,PHEV,2019.0,Vehicles,540.0
Turkiye,Historical,EV stock,Cars,BEV,2019.0,Vehicles,1300.0
Turkiye,Historical,EV sales,Cars,PHEV,2019.0,Vehicles,94.0
Turkiye,Historical,EV sales,Cars,BEV,2019.0,Vehicles,230.0
Turkiye,Historical,EV sales,Cars,BEV,2020.0,Vehicles,890.0
Turkiye,Historical,EV sales,Cars,PHEV,2020.0,Vehicles,400.0
Turkiye,Historical,EV stock,Cars,BEV,2020.0,Vehicles,2900.0
Turkiye,Historical,EV stock,Cars,PHEV,2020.0,Vehicles,
Turkiye,Historical,EV stock share,Cars,EV,2020.0,percent,0.032999999821186
Turkiye,Historical,EV sales share,Cars,EV,2020.0,percent,0.170000001788139
Turkiye,Historical,EV sales share,Cars,EV,2021.0,,0.550000011920929
Turkiye,Historical,EV stock share,Cars,EV,2021.0,percent,0.068999998271465
Turkiye,Historical,EV stock,Cars,PHEV,2021.0,Vehicles,
Turkiye,Historical,EV stock,Cars,BEV,2021.0,Vehicles,6800.0
Turkiye,Historical,EV sales,Cars,PHEV,2021.0,Vehicles,920.0
Turkiye,Historical,EV sales,Cars,BEV,2021.0,Vehicles,3000.0
Turkiye,Historical,EV sales,Cars,BEV,2022.0,Vehicles,7000.0
Turkiye,Historical,EV sales,Cars,PHEV,2022.0,Vehicles,540.0
Turkiye,Historical,EV stock,Cars,BEV,2022.0,Vehicles,14000.0
Turkiye,Historical,EV stock,Cars,PHEV,2022.0,Vehicles,
Turkiye,Historical,EV stock share,Cars,EV,2022.0,percent,0.129999995231628
Turkiye,Historical,EV sales share,Cars,EV,2022.0,percent,1.10000002384186
Turkiye,Historical,EV sales share,Cars,EV,2023.0,percent,10.0
Turkiye,Historical,EV stock share,Cars,EV,2023.0,percent,0.629999995231628
Turkiye,Historical,EV stock,Cars,PHEV,2023.0,Vehicles,4900.0
Turkiye,Historical,EV stock,Cars,BEV,2023.0,Vehicles,77000.0
Turkiye,Historical,EV sales,Cars,PHEV,2023.0,Vehicles,2700.0
Turkiye,Historical,EV sales,Cars,BEV,2023.0,Vehicles,66000.0
United Arab Emirates,Historical,EV sales,Cars,PHEV,2018.0,Vehicles,60.0
United Arab Emirates,Historical,EV sales share,Cars,EV,2018.0,percent,0.025000000372529
United Arab Emirates,Historical,EV sales,Cars,BEV,2018.0,,59.0
United Arab Emirates,Historical,EV sales,Cars,BEV,2019.0,Vehicles,33.0
United Arab Emirates,Historical,EV sales share,Cars,EV,2019.0,percent,
United Arab Emirates,Historical,EV sales,Cars,PHEV,2019.0,Vehicles,61.0
United Arab Emirates,Historical,EV sales,Cars,PHEV,2020.0,Vehicles,61.0
United Arab Emirates,Historical,EV sales share,Cars,,2020.0,percent,0.529999971389771
United Arab Emirates,Historical,EV sales,Cars,BEV,2020.0,Vehicles,630.0
United Arab Emirates,Historical,EV sales,Cars,BEV,2021.0,Vehicles,2100.0
United Arab Emirates,Historical,EV sales share,Cars,,2021.0,percent,2.59999990463257
United Arab Emirates,Historical,EV sales,Cars,PHEV,2021.0,Vehicles,2000.0
United Arab Emirates,Historical,EV sales,Cars,PHEV,,Vehicles,3900.0
United Arab Emirates,Historical,EV sales share,Cars,EV,2022.0,percent,
United Arab Emirates,Historical,EV sales,Cars,BEV,2022.0,Vehicles,15000.0
United Arab Emirates,Historical,EV sales share,Cars,EV,2023.0,percent,13.0
United Arab Emirates,Historical,EV sales,Cars,PHEV,2023.0,Vehicles,5900.0
United Arab Emirates,Historical,EV sales,Cars,BEV,2023.0,Vehicles,23000.0
United Kingdom,Historical,EV sales,Vans,BEV,2010.0,Vehicles,
United Kingdom,Historical,EV stock,Vans,BEV,2010.0,Vehicles,3700.0
United Kingdom,Historical,EV stock,Vans,FCEV,2010.0,Vehicles,
United Kingdom,Historical,EV sales,Cars,BEV,2010.0,Vehicles,240.0
United Kingdom,Historical,EV stock,Cars,BEV,2010.0,,
United Kingdom,Historical,EV sales,Cars,PHEV,2010.0,Vehicles,21.0
United Kingdom,Historical,EV stock,Cars,PHEV,2010.0,Vehicles,21.0
United Kingdom,Historical,EV sales,Buses,BEV,2010.0,Vehicles,4.0
United Kingdom,Historical,EV stock,Buses,BEV,2010.0,Vehicles,80.0
United Kingdom,Historical,EV stock share,Cars,EV,2010.0,percent,
United Kingdom,Historical,EV stock share,Vans,EV,2010.0,percent,0.109999999403954
United Kingdom,Historical,EV sales share,Cars,EV,2010.0,percent,0.013000000268221
United Kingdom,Historical,EV sales share,Buses,EV,2010.0,percent,0.041999999433756
United Kingdom,Historical,EV sales share,Vans,EV,2010.0,percent,
United Kingdom,Historical,EV stock share,Buses,EV,2010.0,percent,0.071999996900559
United Kingdom,Historical,EV stock share,Buses,EV,2011.0,percent,0.079999998211861
United Kingdom,Historical,EV sales share,Vans,EV,2011.0,percent,0.08500000089407
United Kingdom,Historical,EV sales share,Buses,EV,,percent,0.026000000536442
United Kingdom,Historical,EV sales share,Cars,EV,2011.0,percent,0.061999998986721
United Kingdom,Historical,EV stock share,Vans,EV,2011.0,percent,0.098999999463558
United Kingdom,Historical,EV stock share,Cars,EV,2011.0,percent,0.00899999961257
United Kingdom,Historical,EV stock,Buses,BEV,2011.0,Vehicles,88.0
United Kingdom,Historical,EV sales,Buses,BEV,2011.0,Vehicles,2.0
United Kingdom,Historical,EV stock,Cars,,2011.0,Vehicles,28.0
United Kingdom,Historical,EV sales,Cars,PHEV,2011.0,Vehicles,7.0
United Kingdom,Historical,EV stock,Cars,BEV,2011.0,Vehicles,2600.0
United Kingdom,Historical,EV sales,Cars,,2011.0,Vehicles,
United Kingdom,Historical,EV stock,Vans,FCEV,2011.0,Vehicles,4.0
United Kingdom,Historical,EV stock,Vans,BEV,2011.0,Vehicles,3600.0
United Kingdom,Historical,EV sales,Vans,BEV,,Vehicles,220.0
United Kingdom,Historical,EV sales,Vans,BEV,2012.0,Vehicles,410.0
United Kingdom,Historical,EV stock,Vans,BEV,2012.0,Vehicles,3700.0
United Kingdom,Historical,EV stock,Vans,FCEV,2012.0,,4.0
United Kingdom,Historical,EV sales,Cars,BEV,2012.0,Vehicles,1600.0
United Kingdom,Historical,EV stock,Cars,BEV,2012.0,Vehicles,4100.0
United Kingdom,Historical,EV sales,Cars,PHEV,2012.0,Vehicles,970.0
United Kingdom,Historical,EV stock,Cars,PHEV,2012.0,Vehicles,990.0
United Kingdom,Historical,EV sales,Buses,BEV,2012.0,Vehicles,14.0
United Kingdom,Historical,EV stock,Buses,BEV,2012.0,Vehicles,
United Kingdom,Historical,EV stock share,Cars,EV,2012.0,percent,0.017000000923872
United Kingdom,Historical,EV stock share,Vans,EV,2012.0,percent,0.100000001490116
United Kingdom,Historical,EV sales share,Cars,EV,2012.0,percent,0.129999995231628
United Kingdom,Historical,EV sales share,Buses,EV,2012.0,percent,
United Kingdom,Historical,EV sales share,Vans,EV,2012.0,percent,
United Kingdom,Historical,EV stock share,Buses,EV,2012.0,,0.090999998152256
United Kingdom,Historical,EV stock share,Buses,EV,2013.0,percent,0.109999999403954
United Kingdom,Historical,EV sales share,Vans,EV,2013.0,percent,0.109999999403954
United Kingdom,Historical,EV sales share,Buses,EV,2013.0,percent,0.259999990463257
United Kingdom,Historical,EV sales share,Cars,EV,2013.0,percent,
United Kingdom,Historical,EV stock share,Vans,EV,2013.0,percent,0.097000002861023
United Kingdom,Historical,EV stock share,Cars,EV,2013.0,percent,0.027000000700355
United Kingdom,Historical,EV stock,Buses,BEV,2013.0,Vehicles,120.0
United Kingdom,Historical,EV sales,Buses,BEV,2013.0,Vehicles,23.0
United Kingdom,Historical,EV stock,Cars,PHEV,2013.0,Vehicles,2000.0
United Kingdom,Historical,EV sales,Cars,PHEV,2013.0,Vehicles,1100.0
United Kingdom,Historical,EV stock,Cars,BEV,2013.0,Vehicles,6200.0
United Kingdom,Historical,EV sales,Cars,BEV,2013.0,Vehicles,2600.0
United Kingdom,Historical,EV stock,Vans,FCEV,2013.0,Vehicles,4.0
United Kingdom,Historical,EV stock,Vans,BEV,2013.0,Vehicles,3600.0
United Kingdom,Historical,EV sales,Vans,,2013.0,Vehicles,290.0
United Kingdom,Historical,EV sales,Vans,BEV,2014.0,Vehicles,790.0
United Kingdom,Historical,EV stock,Vans,BEV,2014.0,Vehicles,4100.0
United Kingdom,Historical,EV stock,Vans,FCEV,2014.0,Vehicles,4.0
United Kingdom,Historical,EV sales,Vans,PHEV,2014.0,Vehicles,4.0
United Kingdom,Historical,EV sales,Cars,BEV,2014.0,Vehicles,6700.0
United Kingdom,Historical,EV stock,Vans,PHEV,2014.0,Vehicles,
United Kingdom,Historical,EV stock,Cars,BEV,2014.0,Vehicles,12000.0
United Kingdom,Historical,EV sales,Cars,PHEV,2014.0,Vehicles,7800.0
United Kingdom,Historical,EV stock,Cars,PHEV,2014.0,Vehicles,9700.0
United Kingdom,Historical,EV sales,Buses,BEV,2014.0,Vehicles,47.0
United Kingdom,Historical,EV stock,Buses,BEV,2014.0,Vehicles,170.0
United Kingdom,Historical,EV stock share,Cars,EV,2014.0,percent,0.071999996900559
United Kingdom,Historical,EV stock share,Vans,EV,2014.0,percent,0.109999999403954
United Kingdom,Historical,EV sales share,Cars,EV,2014.0,percent,0.589999973773956
United Kingdom,Historical,EV sales share,Buses,,2014.0,percent,0.540000021457672
United Kingdom,Historical,EV sales share,Vans,EV,2014.0,percent,0.25
United Kingdom,Historical,EV stock share,Buses,,2014.0,percent,0.150000005960464
United Kingdom,Historical,EV stock share,Buses,EV,2015.0,percent,0.170000001788139
United Kingdom,Historical,EV sales share,Vans,EV,2015.0,,0.280000001192093
United Kingdom,Historical,EV sales share,Buses,EV,2015.0,percent,0.140000000596046
United Kingdom,Historical,EV sales share,Cars,EV,2015.0,percent,1.10000002384186
United Kingdom,Historical,EV stock share,Vans,EV,2015.0,percent,0.119999997317791
United Kingdom,Historical,EV stock share,Cars,EV,2015.0,percent,0.159999996423721
United Kingdom,Historical,EV stock,Buses,BEV,,Vehicles,200.0
United Kingdom,Historical,EV sales,Buses,BEV,2015.0,Vehicles,24.0
United Kingdom,Historical,EV stock,Cars,PHEV,2015.0,Vehicles,27000.0
United Kingdom,Historical,EV sales,Cars,,2015.0,Vehicles,19000.0
United Kingdom,Historical,EV stock,Cars,,2015.0,Vehicles,
United Kingdom,Historical,EV sales,Cars,FCEV,2015.0,Vehicles,11.0
United Kingdom,Historical,EV stock,Vans,PHEV,2015.0,Vehicles,100.0
United Kingdom,Historical,EV sales,Cars,BEV,2015.0,Vehicles,10000.0
United Kingdom,Historical,EV sales,Vans,PHEV,2015.0,Vehicles,98.0
United Kingdom,Historical,EV stock,Vans,FCEV,2015.0,Vehicles,4.0
United Kingdom,Historical,EV stock,Vans,BEV,2015.0,Vehicles,4600.0
United Kingdom,Historical,EV sales,Vans,BEV,2015.0,Vehicles,
United Kingdom,Historical,EV sales,Vans,BEV,2016.0,Vehicles,1000.0
United Kingdom,Historical,EV stock,Vans,BEV,2016.0,Vehicles,5300.0
United Kingdom,Historical,EV sales,Buses,PHEV,2016.0,Vehicles,140.0
United Kingdom,Historical,EV stock,Buses,PHEV,2016.0,Vehicles,140.0
United Kingdom,Historical,EV stock,Vans,FCEV,2016.0,Vehicles,3.0
United Kingdom,Historical,EV sales,Vans,,2016.0,Vehicles,78.0
United Kingdom,Historical,EV sales,Cars,BEV,2016.0,Vehicles,10000.0
United Kingdom,Historical,EV stock,Vans,PHEV,2016.0,Vehicles,180.0
United Kingdom,Historical,EV sales,Cars,FCEV,2016.0,Vehicles,10.0
United Kingdom,Historical,EV stock,Cars,BEV,2016.0,Vehicles,30000.0
United Kingdom,Historical,EV sales,Cars,PHEV,2016.0,Vehicles,29000.0
United Kingdom,Historical,EV stock,Cars,PHEV,2016.0,Vehicles,55000.0
United Kingdom,Historical,EV sales,Buses,BEV,2016.0,Vehicles,59.0
United Kingdom,Historical,EV stock,Buses,BEV,2016.0,Vehicles,
United Kingdom,Historical,EV sales,Buses,FCEV,2016.0,Vehicles,20.0
United Kingdom,Historical,EV stock share,Cars,EV,2016.0,percent,0.270000010728836
United Kingdom,Historical,EV stock share,Vans,EV,2016.0,percent,0.129999995231628
United Kingdom,Historical,EV sales share,Cars,EV,2016.0,percent,1.39999997615814
United Kingdom,Historical,EV sales share,Buses,EV,2016.0,percent,1.20000004768372
United Kingdom,Historical,EV sales share,Vans,EV,2016.0,percent,0.28999999165535
United Kingdom,Historical,EV stock share,Buses,EV,2016.0,percent,
United Kingdom,Historical,EV stock share,Buses,EV,2017.0,percent,0.409999996423721
United Kingdom,Historical,EV sales share,Buses,EV,2017.0,percent,0.469999998807907
United Kingdom,Historical,EV sales share,Cars,EV,2017.0,percent,1.89999997615814
United Kingdom,Historical,EV stock share,Vans,EV,2017.0,percent,0.150000005960464
United Kingdom,Historical,EV sales share,Vans,EV,2017.0,percent,0.370000004768372
United Kingdom,Historical,EV stock share,Cars,EV,2017.0,percent,0.400000005960465
United Kingdom,Historical,EV sales,Buses,FCEV,2017.0,Vehicles,5.0
United Kingdom,Historical,EV stock,Buses,BEV,2017.0,Vehicles,300.0
United Kingdom,Historical,EV sales,Buses,BEV,2017.0,Vehicles,39.0
United Kingdom,Historical,EV stock,Cars,PHEV,2017.0,Vehicles,87000.0
United Kingdom,Historical,EV sales,Cars,PHEV,2017.0,Vehicles,
United Kingdom,Historical,EV stock,Cars,BEV,2017.0,Vehicles,42000.0
United Kingdom,Historical,EV sales,Cars,FCEV,2017.0,Vehicles,34.0
United Kingdom,Historical,EV stock,Vans,PHEV,2017.0,Vehicles,220.0
United Kingdom,Historical,EV sales,Cars,BEV,2017.0,Vehicles,14000.0
United Kingdom,Historical,EV sales,Vans,PHEV,2017.0,Vehicles,94.0
United Kingdom,Historical,EV stock,Vans,FCEV,2017.0,Vehicles,4.0
United Kingdom,Historical,EV stock,Cars,FCEV,2017.0,Vehicles,34.0
United Kingdom,Historical,EV stock,Buses,PHEV,2017.0,Vehicles,150.0
United Kingdom,Historical,EV sales,Buses,PHEV,2017.0,Vehicles,18.0
United Kingdom,Historical,EV stock,Vans,BEV,2017.0,Vehicles,6300.0
United Kingdom,Historical,EV sales,Vans,BEV,2017.0,Vehicles,1300.0
United Kingdom,Historical,EV sales,Vans,BEV,2018.0,Vehicles,1500.0
United Kingdom,Historical,EV stock,Vans,BEV,2018.0,,
United Kingdom,Historical,EV sales,Buses,PHEV,2018.0,Vehicles,
United Kingdom,Historical,EV stock,Buses,FCEV,2018.0,Vehicles,
United Kingdom,Historical,EV stock,Buses,PHEV,2018.0,Vehicles,220.0
United Kingdom,Historical,EV stock,Cars,FCEV,2018.0,Vehicles,70.0
United Kingdom,Historical,EV stock,Vans,FCEV,2018.0,Vehicles,3.0
United Kingdom,Historical,EV sales,Vans,PHEV,2018.0,Vehicles,150.0
United Kingdom,Historical,EV sales,Cars,,2018.0,Vehicles,16000.0
United Kingdom,Historical,EV stock,Vans,PHEV,2018.0,Vehicles,410.0
United Kingdom,Historical,EV sales,Cars,FCEV,2018.0,Vehicles,36.0
United Kingdom,Historical,EV stock,Cars,BEV,2018.0,Vehicles,56000.0
United Kingdom,Historical,EV sales,Cars,PHEV,2018.0,Vehicles,46000.0
United Kingdom,Historical,EV stock,Cars,PHEV,2018.0,Vehicles,130000.0
United Kingdom,Historical,EV sales,Buses,BEV,2018.0,Vehicles,
United Kingdom,Historical,EV stock,Buses,BEV,2018.0,Vehicles,
United Kingdom,Historical,EV sales,Buses,FCEV,2018.0,Vehicles,
United Kingdom,Historical,EV stock share,Cars,EV,2018.0,percent,0.569999992847443
United Kingdom,Historical,EV sales share,Vans,EV,2018.0,percent,0.449999988079071
United Kingdom,Historical,EV stock share,Vans,EV,2018.0,percent,0.180000007152557
United Kingdom,Historical,EV sales share,Cars,EV,2018.0,percent,2.59999990463257
United Kingdom,Historical,EV sales share,Buses,EV,2018.0,percent,1.0
United Kingdom,Historical,EV stock share,Buses,EV,2018.0,percent,0.560000002384186
United Kingdom,Historical,EV stock share,Buses,EV,2019.0,percent,
United Kingdom,Historical,EV sales share,Buses,EV,2019.0,percent,1.39999997615814
United Kingdom,Historical,EV sales share,Cars,EV,2019.0,percent,3.29999995231628
United Kingdom,Historical,EV stock share,Vans,EV,2019.0,percent,0.239999994635582
United Kingdom,Historical,EV sales share,Vans,EV,2019.0,percent,0.97000002861023
United Kingdom,Historical,EV stock share,Cars,EV,2019.0,percent,0.759999990463257
United Kingdom,Historical,EV stock,Buses,BEV,2019.0,Vehicles,510.0
United Kingdom,Historical,EV sales,Buses,BEV,2019.0,Vehicles,120.0
United Kingdom,Historical,EV stock,Cars,PHEV,2019.0,Vehicles,160000.0
United Kingdom,Historical,EV sales,Cars,PHEV,2019.0,Vehicles,37000.0
United Kingdom,Historical,EV stock,Cars,BEV,2019.0,Vehicles,
United Kingdom,Historical,EV sales,Cars,,2019.0,Vehicles,
United Kingdom,Historical,EV stock,Vans,PHEV,2019.0,Vehicles,590.0
United Kingdom,Historical,EV sales,Cars,BEV,2019.0,Vehicles,
United Kingdom,Historical,EV sales,Vans,,2019.0,Vehicles,210.0
United Kingdom,Historical,EV stock,Vans,FCEV,2019.0,Vehicles,4.0
United Kingdom,Historical,EV stock,Cars,FCEV,2019.0,Vehicles,170.0
United Kingdom,Historical,EV stock,Buses,PHEV,2019.0,Vehicles,220.0
United Kingdom,Historical,EV stock,Vans,BEV,2019.0,Vehicles,10000.0
United Kingdom,Historical,EV sales,Vans,BEV,2019.0,Vehicles,3500.0
United Kingdom,Historical,EV sales,Vans,BEV,2020.0,Vehicles,5700.0
United Kingdom,Historical,EV stock,Vans,BEV,2020.0,Vehicles,16000.0
United Kingdom,Historical,EV stock,Buses,PHEV,2020.0,Vehicles,220.0
United Kingdom,Historical,EV stock,Cars,FCEV,2020.0,Vehicles,230.0
United Kingdom,Historical,EV stock,Vans,FCEV,2020.0,Vehicles,4.0
United Kingdom,Historical,EV sales,Vans,PHEV,2020.0,Vehicles,560.0
United Kingdom,Historical,EV sales,Cars,BEV,2020.0,Vehicles,
United Kingdom,Historical,EV stock,Vans,PHEV,2020.0,Vehicles,1100.0
United Kingdom,Historical,EV sales,Cars,FCEV,2020.0,,
United Kingdom,Historical,EV stock,Cars,BEV,2020.0,Vehicles,190000.0
United Kingdom,Historical,EV sales,Cars,,2020.0,Vehicles,
United Kingdom,Historical,EV stock,Cars,PHEV,,Vehicles,220000.0
United Kingdom,Historical,EV sales,Buses,BEV,2020.0,Vehicles,300.0
United Kingdom,Historical,EV stock,Buses,BEV,2020.0,Vehicles,820.0
United Kingdom,Historical,EV sales,Buses,FCEV,2020.0,Vehicles,18.0
United Kingdom,Historical,EV stock share,Cars,EV,2020.0,percent,1.29999995231628
United Kingdom,Historical,EV sales share,Vans,EV,2020.0,percent,2.09999990463257
United Kingdom,Historical,EV stock share,Vans,EV,2020.0,percent,0.319999992847443
United Kingdom,Historical,EV sales share,Cars,EV,2020.0,percent,11.0
United Kingdom,Historical,EV sales share,Buses,EV,2020.0,percent,11.0
United Kingdom,Historical,EV stock share,Buses,EV,2020.0,percent,
United Kingdom,Historical,EV stock share,Buses,EV,2021.0,percent,2.0
United Kingdom,Historical,EV sales share,Buses,EV,2021.0,percent,
United Kingdom,Historical,EV sales share,Cars,EV,2021.0,percent,19.0
United Kingdom,Historical,EV stock share,Vans,EV,2021.0,,0.560000002384186
United Kingdom,Historical,EV sales share,Vans,EV,2021.0,percent,3.79999995231628
United Kingdom,Historical,EV stock share,Cars,EV,2021.0,percent,2.09999990463257
United Kingdom,Historical,EV sales,Buses,FCEV,2021.0,Vehicles,15.0
United Kingdom,Historical,EV stock,Buses,BEV,2021.0,Vehicles,1400.0
United Kingdom,Historical,EV sales,Buses,,2021.0,Vehicles,540.0
United Kingdom,Historical,EV stock,Cars,PHEV,2021.0,Vehicles,330000.0
United Kingdom,Historical,EV sales,Cars,PHEV,2021.0,Vehicles,120000.0
United Kingdom,Historical,EV stock,Cars,BEV,2021.0,Vehicles,380000.0
United Kingdom,Historical,EV sales,Cars,FCEV,,Vehicles,12.0
United Kingdom,Historical,EV stock,Vans,,2021.0,Vehicles,2300.0
United Kingdom,Historical,EV sales,Cars,BEV,2021.0,Vehicles,190000.0
United Kingdom,Historical,EV sales,Vans,PHEV,2021.0,Vehicles,1200.0
United Kingdom,Historical,EV stock,Vans,FCEV,2021.0,Vehicles,
United Kingdom,Historical,EV stock,Cars,FCEV,2021.0,,240.0
United Kingdom,Historical,EV stock,Buses,PHEV,2021.0,Vehicles,220.0
United Kingdom,Historical,EV stock,Vans,BEV,2021.0,Vehicles,28000.0
United Kingdom,Historical,EV sales,Vans,BEV,2021.0,Vehicles,12000.0
United Kingdom,Historical,EV sales,Vans,BEV,2022.0,Vehicles,
United Kingdom,Historical,EV stock,Vans,BEV,2022.0,Vehicles,39000.0
United Kingdom,Historical,EV stock,Buses,PHEV,2022.0,Vehicles,220.0
United Kingdom,Historical,EV stock,Buses,FCEV,2022.0,Vehicles,37.0
United Kingdom,Historical,EV sales,Buses,FCEV,2022.0,Vehicles,65.0
United Kingdom,Historical,EV stock,Cars,PHEV,2022.0,Vehicles,
United Kingdom,Historical,EV stock,Cars,FCEV,2022.0,Vehicles,190.0
United Kingdom,Historical,EV stock,Vans,FCEV,2022.0,Vehicles,5.0
United Kingdom,Historical,EV sales,Vans,PHEV,2022.0,Vehicles,410.0
United Kingdom,Historical,EV sales,Cars,BEV,2022.0,Vehicles,270000.0
United Kingdom,Historical,EV stock,Vans,,2022.0,Vehicles,2700.0
United Kingdom,Historical,EV sales,Cars,,2022.0,Vehicles,7.0
United Kingdom,Historical,EV stock,Cars,BEV,2022.0,Vehicles,550000.0
United Kingdom,Historical,EV sales,Cars,PHEV,2022.0,Vehicles,100000.0
United Kingdom,Historical,EV sales,Buses,,2022.0,Vehicles,440.0
United Kingdom,Historical,EV stock,Buses,BEV,2022.0,Vehicles,1800.0
United Kingdom,Historical,EV stock share,Cars,EV,2022.0,percent,2.90000009536743
United Kingdom,Historical,EV sales share,Vans,EV,2022.0,,6.19999980926514
United Kingdom,Historical,EV stock share,Vans,EV,2022.0,percent,0.779999971389771
United Kingdom,Historical,EV sales share,Cars,EV,,percent,23.0
United Kingdom,Historical,EV sales share,Buses,EV,2022.0,,
United Kingdom,Historical,EV stock share,Buses,EV,2022.0,percent,2.70000004768372
United Kingdom,Historical,EV stock share,Buses,EV,2023.0,percent,4.5
United Kingdom,Historical,EV sales share,Buses,EV,2023.0,percent,17.0
United Kingdom,Historical,EV sales share,Cars,EV,2023.0,percent,24.0
United Kingdom,Historical,EV stock share,Vans,EV,2023.0,percent,1.29999995231628
United Kingdom,Historical,EV sales share,Vans,,2023.0,percent,6.5
United Kingdom,Historical,EV stock share,Cars,,2023.0,percent,5.0
United Kingdom,Historical,EV stock,Buses,BEV,2023.0,Vehicles,3000.0
United Kingdom,Historical,EV sales,Buses,BEV,2023.0,Vehicles,1300.0
United Kingdom,Historical,EV sales,Cars,PHEV,2023.0,Vehicles,140000.0
United Kingdom,Historical,EV stock,Cars,BEV,2023.0,Vehicles,980000.0
United Kingdom,Historical,EV sales,Cars,FCEV,2023.0,Vehicles,25.0
United Kingdom,Historical,EV stock,Vans,PHEV,2023.0,Vehicles,2900.0
United Kingdom,Historical,EV sales,Cars,BEV,2023.0,Vehicles,310000.0
United Kingdom,Historical,EV sales,Vans,PHEV,2023.0,Vehicles,110.0
United Kingdom,Historical,EV stock,Cars,FCEV,2023.0,Vehicles,260.0
United Kingdom,Historical,EV stock,Cars,,2023.0,Vehicles,
United Kingdom,Historical,EV sales,Buses,FCEV,2023.0,Vehicles,43.0
United Kingdom,Historical,EV stock,Buses,,2023.0,Vehicles,180.0
United Kingdom,Historical,EV stock,Buses,PHEV,2023.0,Vehicles,220.0
United Kingdom,Historical,EV stock,Vans,BEV,2023.0,Vehicles,68000.0
United Kingdom,Historical,EV sales,Vans,,2023.0,Vehicles,22000.0
USA,Historical,EV sales,Cars,BEV,2010.0,Vehicles,1200.0
USA,Historical,EV stock,Cars,BEV,2010.0,Vehicles,3800.0
USA,Historical,EV stock share,Cars,EV,2010.0,percent,
USA,Historical,EV sales share,Cars,EV,2010.0,percent,0.012000000104308
USA,Historical,EV sales share,Cars,EV,2011.0,percent,0.150000005960464
USA,Historical,EV stock share,Buses,EV,2011.0,percent,0.028999999165535
USA,Historical,EV stock share,Cars,,2011.0,percent,
USA,Historical,EV sales share,Buses,EV,2011.0,percent,0.239999994635582
USA,Historical,EV stock,Cars,,2011.0,Vehicles,14000.0
USA,Historical,EV sales,Cars,BEV,2011.0,Vehicles,9800.0
USA,Historical,EV stock,Cars,PHEV,2011.0,Vehicles,8000.0
USA,Historical,EV sales,Cars,,2011.0,Vehicles,8000.0
USA,Historical,EV sales,Buses,BEV,2011.0,Vehicles,190.0
USA,Historical,EV stock,Buses,BEV,2011.0,Vehicles,190.0
USA,Historical,EV stock,Buses,BEV,2012.0,Vehicles,200.0
USA,Historical,EV sales,Buses,BEV,2012.0,Vehicles,6.5
USA,Historical,EV sales,Cars,PHEV,2012.0,Vehicles,39000.0
USA,Historical,EV stock,Cars,PHEV,2012.0,Vehicles,47000.0
USA,Historical,EV sales,Cars,BEV,2012.0,Vehicles,15000.0
USA,Historical,EV stock,Cars,BEV,2012.0,Vehicles,28000.0
USA,Historical,EV sales share,Buses,EV,2012.0,percent,
USA,Historical,EV stock share,Cars,EV,2012.0,percent,0.034000001847744
USA,Historical,EV stock share,Buses,EV,2012.0,percent,0.026000000536442
USA,Historical,EV sales share,Cars,EV,2012.0,percent,0.419999986886978
USA,Historical,EV sales share,Cars,EV,2013.0,percent,0.709999978542328
USA,Historical,EV stock share,Buses,EV,,percent,
USA,Historical,EV stock share,Cars,EV,2013.0,percent,0.078000001609325
USA,Historical,EV sales share,Buses,EV,2013.0,percent,0.003400000045076
USA,Historical,EV stock,Cars,BEV,2013.0,Vehicles,76000.0
USA,Historical,EV sales,Cars,BEV,2013.0,Vehicles,48000.0
USA,Historical,EV stock,Cars,PHEV,2013.0,Vehicles,96000.0
USA,Historical,EV sales,Cars,PHEV,2013.0,Vehicles,49000.0
USA,Historical,EV sales,Buses,,2013.0,Vehicles,8.69999980926514
USA,Historical,EV stock,Buses,,2013.0,,210.0
USA,Historical,EV stock,Buses,BEV,2014.0,Vehicles,230.0
USA,Historical,EV sales,Buses,BEV,,Vehicles,26.0
USA,Historical,EV sales,Cars,PHEV,2014.0,Vehicles,55000.0
USA,Historical,EV stock,Cars,FCEV,2014.0,Vehicles,55.0
USA,Historical,EV sales,Cars,FCEV,,Vehicles,55.0
USA,Historical,EV stock,Cars,PHEV,2014.0,Vehicles,150000.0
USA,Historical,EV sales,Cars,BEV,2014.0,Vehicles,63000.0
USA,Historical,EV stock,Cars,,2014.0,Vehicles,140000.0
USA,Historical,EV sales share,Buses,EV,2014.0,percent,0.019999999552965
USA,Historical,EV stock share,Cars,EV,2014.0,percent,0.140000000596046
USA,Historical,EV stock share,Buses,EV,2014.0,,0.027000000700355
USA,Historical,EV sales share,Cars,EV,2014.0,percent,0.769999980926514
USA,Historical,EV sales share,Cars,EV,2015.0,percent,0.699999988079071
USA,Historical,EV stock share,Buses,EV,2015.0,percent,0.097000002861023
USA,Historical,EV stock share,Cars,EV,2015.0,percent,0.189999997615814
USA,Historical,EV sales share,Buses,EV,2015.0,percent,0.439999997615814
USA,Historical,EV sales,Buses,PHEV,2015.0,Vehicles,
USA,Historical,EV stock,Buses,PHEV,2015.0,Vehicles,550.0
USA,Historical,EV stock,Cars,BEV,2015.0,Vehicles,210000.0
USA,Historical,EV sales,Cars,BEV,2015.0,Vehicles,71000.0
USA,Historical,EV stock,Cars,PHEV,2015.0,Vehicles,190000.0
USA,Historical,EV sales,Cars,FCEV,2015.0,Vehicles,100.0
USA,Historical,EV stock,Cars,FCEV,2015.0,Vehicles,160.0
USA,Historical,EV sales,Cars,PHEV,2015.0,Vehicles,43000.0
USA,Historical,EV sales,Buses,BEV,2015.0,Vehicles,81.0
USA,Historical,EV stock,Buses,BEV,2015.0,Vehicles,310.0
USA,Historical,EV stock,Buses,FCEV,2015.0,Vehicles,24.0
USA,Historical,EV stock,Buses,,2016.0,Vehicles,21.0
USA,Historical,EV stock,Buses,BEV,2016.0,Vehicles,820.0
USA,Historical,EV sales,Buses,BEV,2016.0,Vehicles,500.0
USA,Historical,EV sales,Cars,,2016.0,Vehicles,73000.0
USA,Historical,EV stock,Cars,FCEV,2016.0,Vehicles,1200.0
USA,Historical,EV sales,Cars,FCEV,2016.0,Vehicles,1100.0
USA,Historical,EV stock,Cars,PHEV,,Vehicles,270000.0
USA,Historical,EV sales,Cars,BEV,2016.0,,87000.0
USA,Historical,EV stock,Cars,BEV,2016.0,Vehicles,300000.0
USA,Historical,EV stock,Buses,PHEV,2016.0,Vehicles,550.0
USA,Historical,EV sales share,Buses,EV,2016.0,percent,0.180000007152557
USA,Historical,EV stock share,Cars,EV,2016.0,percent,
USA,Historical,EV stock share,Buses,EV,,percent,0.140000000596046
USA,Historical,EV sales share,Cars,EV,2016.0,percent,0.990000009536743
USA,Historical,EV sales share,Cars,EV,2017.0,percent,1.29999995231628
USA,Historical,EV stock share,Buses,EV,2017.0,percent,0.159999996423721
USA,Historical,EV stock share,Cars,EV,2017.0,percent,
USA,Historical,EV sales share,Buses,EV,2017.0,percent,0.109999999403954
USA,Historical,EV stock,Buses,PHEV,2017.0,Vehicles,550.0
USA,Historical,EV stock,Cars,BEV,2017.0,Vehicles,400000.0
USA,Historical,EV sales,Cars,BEV,2017.0,Vehicles,100000.0
USA,Historical,EV stock,Cars,PHEV,2017.0,Vehicles,
USA,Historical,EV sales,Cars,FCEV,2017.0,Vehicles,
USA,Historical,EV stock,Cars,FCEV,2017.0,Vehicles,3500.0
USA,Historical,EV sales,Cars,PHEV,2017.0,Vehicles,94000.0
USA,Historical,EV sales,Buses,BEV,2017.0,Vehicles,190.0
USA,Historical,EV stock,Buses,BEV,2017.0,Vehicles,1000.0
USA,Historical,EV stock,Buses,FCEV,2017.0,Vehicles,26.0
USA,Historical,EV stock,Buses,FCEV,2018.0,Vehicles,32.0
USA,Historical,EV stock,Buses,BEV,2018.0,Vehicles,1600.0
USA,Historical,EV sales,Buses,BEV,2018.0,Vehicles,620.0
USA,Historical,EV sales,Cars,,2018.0,Vehicles,120000.0
USA,Historical,EV stock,Cars,FCEV,2018.0,Vehicles,6200.0
USA,Historical,EV sales,Cars,FCEV,2018.0,Vehicles,2700.0
USA,Historical,EV stock,Cars,PHEV,2018.0,Vehicles,480000.0
USA,Historical,EV sales,Cars,BEV,2018.0,Vehicles,240000.0
USA,Historical,EV stock,Cars,BEV,2018.0,Vehicles,640000.0
USA,Historical,EV stock,Buses,PHEV,2018.0,Vehicles,
USA,Historical,EV sales share,Buses,EV,2018.0,percent,0.370000004768372
USA,Historical,EV stock share,Cars,EV,2018.0,percent,0.479999989271164
USA,Historical,EV stock share,Buses,EV,2018.0,percent,0.219999998807907
USA,Historical,EV sales share,Cars,EV,2018.0,percent,2.29999995231628
USA,Historical,EV sales share,Cars,EV,2019.0,percent,
USA,Historical,EV stock share,Buses,,2019.0,percent,0.310000002384186
USA,Historical,EV stock share,Cars,EV,2019.0,percent,
USA,Historical,EV sales share,Buses,EV,2019.0,,0.560000002384186
USA,Historical,EV stock,Buses,PHEV,2019.0,Vehicles,550.0
USA,Historical,EV stock,Cars,BEV,2019.0,Vehicles,880000.0
USA,Historical,EV sales,Cars,BEV,,,240000.0
USA,Historical,EV stock,Cars,PHEV,2019.0,Vehicles,570000.0
USA,Historical,EV sales,Cars,FCEV,2019.0,Vehicles,2000.0
USA,Historical,EV stock,Cars,FCEV,2019.0,Vehicles,8200.0
USA,Historical,EV sales,Cars,PHEV,2019.0,Vehicles,
USA,Historical,EV sales,Buses,BEV,2019.0,Vehicles,560.0
USA,Historical,EV stock,Buses,BEV,2019.0,Vehicles,2200.0
USA,Historical,EV stock,Buses,FCEV,2019.0,Vehicles,42.0
USA,Historical,EV stock,Buses,FCEV,2020.0,,64.0
USA,Historical,EV stock,Buses,BEV,2020.0,Vehicles,2700.0
USA,Historical,EV sales,Buses,BEV,2020.0,Vehicles,520.0
USA,Historical,EV sales,Cars,PHEV,2020.0,Vehicles,64000.0
USA,Historical,EV stock,Cars,FCEV,2020.0,Vehicles,9200.0
USA,Historical,EV sales,Cars,FCEV,2020.0,Vehicles,1200.0
USA,Historical,EV stock,Cars,PHEV,2020.0,Vehicles,640000.0
USA,Historical,EV sales,Cars,BEV,2020.0,Vehicles,230000.0
USA,Historical,EV stock,Cars,BEV,2020.0,Vehicles,1100000.0
USA,Historical,EV stock,Buses,PHEV,2020.0,Vehicles,550.0
USA,Historical,EV sales,Buses,FCEV,2020.0,Vehicles,22.0
USA,Historical,EV sales share,Buses,,2020.0,percent,
USA,Historical,EV stock share,Cars,,2020.0,percent,0.769999980926514
USA,Historical,EV stock share,Buses,EV,2020.0,percent,0.340000003576279
USA,Historical,EV sales share,Cars,EV,2020.0,percent,2.29999995231628
USA,Historical,EV sales share,Cars,,2021.0,percent,4.69999980926514
USA,Historical,EV stock share,Buses,EV,2021.0,percent,0.46000000834465
USA,Historical,EV stock share,Cars,EV,2021.0,percent,0.949999988079071
USA,Historical,EV sales share,Buses,EV,2021.0,percent,
USA,Historical,EV sales,Buses,FCEV,2021.0,Vehicles,15.0
USA,Historical,EV stock,Buses,PHEV,2021.0,Vehicles,550.0
USA,Historical,EV stock,Cars,BEV,2021.0,Vehicles,1500000.0
USA,Historical,EV sales,Cars,BEV,2021.0,Vehicles,470000.0
USA,Historical,EV stock,Cars,PHEV,2021.0,Vehicles,720000.0
USA,Historical,EV sales,Cars,FCEV,2021.0,Vehicles,3100.0
USA,Historical,EV stock,Cars,FCEV,2021.0,Vehicles,12000.0
USA,Historical,EV sales,Cars,PHEV,,Vehicles,
USA,Historical,EV sales,Buses,,,Vehicles,1100.0
USA,Historical,EV stock,Buses,BEV,2021.0,Vehicles,3800.0
USA,Historical,EV stock,Buses,,2021.0,Vehicles,79.0
USA,Historical,EV stock,Buses,FCEV,2022.0,Vehicles,220.0
USA,Historical,EV stock,Buses,BEV,2022.0,Vehicles,6100.0
USA,Historical,EV sales,Buses,BEV,2022.0,Vehicles,2400.0
USA,Historical,EV sales,Cars,PHEV,2022.0,Vehicles,190000.0
USA,Historical,EV stock,Cars,FCEV,2022.0,Vehicles,15000.0
USA,Historical,EV sales,Cars,FCEV,,,2700.0
USA,Historical,EV stock,Cars,PHEV,2022.0,Vehicles,910000.0
USA,Historical,EV sales,Cars,BEV,2022.0,Vehicles,800000.0
USA,Historical,EV stock,Cars,BEV,2022.0,Vehicles,2100000.0
USA,Historical,EV stock,Buses,PHEV,2022.0,Vehicles,550.0
USA,Historical,EV sales,Buses,FCEV,2022.0,Vehicles,
USA,Historical,EV sales share,Buses,,2022.0,percent,2.70000004768372
USA,Historical,EV stock share,Cars,,2022.0,percent,1.29999995231628
USA,Historical,EV stock share,Buses,EV,2022.0,percent,0.769999980926514
USA,Historical,EV sales share,Cars,EV,2022.0,percent,7.40000009536743
USA,Historical,EV sales share,Cars,,2023.0,percent,9.5
USA,Historical,EV stock share,Buses,EV,2023.0,percent,
USA,Historical,EV stock share,Cars,EV,2023.0,percent,2.09999990463257
USA,Historical,EV sales share,Buses,EV,2023.0,percent,0.769999980926514
USA,Historical,EV stock,Buses,PHEV,2023.0,Vehicles,550.0
USA,Historical,EV stock,Cars,BEV,2023.0,Vehicles,3500000.0
USA,Historical,EV sales,Cars,BEV,2023.0,Vehicles,1100000.0
USA,Historical,EV stock,Cars,PHEV,2023.0,Vehicles,1300000.0
USA,Historical,EV sales,Cars,FCEV,2023.0,Vehicles,3000.0
USA,Historical,EV stock,Cars,FCEV,2023.0,Vehicles,18000.0
USA,Historical,EV sales,Cars,,2023.0,Vehicles,290000.0
USA,Historical,EV sales,Buses,BEV,2023.0,Vehicles,750.0
USA,Historical,EV stock,Buses,BEV,2023.0,Vehicles,6900.0
USA,Historical,EV stock,Buses,FCEV,2023.0,Vehicles,
World,Historical,EV sales share,Cars,EV,2010.0,percent,0.010999999940395
World,Historical,EV stock share,Cars,EV,2010.0,percent,0.002300000051036
World,Historical,EV sales,Vans,BEV,2010.0,Vehicles,1700.0
World,Historical,EV stock,Vans,BEV,2010.0,Vehicles,7100.0
World,Historical,EV sales,Vans,FCEV,2010.0,Vehicles,2.0
World,Historical,EV stock,Vans,FCEV,2010.0,Vehicles,6.0
World,Historical,EV stock,Vans,PHEV,2010.0,Vehicles,210.0
World,Historical,EV stock,Cars,FCEV,2010.0,Vehicles,45.0
World,Historical,EV sales,Cars,FCEV,2010.0,Vehicles,29.0
World,Historical,EV sales,Cars,BEV,,Vehicles,7000.0
World,Historical,EV stock,Cars,BEV,2010.0,Vehicles,20000.0
World,Historical,EV sales share,Buses,EV,2010.0,percent,0.052000001072884
World,Historical,EV stock share,Buses,,2010.0,percent,0.0489999987185
World,Historical,EV sales,Cars,PHEV,2010.0,Vehicles,450.0
World,Historical,EV stock,Cars,PHEV,2010.0,Vehicles,
World,Historical,EV stock share,Vans,EV,2010.0,percent,0.006200000178069
World,Historical,EV sales share,Vans,EV,2010.0,percent,0.018999999389052
World,Historical,EV sales,Buses,BEV,2010.0,Vehicles,1100.0
World,Historical,EV stock,Buses,FCEV,2010.0,Vehicles,
World,Historical,EV stock,Buses,BEV,2010.0,Vehicles,8500.0
World,Historical,EV stock,Buses,BEV,2011.0,Vehicles,
World,Historical,EV sales,Buses,BEV,2011.0,Vehicles,680.0
World,Historical,EV sales share,Vans,EV,2011.0,percent,0.041000001132488
World,Historical,EV stock share,Vans,,2011.0,percent,0.008799999952316
World,Historical,EV stock,Cars,PHEV,2011.0,Vehicles,9500.0
World,Historical,EV sales,Cars,PHEV,2011.0,Vehicles,
World,Historical,EV stock share,Buses,EV,2011.0,percent,0.061999998986721
World,Historical,EV sales share,Buses,EV,2011.0,percent,0.048000000417233
World,Historical,EV stock,Cars,BEV,2011.0,Vehicles,58000.0
World,Historical,EV sales,Cars,BEV,2011.0,Vehicles,40000.0
World,Historical,EV sales,Cars,FCEV,2011.0,Vehicles,38.0
World,Historical,EV stock,Cars,,2011.0,Vehicles,83.0
World,Historical,EV stock,Vans,PHEV,2011.0,Vehicles,260.0
World,Historical,EV stock,Vans,FCEV,2011.0,Vehicles,6.0
World,Historical,EV stock,Vans,BEV,2011.0,Vehicles,10000.0
World,Historical,EV sales,Vans,BEV,2011.0,Vehicles,
World,Historical,EV stock,Buses,PHEV,,Vehicles,160.0
World,Historical,EV sales,Buses,PHEV,2011.0,Vehicles,160.0
World,Historical,EV stock share,Cars,EV,2011.0,percent,0.007499999832362
World,Historical,EV sales share,Cars,EV,2011.0,percent,0.068000003695488
World,Historical,EV sales share,Cars,EV,2012.0,percent,0.159999996423721
World,Historical,EV stock share,Cars,EV,2012.0,percent,0.019999999552965
World,Historical,EV sales,Buses,PHEV,2012.0,Vehicles,
World,Historical,EV stock,Buses,PHEV,,Vehicles,680.0
World,Historical,EV sales,Vans,BEV,2012.0,Vehicles,
World,Historical,EV stock,Vans,,2012.0,Vehicles,21000.0
World,Historical,EV stock,Vans,FCEV,2012.0,Vehicles,7.0
World,Historical,EV stock,Vans,PHEV,2012.0,Vehicles,310.0
World,Historical,EV sales,Vans,PHEV,2012.0,Vehicles,11.0
World,Historical,EV stock,Cars,FCEV,2012.0,Vehicles,110.0
World,Historical,EV sales,Cars,FCEV,2012.0,Vehicles,30.0
World,Historical,EV sales,Cars,BEV,2012.0,Vehicles,59000.0
World,Historical,EV stock,Cars,BEV,2012.0,Vehicles,120000.0
World,Historical,EV sales share,Buses,EV,2012.0,percent,0.109999999403954
World,Historical,EV stock share,Buses,EV,2012.0,percent,
World,Historical,EV sales,Cars,PHEV,2012.0,Vehicles,61000.0
World,Historical,EV stock,Cars,PHEV,2012.0,Vehicles,70000.0
World,Historical,EV stock share,Vans,EV,2012.0,percent,0.017000000923872
World,Historical,EV sales share,Vans,EV,2012.0,percent,0.119999997317791
World,Historical,EV sales,Buses,BEV,2012.0,Vehicles,1500.0
World,Historical,EV stock,Buses,BEV,2012.0,Vehicles,
World,Historical,EV stock,Buses,,2013.0,,13000.0
World,Historical,EV stock,Buses,FCEV,2013.0,Vehicles,12.0
World,Historical,EV sales,Buses,BEV,2013.0,Vehicles,2100.0
World,Historical,EV sales share,Vans,,2013.0,percent,0.129999995231628
World,Historical,EV stock,Cars,PHEV,2013.0,Vehicles,160000.0
World,Historical,EV sales,Cars,PHEV,2013.0,Vehicles,91000.0
World,Historical,EV stock share,Buses,EV,2013.0,percent,0.082000002264977
World,Historical,EV sales share,Buses,EV,2013.0,percent,0.209999993443489
World,Historical,EV stock,Cars,BEV,2013.0,Vehicles,230000.0
World,Historical,EV sales,Cars,BEV,2013.0,Vehicles,110000.0
World,Historical,EV sales,Cars,FCEV,2013.0,Vehicles,46.0
World,Historical,EV stock,Cars,FCEV,2013.0,Vehicles,140.0
World,Historical,EV sales,Vans,PHEV,2013.0,Vehicles,5.0
World,Historical,EV stock,Vans,PHEV,2013.0,Vehicles,
World,Historical,EV stock,Vans,FCEV,2013.0,Vehicles,56.0
World,Historical,EV sales,Vans,FCEV,2013.0,Vehicles,50.0
World,Historical,EV stock,Vans,BEV,2013.0,Vehicles,31000.0
World,Historical,EV sales,Vans,BEV,2013.0,Vehicles,
World,Historical,EV stock,Buses,PHEV,2013.0,Vehicles,2400.0
World,Historical,EV sales,Buses,PHEV,,Vehicles,
World,Historical,EV stock share,Cars,EV,2013.0,,
World,Historical,EV sales share,Cars,EV,2013.0,percent,0.270000010728836
World,Historical,EV stock share,Vans,EV,2013.0,percent,0.025000000372529
World,Historical,EV stock share,Vans,EV,2014.0,percent,0.032999999821186
World,Historical,EV sales share,Cars,EV,2014.0,percent,0.409999996423721
World,Historical,EV stock share,Cars,EV,2014.0,percent,0.071000002324581
World,Historical,EV sales,Buses,PHEV,2014.0,Vehicles,
World,Historical,EV stock,Buses,PHEV,2014.0,Vehicles,8500.0
World,Historical,EV sales,Vans,,2014.0,Vehicles,11000.0
World,Historical,EV stock,Vans,BEV,2014.0,Vehicles,43000.0
World,Historical,EV sales,Vans,FCEV,2014.0,Vehicles,85.0
World,Historical,EV stock,Vans,FCEV,2014.0,Vehicles,89.0
World,Historical,EV stock,Vans,PHEV,2014.0,Vehicles,460.0
World,Historical,EV sales,Vans,PHEV,2014.0,Vehicles,20.0
World,Historical,EV stock,Cars,FCEV,2014.0,Vehicles,210.0
World,Historical,EV sales,Cars,FCEV,2014.0,,94.0
World,Historical,EV sales,Cars,,2014.0,Vehicles,200000.0
World,Historical,EV stock,Cars,BEV,2014.0,Vehicles,410000.0
World,Historical,EV sales share,Buses,EV,2014.0,percent,0.509999990463257
World,Historical,EV stock share,Buses,EV,2014.0,percent,0.180000007152557
World,Historical,EV sales,Cars,PHEV,2014.0,Vehicles,
World,Historical,EV stock,Cars,PHEV,2014.0,Vehicles,300000.0
World,Historical,EV sales share,Vans,EV,2014.0,percent,
World,Historical,EV sales,Buses,BEV,2014.0,Vehicles,4300.0
World,Historical,EV stock,Buses,FCEV,2014.0,Vehicles,61.0
World,Historical,EV stock,Buses,BEV,2014.0,Vehicles,27000.0
World,Historical,EV sales,Buses,FCEV,2014.0,Vehicles,1.0
World,Historical,EV stock,Buses,BEV,2015.0,Vehicles,100000.0
World,Historical,EV stock,Buses,FCEV,2015.0,Vehicles,190.0
World,Historical,EV sales,Buses,BEV,2015.0,Vehicles,
World,Historical,EV sales share,Vans,EV,2015.0,percent,
World,Historical,EV stock,Cars,,2015.0,,520000.0
World,Historical,EV sales,Cars,PHEV,2015.0,Vehicles,220000.0
World,Historical,EV stock share,Buses,EV,2015.0,percent,0.629999995231628
World,Historical,EV sales share,Buses,EV,2015.0,percent,2.79999995231628
World,Historical,EV stock,Cars,BEV,2015.0,Vehicles,730000.0
World,Historical,EV sales,Cars,BEV,2015.0,Vehicles,330000.0
World,Historical,EV sales,Cars,FCEV,2015.0,Vehicles,710.0
World,Historical,EV stock,Cars,FCEV,2015.0,Vehicles,910.0
World,Historical,EV sales,Vans,PHEV,2015.0,Vehicles,780.0
World,Historical,EV stock,Vans,PHEV,2015.0,Vehicles,1500.0
World,Historical,EV stock,Vans,FCEV,2015.0,Vehicles,
World,Historical,EV sales,Vans,FCEV,2015.0,Vehicles,140.0
World,Historical,EV stock,Vans,,2015.0,,67000.0
World,Historical,EV sales,Vans,BEV,2015.0,Vehicles,27000.0
World,Historical,EV stock,Buses,PHEV,2015.0,Vehicles,22000.0
World,Historical,EV sales,Buses,PHEV,2015.0,Vehicles,14000.0
World,Historical,EV stock share,Cars,EV,2015.0,percent,0.119999997317791
World,Historical,EV sales share,Cars,EV,2015.0,percent,0.680000007152557
World,Historical,EV stock share,Vans,EV,2015.0,percent,
World,Historical,EV stock share,Vans,EV,2016.0,percent,0.089000001549721
World,Historical,EV sales share,Cars,EV,2016.0,percent,0.899999976158142
World,Historical,EV stock share,Cars,EV,2016.0,percent,0.189999997615814
World,Historical,EV sales,Buses,PHEV,2016.0,Vehicles,
World,Historical,EV stock,Buses,PHEV,2016.0,,30000.0
World,Historical,EV sales,Vans,BEV,2016.0,Vehicles,23000.0
World,Historical,EV stock,Vans,BEV,2016.0,Vehicles,120000.0
World,Historical,EV sales,Vans,FCEV,2016.0,Vehicles,99.0
World,Historical,EV stock,Vans,FCEV,2016.0,Vehicles,250.0
World,Historical,EV stock,Vans,PHEV,2016.0,Vehicles,2000.0
World,Historical,EV sales,Vans,PHEV,2016.0,Vehicles,170.0
World,Historical,EV sales,Cars,FCEV,2016.0,Vehicles,2400.0
World,Historical,EV sales,Cars,BEV,2016.0,Vehicles,470000.0
World,Historical,EV stock,Cars,BEV,2016.0,Vehicles,1200000.0
World,Historical,EV sales share,Buses,EV,2016.0,percent,4.0
World,Historical,EV stock share,Buses,EV,2016.0,percent,1.10000002384186
World,Historical,EV sales,Cars,PHEV,2016.0,Vehicles,290000.0
World,Historical,EV stock,Cars,PHEV,2016.0,Vehicles,
World,Historical,EV stock,Cars,FCEV,2016.0,Vehicles,
World,Historical,EV sales share,Vans,EV,2016.0,percent,0.239999994635582
World,Historical,EV sales,Buses,BEV,2016.0,Vehicles,
World,Historical,EV stock,Buses,FCEV,2016.0,Vehicles,360.0
World,Historical,EV stock,Buses,BEV,2016.0,Vehicles,190000.0
World,Historical,EV sales,Buses,FCEV,,Vehicles,52.0
World,Historical,EV sales,Buses,FCEV,2017.0,Vehicles,390.0
World,Historical,EV stock,Buses,,2017.0,Vehicles,280000.0
World,Historical,EV stock,Buses,FCEV,2017.0,Vehicles,850.0
World,Historical,EV sales,Buses,BEV,2017.0,Vehicles,89000.0
World,Historical,EV sales share,Vans,EV,2017.0,percent,0.870000004768372
World,Historical,EV stock,Cars,FCEV,2017.0,Vehicles,
World,Historical,EV stock,Cars,PHEV,2017.0,Vehicles,1200000.0
World,Historical,EV sales,Cars,PHEV,2017.0,Vehicles,420000.0
World,Historical,EV stock share,Buses,EV,2017.0,percent,1.5
World,Historical,EV sales share,Buses,EV,2017.0,percent,
World,Historical,EV stock,Cars,BEV,2017.0,Vehicles,1900000.0
World,Historical,EV sales,Cars,BEV,2017.0,Vehicles,760000.0
World,Historical,EV sales,Cars,FCEV,2017.0,Vehicles,3500.0
World,Historical,EV sales,Vans,PHEV,2017.0,Vehicles,140.0
World,Historical,EV stock,Vans,PHEV,2017.0,Vehicles,2700.0
World,Historical,EV stock,Vans,FCEV,2017.0,Vehicles,280.0
World,Historical,EV sales,Vans,FCEV,2017.0,Vehicles,26.0
World,Historical,EV stock,Vans,,2017.0,Vehicles,200000.0
World,Historical,EV sales,Vans,BEV,2017.0,Vehicles,
World,Historical,EV stock,Buses,PHEV,2017.0,Vehicles,31000.0
World,Historical,EV sales,Buses,PHEV,2017.0,Vehicles,290.0
World,Historical,EV stock share,Cars,EV,2017.0,percent,0.280000001192093
World,Historical,EV sales share,Cars,EV,2017.0,percent,1.39999997615814
World,Historical,EV stock share,Vans,EV,2017.0,percent,0.150000005960464
World,Historical,EV stock share,Vans,EV,2018.0,percent,0.230000004172325
World,Historical,EV sales share,Cars,EV,2018.0,percent,2.40000009536743
World,Historical,EV stock share,Cars,EV,2018.0,percent,0.439999997615814
World,Historical,EV sales,Buses,PHEV,2018.0,Vehicles,
World,Historical,EV stock,Buses,PHEV,2018.0,Vehicles,32000.0
World,Historical,EV sales,Vans,BEV,2018.0,Vehicles,80000.0
World,Historical,EV stock,Vans,,2018.0,Vehicles,310000.0
World,Historical,EV sales,Vans,FCEV,2018.0,Vehicles,96.0
World,Historical,EV stock,Vans,,2018.0,Vehicles,370.0
World,Historical,EV stock,Vans,PHEV,2018.0,Vehicles,3800.0
World,Historical,EV sales,Vans,PHEV,2018.0,Vehicles,190.0
World,Historical,EV sales,Cars,FCEV,2018.0,Vehicles,
World,Historical,EV sales,Cars,BEV,2018.0,Vehicles,
World,Historical,EV stock,Cars,BEV,2018.0,Vehicles,3300000.0
World,Historical,EV sales share,Buses,EV,2018.0,percent,5.0
World,Historical,EV stock share,Buses,EV,2018.0,percent,1.89999997615814
World,Historical,EV sales,Cars,PHEV,2018.0,Vehicles,660000.0
World,Historical,EV stock,Cars,PHEV,2018.0,Vehicles,1900000.0
World,Historical,EV stock,Cars,FCEV,2018.0,Vehicles,
World,Historical,EV sales share,Vans,EV,2018.0,percent,0.779999971389771
World,Historical,EV sales,Buses,BEV,2018.0,Vehicles,85000.0
World,Historical,EV stock,Buses,FCEV,2018.0,Vehicles,1800.0
World,Historical,EV stock,Buses,BEV,2018.0,Vehicles,370000.0
World,Historical,EV sales,Buses,FCEV,,Vehicles,910.0
World,Historical,EV sales,Buses,,2019.0,Vehicles,1100.0
World,Historical,EV stock,Buses,BEV,2019.0,Vehicles,440000.0
World,Historical,EV stock,Buses,FCEV,2019.0,Vehicles,2900.0
World,Historical,EV sales,Buses,BEV,2019.0,Vehicles,72000.0
World,Historical,EV sales share,Vans,EV,2019.0,percent,0.560000002384186
World,Historical,EV stock,Cars,FCEV,2019.0,Vehicles,19000.0
World,Historical,EV stock,Cars,PHEV,2019.0,Vehicles,2400000.0
World,Historical,EV sales,Cars,PHEV,2019.0,Vehicles,580000.0
World,Historical,EV stock share,Buses,EV,2019.0,percent,2.29999995231628
World,Historical,EV sales share,Buses,EV,2019.0,percent,4.40000009536743
World,Historical,EV stock,Cars,BEV,2019.0,Vehicles,4800000.0
World,Historical,EV sales,Cars,BEV,2019.0,Vehicles,1500000.0
World,Historical,EV sales,Cars,FCEV,2019.0,Vehicles,
World,Historical,EV sales,Vans,PHEV,2019.0,,280.0
World,Historical,EV stock,Vans,PHEV,2019.0,Vehicles,5800.0
World,Historical,EV stock,Vans,FCEV,2019.0,Vehicles,370.0
World,Historical,EV sales,Vans,FCEV,2019.0,Vehicles,15.0
World,Historical,EV stock,Vans,BEV,2019.0,Vehicles,390000.0
World,Historical,EV sales,Vans,,2019.0,Vehicles,59000.0
World,Historical,EV stock,Buses,PHEV,,Vehicles,34000.0
World,Historical,EV sales,Buses,PHEV,2019.0,Vehicles,1400.0
World,Historical,EV stock share,Cars,EV,2019.0,percent,0.600000023841858
World,Historical,EV sales share,Cars,,2019.0,percent,2.59999990463257
World,Historical,EV stock share,Vans,EV,2019.0,percent,0.270000010728836
World,Historical,EV stock share,Vans,EV,2020.0,percent,
World,Historical,EV sales share,Cars,EV,2020.0,percent,4.19999980926514
World,Historical,EV stock share,Cars,,2020.0,percent,0.839999973773956
World,Historical,EV sales,Buses,,2020.0,Vehicles,1900.0
World,Historical,EV stock,Buses,PHEV,2020.0,Vehicles,35000.0
World,Historical,EV sales,Vans,BEV,2020.0,Vehicles,84000.0
World,Historical,EV stock,Vans,BEV,2020.0,Vehicles,460000.0
World,Historical,EV sales,Vans,FCEV,2020.0,Vehicles,60.0
World,Historical,EV stock,Vans,FCEV,2020.0,Vehicles,400.0
World,Historical,EV stock,Vans,PHEV,2020.0,Vehicles,8000.0
World,Historical,EV sales,Vans,PHEV,2020.0,Vehicles,2500.0
World,Historical,EV sales,Cars,FCEV,2020.0,Vehicles,7400.0
World,Historical,EV sales,Cars,BEV,2020.0,Vehicles,2000000.0
World,Historical,EV stock,Cars,BEV,2020.0,Vehicles,6800000.0
World,Historical,EV sales share,Buses,EV,2020.0,percent,4.59999990463257
World,Historical,EV sales,Cars,PHEV,2020.0,Vehicles,980000.0
World,Historical,EV stock,Cars,,2020.0,Vehicles,3400000.0
World,Historical,EV stock,Cars,FCEV,2020.0,Vehicles,26000.0
World,Historical,EV sales share,Vans,EV,2020.0,percent,0.920000016689301
World,Historical,EV stock share,Buses,EV,2020.0,percent,2.70000004768372
World,Historical,EV sales,Buses,,2020.0,Vehicles,62000.0
World,Historical,EV stock,Buses,FCEV,2020.0,Vehicles,4000.0
World,Historical,EV stock,Buses,BEV,2020.0,Vehicles,500000.0
World,Historical,EV sales,Buses,FCEV,2020.0,Vehicles,
World,Historical,EV sales,Buses,FCEV,2021.0,Vehicles,1100.0
World,Historical,EV stock,Buses,BEV,2021.0,Vehicles,550000.0
World,Historical,EV stock,Buses,FCEV,2021.0,Vehicles,5000.0
World,Historical,EV sales,Buses,BEV,2021.0,Vehicles,50000.0
World,Historical,EV stock share,Buses,EV,2021.0,percent,2.90000009536743
World,Historical,EV sales share,Vans,EV,2021.0,percent,1.70000004768372
World,Historical,EV stock,Cars,FCEV,2021.0,,42000.0
World,Historical,EV stock,Cars,PHEV,2021.0,Vehicles,5300000.0
World,Historical,EV sales,Cars,PHEV,2021.0,Vehicles,1900000.0
World,Historical,EV sales share,Buses,EV,2021.0,percent,3.5
World,Historical,EV stock,Cars,BEV,2021.0,Vehicles,11000000.0
World,Historical,EV sales,Cars,BEV,2021.0,,
World,Historical,EV sales,Cars,FCEV,2021.0,Vehicles,16000.0
World,Historical,EV sales,Vans,PHEV,2021.0,Vehicles,6300.0
World,Historical,EV stock,Vans,PHEV,2021.0,Vehicles,7800.0
World,Historical,EV stock,Vans,FCEV,2021.0,Vehicles,
World,Historical,EV sales,Vans,FCEV,2021.0,Vehicles,84.0
World,Historical,EV stock,Vans,BEV,2021.0,Vehicles,610000.0
World,Historical,EV sales,Vans,BEV,2021.0,Vehicles,170000.0
World,Historical,EV stock,Buses,PHEV,,Vehicles,37000.0
World,Historical,EV sales,Buses,PHEV,2021.0,Vehicles,1000.0
World,Historical,EV stock share,Cars,EV,2021.0,percent,1.29999995231628
World,Historical,EV sales share,Cars,EV,2021.0,percent,8.89999961853027
World,Historical,EV stock share,Vans,EV,2021.0,,0.419999986886978
World,Historical,EV stock share,Vans,EV,2022.0,percent,0.600000023841858
World,Historical,EV sales share,Cars,EV,2022.0,percent,14.0
World,Historical,EV stock share,Cars,EV,2022.0,percent,2.09999990463257
World,Historical,EV sales,Buses,PHEV,2022.0,Vehicles,1200.0
World,Historical,EV stock,Buses,PHEV,2022.0,Vehicles,38000.0
World,Historical,EV sales,Vans,BEV,2022.0,Vehicles,310000.0
World,Historical,EV stock,Vans,BEV,2022.0,Vehicles,890000.0
World,Historical,EV sales,Vans,FCEV,2022.0,Vehicles,810.0
World,Historical,EV stock,Vans,FCEV,2022.0,Vehicles,1300.0
World,Historical,EV stock,Vans,PHEV,2022.0,Vehicles,11000.0
World,Historical,EV sales,Vans,PHEV,2022.0,Vehicles,7900.0
World,Historical,EV sales,Cars,FCEV,2022.0,Vehicles,15000.0
World,Historical,EV sales,Cars,,2022.0,Vehicles,
World,Historical,EV stock,Cars,BEV,2022.0,Vehicles,18000000.0
World,Historical,EV sales share,Buses,EV,,percent,3.79999995231628
World,Historical,EV sales,Cars,PHEV,2022.0,Vehicles,2900000.0
World,Historical,EV stock,Cars,PHEV,2022.0,Vehicles,8000000.0
World,Historical,EV stock,Cars,FCEV,2022.0,Vehicles,57000.0
World,Historical,EV sales share,Vans,EV,2022.0,percent,
World,Historical,EV stock share,Buses,EV,2022.0,percent,3.29999995231628
World,Historical,EV sales,Buses,BEV,2022.0,Vehicles,58000.0
World,Historical,EV stock,Buses,FCEV,2022.0,,6600.0
World,Historical,EV stock,Buses,BEV,2022.0,Vehicles,610000.0
World,Historical,EV sales,Buses,FCEV,2022.0,Vehicles,
World,Historical,EV sales,Buses,FCEV,2023.0,Vehicles,1800.0
World,Historical,EV stock,Buses,BEV,2023.0,Vehicles,650000.0
World,Historical,EV stock,Buses,FCEV,2023.0,Vehicles,8700.0
World,Historical,EV sales,Buses,BEV,2023.0,Vehicles,
World,Historical,EV stock share,Buses,EV,2023.0,percent,3.59999990463257
World,Historical,EV sales share,Vans,EV,2023.0,percent,
World,Historical,EV stock,Cars,FCEV,2023.0,Vehicles,66000.0
World,Historical,EV stock,Cars,,2023.0,Vehicles,12000000.0
World,Historical,EV sales,Cars,PHEV,2023.0,Vehicles,4300000.0
World,Historical,EV sales share,Buses,EV,2023.0,percent,3.09999990463257
World,Historical,EV stock,Cars,BEV,2023.0,Vehicles,28000000.0
World,Historical,EV sales,Cars,BEV,2023.0,Vehicles,9500000.0
World,Historical,EV sales,Cars,FCEV,2023.0,Vehicles,8900.0
World,Historical,EV sales,Vans,,2023.0,Vehicles,6600.0
World,Historical,EV stock,Vans,PHEV,2023.0,Vehicles,15000.0
World,Historical,EV stock,Vans,FCEV,2023.0,Vehicles,
World,Historical,EV sales,Vans,FCEV,2023.0,Vehicles,2000.0
World,Historical,EV stock,Vans,BEV,2023.0,Vehicles,1300000.0
World,Historical,EV sales,Vans,BEV,2023.0,Vehicles,460000.0
World,Historical,EV stock,Buses,PHEV,2023.0,Vehicles,
World,Historical,EV sales,Buses,PHEV,,Vehicles,1400.0
World,Historical,EV stock share,Cars,EV,2023.0,,3.20000004768372
World,Historical,EV sales share,Cars,EV,2023.0,percent,18.0
World,Historical,EV stock share,Vans,EV,2023.0,percent,0.850000023841858
